method,kind,seed,checkpoint_epoch,snapshots,scenarios,snapshot_dt_s,lead_s,split,persistence,threshold,alpha,hysteresis,n_events,n_detected,event_cdr,n_timely_possible,n_timely,timely_cdr,lead_mean_s,lead_median_s,lead_p10_s,lead_frac,n_alert_episodes,n_true_episodes,n_false_episodes,episode_precision,false_episodes_per_uav_hour,false_episode_dur_mean_s,false_episode_dur_median_s,uav_hours,events_per_uav_hour
CPA-Rule,rule,42,,600,10,1,10,test,1,0.5,1,0,3530,2610,0.739377,3389,1503,0.443494,14.4432,12.7,1.6,0.561704,22736,4701,18035,0.206765,216.42,2.40932,1,83.3333,42.36
CPA-Rule,rule,42,,600,10,1,10,val,1,0.5,1,0,2966,2217,0.747471,2785,1218,0.437343,13.8165,11.5,1.5,0.566754,18449,3950,14499,0.214104,173.988,2.40886,1,83.3333,35.592
GAT-S,learned,42,28,600,10,1,10,test,1,0.136263,1,0,3530,3520,0.997167,3389,3377,0.996459,27.3938,29.4,21.59,0.989567,111736,3851,107885,0.0344652,1294.62,8.1017,2,83.3333,42.36
GAT-S,learned,42,28,600,10,1,10,test,1,0.242672,1,0,3530,3493,0.989518,3389,3339,0.985246,26.8638,29.3,19,0.971515,67292,4407,62885,0.0654907,754.62,7.63234,3,83.3333,42.36
GAT-S,learned,42,28,600,10,1,10,test,1,0.30597,1,0,3530,3470,0.983003,3389,3300,0.973739,26.2851,29.2,16.9,0.95187,54127,4895,49232,0.0904355,590.784,7.13749,3,83.3333,42.36
GAT-S,learned,42,28,600,10,1,10,test,1,0.346742,1,0,3530,3433,0.972521,3389,3234,0.954264,25.6201,29.1,14.9,0.929443,47456,5307,42149,0.11183,505.788,6.62163,3,83.3333,42.36
GAT-S,learned,42,28,600,10,1,10,test,1,0.373999,1,0,3530,3393,0.96119,3389,3161,0.932724,24.9851,28.5,13.32,0.908183,43411,5541,37870,0.12764,454.44,6.10304,3,83.3333,42.36
GAT-S,learned,42,28,600,10,1,10,test,1,0.395354,1,0,3530,3346,0.947875,3389,3083,0.909708,24.3463,27.4,11.9,0.886971,40006,5715,34291,0.142854,411.492,5.6448,3,83.3333,42.36
GAT-S,learned,42,28,600,10,1,10,test,1,0.412716,1,0,3530,3301,0.935127,3389,2998,0.884627,23.6399,26.4,10.6,0.863384,37147,5791,31356,0.155894,376.272,5.21514,3,83.3333,42.36
GAT-S,learned,42,28,600,10,1,10,test,1,0.42844,1,0,3530,3244,0.91898,3389,2907,0.857775,22.8767,25.3,9.63,0.837983,34415,5851,28564,0.170013,342.768,4.7877,2,83.3333,42.36
GAT-S,learned,42,28,600,10,1,10,test,1,0.443521,1,0,3530,3187,0.902833,3389,2800,0.826202,22.0066,24.2,8.2,0.808821,31371,5875,25496,0.187275,305.952,4.40995,2,83.3333,42.36
GAT-S,learned,42,28,600,10,1,10,test,1,0.457588,1,0,3530,3123,0.884703,3389,2671,0.788138,21.0763,23.3,6.4,0.777635,28430,5852,22578,0.205839,270.936,4.05448,2,83.3333,42.36
GAT-S,learned,42,28,600,10,1,10,test,1,0.471888,1,0,3530,3052,0.864589,3389,2518,0.742992,20.0028,22.5,4.8,0.741813,25232,5698,19534,0.225824,234.408,3.72786,2,83.3333,42.36
GAT-S,learned,42,28,600,10,1,10,test,1,0.486827,1,0,3530,2959,0.838244,3389,2333,0.688404,18.7971,21.5,3.8,0.702303,22322,5580,16742,0.249978,200.904,3.36214,2,83.3333,42.36
GAT-S,learned,42,28,600,10,1,10,test,1,0.497492,1,0,3530,2887,0.817847,3389,2169,0.640012,17.7411,20.4,3.06,0.667515,20159,5374,14785,0.266581,177.42,3.13378,2,83.3333,42.36
GAT-S,learned,42,28,600,10,1,10,test,1,0.503125,1,0,3530,2847,0.806516,3389,2065,0.609324,17.1622,19.7,2.7,0.64816,19158,5295,13863,0.276386,166.356,3.02034,2,83.3333,42.36
GAT-S,learned,42,28,600,10,1,10,test,1,0.522252,1,0,3530,2710,0.767705,3389,1769,0.521983,15.3939,14.8,2,0.590224,15741,4930,10811,0.313195,129.732,2.70706,1,83.3333,42.36
GAT-S,learned,42,28,600,10,1,10,test,1,0.545956,1,0,3530,2534,0.717847,3389,1445,0.426379,13.6767,11.6,1.53,0.533704,12698,4611,8087,0.363128,97.044,2.38976,1,83.3333,42.36
GAT-S,learned,42,28,600,10,1,10,test,1,0.575225,1,0,3530,2360,0.668555,3389,1178,0.347595,12.1255,9.9,1.1,0.483573,10270,4499,5771,0.438072,69.252,2.1362,1,83.3333,42.36
GAT-S,learned,42,28,600,10,1,10,test,1,0.604904,1,0,3530,2223,0.629745,3389,1008,0.297433,10.9818,8.6,0.82,0.444302,8420,4354,4066,0.517102,48.792,1.90187,1,83.3333,42.36
GAT-S,learned,42,28,600,10,1,10,test,1,0.634428,1,0,3530,2040,0.577904,3389,796,0.234878,9.6251,6.7,0.6,0.398121,6598,3977,2621,0.602758,31.452,1.71881,1,83.3333,42.36
GAT-S,learned,42,28,600,10,1,10,test,1,0.664606,1,0,3530,1769,0.501133,3389,538,0.158749,7.92442,4.6,0.3,0.338996,4803,3285,1518,0.683948,18.216,1.57115,1,83.3333,42.36
GAT-S,learned,42,28,600,10,1,10,test,1,0.699535,1,0,3530,1317,0.373088,3389,285,0.0840956,6.05945,3.1,0.2,0.27262,2919,2245,674,0.769099,8.088,1.41543,1,83.3333,42.36
GAT-S,learned,42,28,600,10,1,10,test,1,0.752923,1,0,3530,516,0.146176,3389,46,0.0135733,3.68953,1.9,0,0.201419,820,723,97,0.881707,1.164,1.27835,1,83.3333,42.36
GAT-S,learned,42,28,600,10,1,10,val,1,0.136263,1,0,2966,2962,0.998651,2785,2779,0.997846,26.6835,29.4,17.32,0.987111,100086,3241,96845,0.0323822,1162.14,7.74031,2,83.3333,35.592
GAT-S,learned,42,28,600,10,1,10,val,1,0.242672,1,0,2966,2942,0.991908,2785,2741,0.984201,26.0326,29.3,14.4,0.965097,59191,3686,55505,0.062273,666.06,7.27277,3,83.3333,35.592
GAT-S,learned,42,28,600,10,1,10,val,1,0.30597,1,0,2966,2918,0.983817,2785,2683,0.963375,25.3199,29.2,11.87,0.940404,46993,4045,42948,0.0860766,515.376,6.82309,3,83.3333,35.592
GAT-S,learned,42,28,600,10,1,10,val,1,0.346742,1,0,2966,2894,0.975725,2785,2636,0.946499,24.7345,29,10.9,0.920718,40955,4431,36524,0.108192,438.288,6.2969,3,83.3333,35.592
GAT-S,learned,42,28,600,10,1,10,val,1,0.373999,1,0,2966,2860,0.964262,2785,2580,0.926391,24.0971,27.8,10.1,0.899072,37057,4653,32404,0.125563,388.848,5.81431,3,83.3333,35.592
GAT-S,learned,42,28,600,10,1,10,val,1,0.395354,1,0,2966,2826,0.952798,2785,2523,0.905925,23.4806,26.5,9.35,0.878433,33904,4849,29055,0.143021,348.66,5.3694,2,83.3333,35.592
GAT-S,learned,42,28,600,10,1,10,val,1,0.412716,1,0,2966,2775,0.935604,2785,2441,0.876481,22.7047,25.4,8.4,0.852928,30858,4889,25969,0.158435,311.628,5.02488,2,83.3333,35.592
GAT-S,learned,42,28,600,10,1,10,val,1,0.42844,1,0,2966,2743,0.924815,2785,2367,0.84991,21.956,24.5,7.1,0.827898,28350,4962,23388,0.175026,280.656,4.64837,2,83.3333,35.592
GAT-S,learned,42,28,600,10,1,10,val,1,0.443521,1,0,2966,2703,0.911328,2785,2291,0.822621,21.1649,23.7,6.2,0.801953,25796,4992,20804,0.193518,249.648,4.28519,2,83.3333,35.592
GAT-S,learned,42,28,600,10,1,10,val,1,0.457588,1,0,2966,2626,0.885367,2785,2174,0.78061,20.2607,22.9,5.5,0.773229,23191,4856,18335,0.209392,220.02,3.97502,2,83.3333,35.592
GAT-S,learned,42,28,600,10,1,10,val,1,0.471888,1,0,2966,2565,0.864801,2785,2054,0.737522,19.1549,21.8,4.2,0.736966,20800,4752,16048,0.228462,192.576,3.62431,2,83.3333,35.592
GAT-S,learned,42,28,600,10,1,10,val,1,0.486827,1,0,2966,2481,0.83648,2785,1897,0.681149,17.9649,20.8,3.4,0.698121,18352,4588,13764,0.25,165.168,3.28865,2,83.3333,35.592
GAT-S,learned,42,28,600,10,1,10,val,1,0.497492,1,0,2966,2413,0.813554,2785,1752,0.629084,16.9843,19.6,2.8,0.666084,16420,4395,12025,0.267661,144.3,3.11293,2,83.3333,35.592
GAT-S,learned,42,28,600,10,1,10,val,1,0.503125,1,0,2966,2376,0.801079,2785,1663,0.597127,16.4042,18.35,2.4,0.647368,15553,4312,11241,0.277246,134.892,3.01601,2,83.3333,35.592
GAT-S,learned,42,28,600,10,1,10,val,1,0.522252,1,0,2966,2269,0.765003,2785,1425,0.51167,14.8041,13.5,1.9,0.595665,12947,4081,8866,0.315208,106.392,2.75412,1,83.3333,35.592
GAT-S,learned,42,28,600,10,1,10,val,1,0.545956,1,0,2966,2142,0.722185,2785,1164,0.417953,13.0917,10.9,1.31,0.541274,10501,3832,6669,0.364918,80.028,2.50772,1,83.3333,35.592
GAT-S,learned,42,28,600,10,1,10,val,1,0.575225,1,0,2966,2015,0.679366,2785,970,0.348294,11.7565,9.4,1,0.498553,8647,3725,4922,0.430785,59.064,2.23446,1,83.3333,35.592
GAT-S,learned,42,28,600,10,1,10,val,1,0.604904,1,0,2966,1897,0.639582,2785,819,0.294075,10.6152,7.7,0.7,0.458729,7237,3677,3560,0.508083,42.72,1.99017,1,83.3333,35.592
GAT-S,learned,42,28,600,10,1,10,val,1,0.634428,1,0,2966,1739,0.586312,2785,646,0.231957,9.38608,6.3,0.6,0.416747,5817,3430,2387,0.589651,28.644,1.78467,1,83.3333,35.592
GAT-S,learned,42,28,600,10,1,10,val,1,0.664606,1,0,2966,1529,0.515509,2785,465,0.166966,8.0312,4.8,0.4,0.369304,4308,2891,1417,0.671077,17.004,1.61891,1,83.3333,35.592
GAT-S,learned,42,28,600,10,1,10,val,1,0.699535,1,0,2966,1208,0.407283,2785,246,0.0883303,6.16672,3.4,0.3,0.300897,2715,2071,644,0.762799,7.728,1.44099,1,83.3333,35.592
GAT-S,learned,42,28,600,10,1,10,val,1,0.752923,1,0,2966,528,0.178018,2785,47,0.0168761,3.74924,1.8,0,0.218136,908,804,104,0.885463,1.248,1.33654,1,83.3333,35.592
GAT-S,learned,42,28,600,10,1,10,test,1,0.136263,1,0.15,3530,3526,0.998867,3389,3383,0.99823,27.4668,29.4,21.7,0.991937,49620,3502,46118,0.0705764,553.416,35.7179,37,83.3333,42.36
GAT-S,learned,42,28,600,10,1,10,test,1,0.242672,1,0.15,3530,3499,0.991218,3389,3346,0.987312,26.9527,29.4,19.2,0.974418,38682,3569,35113,0.0922651,421.356,18.942,16,83.3333,42.36
GAT-S,learned,42,28,600,10,1,10,test,1,0.30597,1,0.15,3530,3479,0.985552,3389,3309,0.976394,26.4038,29.3,17.26,0.955723,32481,3682,28799,0.113359,345.588,16.1947,13,83.3333,42.36
GAT-S,learned,42,28,600,10,1,10,test,1,0.346742,1,0.15,3530,3443,0.975354,3389,3245,0.95751,25.7769,29.2,15.02,0.934566,28767,3731,25036,0.129697,300.432,14.8371,12,83.3333,42.36
GAT-S,learned,42,28,600,10,1,10,test,1,0.373999,1,0.15,3530,3401,0.963456,3389,3171,0.935674,25.1445,29.1,13.4,0.913421,26023,3731,22292,0.143373,267.504,14.1207,11,83.3333,42.36
GAT-S,learned,42,28,600,10,1,10,test,1,0.395354,1,0.15,3530,3361,0.952125,3389,3098,0.914134,24.5318,28.2,12,0.892963,23795,3746,20049,0.157428,240.588,13.5437,11,83.3333,42.36
GAT-S,learned,42,28,600,10,1,10,test,1,0.412716,1,0.15,3530,3320,0.94051,3389,3017,0.890233,23.8431,26.8,10.69,0.869898,21950,3701,18249,0.16861,218.988,13.056,10,83.3333,42.36
GAT-S,learned,42,28,600,10,1,10,test,1,0.42844,1,0.15,3530,3267,0.925496,3389,2931,0.864857,23.1265,25.6,9.7,0.845978,20270,3666,16604,0.180858,199.248,12.5575,10,83.3333,42.36
GAT-S,learned,42,28,600,10,1,10,test,1,0.443521,1,0.15,3530,3209,0.909065,3389,2825,0.833579,22.2523,24.4,8.4,0.816707,18537,3614,14923,0.194961,179.076,12.0157,9,83.3333,42.36
GAT-S,learned,42,28,600,10,1,10,test,1,0.457588,1,0.15,3530,3143,0.890368,3389,2699,0.7964,21.3502,23.5,6.52,0.786496,16928,3547,13381,0.209534,160.572,11.5051,8,83.3333,42.36
GAT-S,learned,42,28,600,10,1,10,test,1,0.471888,1,0.15,3530,3067,0.868839,3389,2536,0.748303,20.2216,22.6,4.8,0.748892,15215,3469,11746,0.227999,140.952,10.9036,8,83.3333,42.36
GAT-S,learned,42,28,600,10,1,10,test,1,0.486827,1,0.15,3530,2973,0.84221,3389,2349,0.693125,19.008,21.6,3.8,0.709126,13517,3363,10154,0.248798,121.848,10.2789,7,83.3333,42.36
GAT-S,learned,42,28,600,10,1,10,test,1,0.497492,1,0.15,3530,2906,0.823229,3389,2193,0.647094,17.977,20.6,3.1,0.675069,12338,3281,9057,0.265926,108.684,9.88252,7,83.3333,42.36
GAT-S,learned,42,28,600,10,1,10,test,1,0.503125,1,0.15,3530,2869,0.812748,3389,2092,0.617291,17.4148,20,2.8,0.656203,11757,3224,8533,0.27422,102.396,9.61842,6,83.3333,42.36
GAT-S,learned,42,28,600,10,1,10,test,1,0.522252,1,0.15,3530,2725,0.771955,3389,1794,0.52936,15.6506,15.3,2.1,0.598543,9909,3043,6866,0.307095,82.392,8.70609,6,83.3333,42.36
GAT-S,learned,42,28,600,10,1,10,test,1,0.545956,1,0.15,3530,2548,0.721813,3389,1468,0.433166,13.9072,11.9,1.6,0.541127,8102,2830,5272,0.349296,63.264,7.74905,5,83.3333,42.36
GAT-S,learned,42,28,600,10,1,10,test,1,0.575225,1,0.15,3530,2377,0.673371,3389,1202,0.354677,12.3745,10.1,1.1,0.49148,6590,2651,3939,0.402276,47.268,6.77253,4,83.3333,42.36
GAT-S,learned,42,28,600,10,1,10,test,1,0.604904,1,0.15,3530,2237,0.633711,3389,1025,0.302449,11.1537,8.9,0.9,0.449661,5400,2495,2905,0.462037,34.86,5.79277,3,83.3333,42.36
GAT-S,learned,42,28,600,10,1,10,test,1,0.634428,1,0.15,3530,2046,0.579603,3389,802,0.236648,9.71134,6.75,0.6,0.4008,4251,2297,1954,0.540343,23.448,5.07318,3,83.3333,42.36
GAT-S,learned,42,28,600,10,1,10,test,1,0.664606,1,0.15,3530,1774,0.50255,3389,543,0.160224,8.00372,4.6,0.3,0.341455,3149,1963,1186,0.623372,14.232,4.32209,3,83.3333,42.36
GAT-S,learned,42,28,600,10,1,10,test,1,0.699535,1,0.15,3530,1319,0.373654,3389,287,0.0846857,6.0953,3.1,0.2,0.273723,1995,1430,565,0.716792,6.78,3.84602,3,83.3333,42.36
GAT-S,learned,42,28,600,10,1,10,test,1,0.752923,1,0.15,3530,516,0.146176,3389,46,0.0135733,3.72636,1.9,0,0.202672,620,537,83,0.866129,0.996,3.19277,2,83.3333,42.36
GAT-S,learned,42,28,600,10,1,10,val,1,0.136263,1,0.15,2966,2963,0.998989,2785,2780,0.998205,26.7494,29.4,17.7,0.989326,43881,2947,40934,0.0671589,491.208,35.7964,38,83.3333,35.592
GAT-S,learned,42,28,600,10,1,10,val,1,0.242672,1,0.15,2966,2944,0.992583,2785,2743,0.984919,26.1397,29.3,14.63,0.968673,34082,3007,31075,0.0882284,372.9,18.2892,15,83.3333,35.592
GAT-S,learned,42,28,600,10,1,10,val,1,0.30597,1,0.15,2966,2924,0.98584,2785,2689,0.96553,25.4253,29.2,11.9,0.94381,28332,3073,25259,0.108464,303.108,15.5047,12,83.3333,35.592
GAT-S,learned,42,28,600,10,1,10,val,1,0.346742,1,0.15,2966,2898,0.977073,2785,2641,0.948294,24.8522,29.1,10.9,0.924597,24748,3109,21639,0.125626,259.668,14.2564,11,83.3333,35.592
GAT-S,learned,42,28,600,10,1,10,val,1,0.373999,1,0.15,2966,2869,0.967296,2785,2589,0.929623,24.2204,28.3,10.1,0.902988,22273,3126,19147,0.140349,229.764,13.5452,10,83.3333,35.592
GAT-S,learned,42,28,600,10,1,10,val,1,0.395354,1,0.15,2966,2832,0.954821,2785,2530,0.908438,23.6251,27,9.4,0.883146,20280,3110,17170,0.153353,206.04,12.9586,10,83.3333,35.592
GAT-S,learned,42,28,600,10,1,10,val,1,0.412716,1,0.15,2966,2784,0.938638,2785,2453,0.88079,22.881,25.6,8.6,0.858627,18531,3097,15434,0.167125,185.208,12.5001,9,83.3333,35.592
GAT-S,learned,42,28,600,10,1,10,val,1,0.42844,1,0.15,2966,2752,0.927849,2785,2378,0.85386,22.1328,24.8,7.1,0.833601,16997,3071,13926,0.180679,167.112,11.9838,9,83.3333,35.592
GAT-S,learned,42,28,600,10,1,10,val,1,0.443521,1,0.15,2966,2711,0.914026,2785,2302,0.826571,21.3281,23.8,6.3,0.807219,15448,3025,12423,0.195818,149.076,11.5121,8,83.3333,35.592
GAT-S,learned,42,28,600,10,1,10,val,1,0.457588,1,0.15,2966,2636,0.888739,2785,2188,0.785637,20.448,23,5.5,0.779236,13972,2972,11000,0.212711,132,11.087,8,83.3333,35.592
GAT-S,learned,42,28,600,10,1,10,val,1,0.471888,1,0.15,2966,2577,0.868847,2785,2069,0.742908,19.3734,22,4.3,0.743964,12548,2908,9640,0.23175,115.68,10.5376,7,83.3333,35.592
GAT-S,learned,42,28,600,10,1,10,val,1,0.486827,1,0.15,2966,2488,0.83884,2785,1908,0.685099,18.1634,21,3.47,0.704604,11139,2807,8332,0.251997,99.984,9.94431,7,83.3333,35.592
GAT-S,learned,42,28,600,10,1,10,val,1,0.497492,1,0.15,2966,2420,0.815914,2785,1765,0.633752,17.1816,19.8,2.8,0.672521,10102,2718,7384,0.269056,88.608,9.55214,6,83.3333,35.592
GAT-S,learned,42,28,600,10,1,10,val,1,0.503125,1,0.15,2966,2384,0.803776,2785,1676,0.601795,16.606,18.7,2.5,0.653907,9620,2668,6952,0.277339,83.424,9.29517,6,83.3333,35.592
GAT-S,learned,42,28,600,10,1,10,val,1,0.522252,1,0.15,2966,2277,0.767701,2785,1436,0.515619,14.9625,13.7,1.9,0.600695,8153,2541,5612,0.311664,67.344,8.53528,5,83.3333,35.592
GAT-S,learned,42,28,600,10,1,10,val,1,0.545956,1,0.15,2966,2148,0.724208,2785,1174,0.421544,13.2635,11,1.4,0.546819,6795,2379,4416,0.35011,52.992,7.58786,4,83.3333,35.592
GAT-S,learned,42,28,600,10,1,10,val,1,0.575225,1,0.15,2966,2021,0.681389,2785,980,0.351885,11.9233,9.6,1,0.503901,5569,2254,3315,0.404741,39.78,6.75656,4,83.3333,35.592
GAT-S,learned,42,28,600,10,1,10,val,1,0.604904,1,0.15,2966,1903,0.641605,2785,828,0.297307,10.7663,7.9,0.7,0.463545,4593,2138,2455,0.465491,29.46,6.00611,4,83.3333,35.592
GAT-S,learned,42,28,600,10,1,10,val,1,0.634428,1,0.15,2966,1741,0.586986,2785,649,0.233034,9.46335,6.4,0.6,0.419248,3676,1962,1714,0.533732,20.568,5.24037,3,83.3333,35.592
GAT-S,learned,42,28,600,10,1,10,val,1,0.664606,1,0.15,2966,1531,0.516183,2785,467,0.167684,8.05963,4.8,0.4,0.370151,2758,1700,1058,0.616389,12.696,4.7155,3,83.3333,35.592
GAT-S,learned,42,28,600,10,1,10,val,1,0.699535,1,0.15,2966,1208,0.407283,2785,246,0.0883303,6.16755,3.4,0.3,0.300925,1806,1302,504,0.72093,6.048,4.0377,3,83.3333,35.592
GAT-S,learned,42,28,600,10,1,10,val,1,0.752923,1,0.15,2966,528,0.178018,2785,47,0.0168761,3.74924,1.8,0,0.218136,637,549,88,0.861852,1.056,3.38636,3,83.3333,35.592
GAT-S,learned,42,28,600,10,1,10,test,1,0.136263,0.5,0,3530,3515,0.995751,3389,3372,0.994984,27.3664,29.4,21.14,0.988711,67612,3612,64000,0.0534225,768,13.4748,7,83.3333,42.36
GAT-S,learned,42,28,600,10,1,10,test,1,0.242672,0.5,0,3530,3484,0.986969,3389,3325,0.981115,26.6793,29.3,18.2,0.965345,42608,3858,38750,0.0905464,465,12.0147,7,83.3333,42.36
GAT-S,learned,42,28,600,10,1,10,test,1,0.30597,0.5,0,3530,3445,0.975921,3389,3260,0.961936,25.8898,29.2,15.7,0.938751,34637,4121,30516,0.118977,366.192,10.9477,7,83.3333,42.36
GAT-S,learned,42,28,600,10,1,10,test,1,0.346742,0.5,0,3530,3392,0.960907,3389,3158,0.931838,24.992,28.5,13.21,0.908561,30401,4309,26092,0.141739,313.104,9.9967,6,83.3333,42.36
GAT-S,learned,42,28,600,10,1,10,test,1,0.373999,0.5,0,3530,3333,0.944193,3389,3048,0.89938,24.1704,27.3,11.3,0.881176,27609,4437,23172,0.160708,278.064,9.21047,6,83.3333,42.36
GAT-S,learned,42,28,600,10,1,10,test,1,0.395354,0.5,0,3530,3271,0.926629,3389,2953,0.871348,23.3466,26,10.2,0.853791,25454,4500,20954,0.17679,251.448,8.44445,5,83.3333,42.36
GAT-S,learned,42,28,600,10,1,10,test,1,0.412716,0.5,0,3530,3210,0.909348,3389,2847,0.840071,22.5188,24.7,8.9,0.826345,23529,4531,18998,0.192571,227.976,7.78824,5,83.3333,42.36
GAT-S,learned,42,28,600,10,1,10,test,1,0.42844,0.5,0,3530,3143,0.890368,3389,2722,0.803187,21.6015,23.7,7.1,0.795389,21523,4526,16997,0.210287,203.964,7.19692,4,83.3333,42.36
GAT-S,learned,42,28,600,10,1,10,test,1,0.443521,0.5,0,3530,3074,0.870822,3389,2586,0.763057,20.5982,22.9,5.4,0.762164,19373,4492,14881,0.231869,178.572,6.66367,4,83.3333,42.36
GAT-S,learned,42,28,600,10,1,10,test,1,0.457588,0.5,0,3530,3002,0.850425,3389,2432,0.717616,19.4996,22,4.2,0.725526,17256,4405,12851,0.255274,154.212,6.18621,4,83.3333,42.36
GAT-S,learned,42,28,600,10,1,10,test,1,0.471888,0.5,0,3530,2903,0.82238,3389,2233,0.658896,18.2469,21,3.1,0.684518,15162,4207,10955,0.27747,131.46,5.70771,4,83.3333,42.36
GAT-S,learned,42,28,600,10,1,10,test,1,0.486827,0.5,0,3530,2785,0.788952,3389,1985,0.585719,16.7935,19.5,2.2,0.636946,12967,3954,9013,0.304928,108.156,5.26384,3,83.3333,42.36
GAT-S,learned,42,28,600,10,1,10,test,1,0.497492,0.5,0,3530,2698,0.764306,3389,1812,0.534671,15.812,17.3,2,0.604853,11489,3779,7710,0.328923,92.52,4.98223,3,83.3333,42.36
GAT-S,learned,42,28,600,10,1,10,test,1,0.503125,0.5,0,3530,2649,0.750425,3389,1722,0.508114,15.2775,15.7,1.8,0.58754,10796,3715,7081,0.344109,84.972,4.83237,3,83.3333,42.36
GAT-S,learned,42,28,600,10,1,10,test,1,0.522252,0.5,0,3530,2481,0.702833,3389,1412,0.416642,13.5872,11.8,1.2,0.533191,8670,3412,5258,0.393541,63.096,4.43838,3,83.3333,42.36
GAT-S,learned,42,28,600,10,1,10,test,1,0.545956,0.5,0,3530,2295,0.650142,3389,1147,0.338448,11.936,9.9,0.8,0.479619,6770,3098,3672,0.457607,44.064,4.01471,2,83.3333,42.36
GAT-S,learned,42,28,600,10,1,10,test,1,0.575225,0.5,0,3530,2089,0.591785,3389,921,0.271762,10.6559,8.3,0.5,0.439853,5258,2902,2356,0.551921,28.272,3.59465,2,83.3333,42.36
GAT-S,learned,42,28,600,10,1,10,test,1,0.604904,0.5,0,3530,1839,0.520963,3389,701,0.206846,9.46536,6.7,0.4,0.401577,4038,2624,1414,0.649827,16.968,3.27652,2,83.3333,42.36
GAT-S,learned,42,28,600,10,1,10,test,1,0.634428,0.5,0,3530,1553,0.439943,3389,485,0.14311,8.10947,5.1,0.2,0.357694,3007,2231,776,0.741935,9.312,2.90722,2,83.3333,42.36
GAT-S,learned,42,28,600,10,1,10,test,1,0.664606,0.5,0,3530,1133,0.320963,3389,287,0.0846857,6.90583,3.9,0.12,0.326776,1965,1607,358,0.817812,4.296,2.71229,2,83.3333,42.36
GAT-S,learned,42,28,600,10,1,10,test,1,0.699535,0.5,0,3530,696,0.197167,3389,102,0.0300974,5.02313,2.6,0.1,0.266504,1048,932,116,0.889313,1.392,2.46552,2,83.3333,42.36
GAT-S,learned,42,28,600,10,1,10,test,1,0.752923,0.5,0,3530,178,0.0504249,3389,9,0.00265565,2.96292,1.45,0,0.234201,230,216,14,0.93913,0.168,2.21429,1,83.3333,42.36
GAT-S,learned,42,28,600,10,1,10,val,1,0.136263,0.5,0,2966,2961,0.998314,2785,2777,0.997127,26.6432,29.4,16.9,0.985661,60421,3047,57374,0.0504295,688.488,12.8904,7,83.3333,35.592
GAT-S,learned,42,28,600,10,1,10,val,1,0.242672,0.5,0,2966,2929,0.987525,2785,2719,0.976302,25.7922,29.3,13.4,0.956937,37189,3240,33949,0.0871225,407.388,11.5159,7,83.3333,35.592
GAT-S,learned,42,28,600,10,1,10,val,1,0.30597,0.5,0,2966,2896,0.976399,2785,2647,0.950449,24.9468,29.1,11.2,0.92799,29902,3426,26476,0.114574,317.712,10.4783,6,83.3333,35.592
GAT-S,learned,42,28,600,10,1,10,val,1,0.346742,0.5,0,2966,2860,0.964262,2785,2584,0.927828,24.1059,27.8,10.19,0.899713,25989,3620,22369,0.13929,268.428,9.56543,6,83.3333,35.592
GAT-S,learned,42,28,600,10,1,10,val,1,0.373999,0.5,0,2966,2808,0.94673,2785,2488,0.893357,23.2817,26.4,8.9,0.872118,23442,3743,19699,0.159671,236.388,8.78441,5,83.3333,35.592
GAT-S,learned,42,28,600,10,1,10,val,1,0.395354,0.5,0,2966,2762,0.93122,2785,2404,0.863196,22.4411,25.2,7.5,0.844051,21204,3820,17384,0.180155,208.608,8.15169,5,83.3333,35.592
GAT-S,learned,42,28,600,10,1,10,val,1,0.412716,0.5,0,2966,2708,0.913014,2785,2313,0.830521,21.6326,24.2,6.6,0.817476,19347,3822,15525,0.19755,186.3,7.57378,5,83.3333,35.592
GAT-S,learned,42,28,600,10,1,10,val,1,0.42844,0.5,0,2966,2646,0.892111,2785,2215,0.795332,20.7694,23.4,5.55,0.789714,17535,3807,13728,0.217109,164.736,7.05551,4,83.3333,35.592
GAT-S,learned,42,28,600,10,1,10,val,1,0.443521,0.5,0,2966,2575,0.868173,2785,2100,0.754039,19.7801,22.4,4.6,0.758005,15752,3756,11996,0.238446,143.952,6.5491,4,83.3333,35.592
GAT-S,learned,42,28,600,10,1,10,val,1,0.457588,0.5,0,2966,2499,0.842549,2785,1958,0.703052,18.7098,21.5,3.4,0.723167,13935,3629,10306,0.260423,123.672,6.15244,4,83.3333,35.592
GAT-S,learned,42,28,600,10,1,10,val,1,0.471888,0.5,0,2966,2397,0.808159,2785,1770,0.635548,17.4598,20.5,2.6,0.683401,12136,3412,8724,0.281147,104.688,5.72387,3,83.3333,35.592
GAT-S,learned,42,28,600,10,1,10,val,1,0.486827,0.5,0,2966,2308,0.778152,2785,1582,0.568043,16.0914,18.35,2.07,0.639252,10454,3277,7177,0.313469,86.124,5.31587,3,83.3333,35.592
GAT-S,learned,42,28,600,10,1,10,val,1,0.497492,0.5,0,2966,2232,0.752529,2785,1429,0.513106,15.0299,15.4,1.7,0.605277,9294,3124,6170,0.336131,74.04,5.05446,3,83.3333,35.592
GAT-S,learned,42,28,600,10,1,10,val,1,0.503125,0.5,0,2966,2193,0.73938,2785,1352,0.485458,14.4871,13.5,1.5,0.588102,8679,3030,5649,0.349119,67.788,4.95026,3,83.3333,35.592
GAT-S,learned,42,28,600,10,1,10,val,1,0.522252,0.5,0,2966,2075,0.699595,2785,1138,0.408618,13.0371,11.2,1,0.541876,7094,2833,4261,0.399352,51.132,4.62075,3,83.3333,35.592
GAT-S,learned,42,28,600,10,1,10,val,1,0.545956,0.5,0,2966,1946,0.656102,2785,935,0.335727,11.6069,9.4,0.7,0.497072,5647,2617,3030,0.463432,36.36,4.32145,2,83.3333,35.592
GAT-S,learned,42,28,600,10,1,10,val,1,0.575225,0.5,0,2966,1770,0.596763,2785,759,0.272531,10.3657,7.85,0.6,0.459963,4425,2399,2026,0.542147,24.312,3.91658,2,83.3333,35.592
GAT-S,learned,42,28,600,10,1,10,val,1,0.604904,0.5,0,2966,1571,0.52967,2785,588,0.211131,9.35551,6.6,0.4,0.428583,3552,2244,1308,0.631757,15.696,3.45566,2,83.3333,35.592
GAT-S,learned,42,28,600,10,1,10,val,1,0.634428,0.5,0,2966,1342,0.452461,2785,434,0.155835,8.32437,5.5,0.3,0.397877,2742,1979,763,0.721736,9.156,3.09174,2,83.3333,35.592
GAT-S,learned,42,28,600,10,1,10,val,1,0.664606,0.5,0,2966,1050,0.354012,2785,245,0.0879713,6.73057,3.9,0.2,0.347263,1900,1494,406,0.786316,4.872,2.62808,2,83.3333,35.592
GAT-S,learned,42,28,600,10,1,10,val,1,0.699535,0.5,0,2966,657,0.22151,2785,99,0.0355476,5.19376,2.8,0.1,0.30569,1028,894,134,0.86965,1.608,2.20149,1,83.3333,35.592
GAT-S,learned,42,28,600,10,1,10,val,1,0.752923,0.5,0,2966,195,0.0657451,2785,15,0.005386,3.82,2.3,0,0.28428,281,262,19,0.932384,0.228,2.31579,1,83.3333,35.592
GAT-S,learned,42,28,600,10,1,10,test,1,0.136263,0.5,0.15,3530,3521,0.99745,3389,3378,0.996754,27.4163,29.4,21.3,0.990297,44480,3497,40983,0.0786196,491.796,35.7349,37,83.3333,42.36
GAT-S,learned,42,28,600,10,1,10,test,1,0.242672,0.5,0.15,3530,3490,0.988669,3389,3332,0.983181,26.7581,29.3,18.3,0.967907,30101,3471,26630,0.115312,319.56,23.9949,23,83.3333,42.36
GAT-S,learned,42,28,600,10,1,10,test,1,0.30597,0.5,0.15,3530,3455,0.978754,3389,3271,0.965181,25.9905,29.2,15.9,0.941982,24893,3484,21409,0.139959,256.908,20.6318,20,83.3333,42.36
GAT-S,learned,42,28,600,10,1,10,test,1,0.346742,0.5,0.15,3530,3401,0.963456,3389,3167,0.934494,25.0965,28.8,13.3,0.911927,21669,3466,18203,0.159952,218.436,19.0656,18,83.3333,42.36
GAT-S,learned,42,28,600,10,1,10,test,1,0.373999,0.5,0.15,3530,3345,0.947592,3389,3060,0.902921,24.2847,27.7,11.3,0.884812,19458,3425,16033,0.17602,192.396,18.0347,17,83.3333,42.36
GAT-S,learned,42,28,600,10,1,10,test,1,0.395354,0.5,0.15,3530,3289,0.931728,3389,2971,0.87666,23.515,26.4,10.2,0.859129,17661,3390,14271,0.191948,171.252,17.2527,16,83.3333,42.36
GAT-S,learned,42,28,600,10,1,10,test,1,0.412716,0.5,0.15,3530,3231,0.915297,3389,2869,0.846562,22.7167,25.1,9,0.832612,16152,3347,12805,0.207219,153.66,16.6253,15,83.3333,42.36
GAT-S,learned,42,28,600,10,1,10,test,1,0.42844,0.5,0.15,3530,3164,0.896317,3389,2745,0.809973,21.7962,23.9,7.13,0.801559,14788,3284,11504,0.222072,138.048,15.8452,15,83.3333,42.36
GAT-S,learned,42,28,600,10,1,10,test,1,0.443521,0.5,0.15,3530,3099,0.877904,3389,2615,0.771614,20.8144,23.2,5.6,0.768957,13340,3221,10119,0.241454,121.428,15.1602,14,83.3333,42.36
GAT-S,learned,42,28,600,10,1,10,test,1,0.457588,0.5,0.15,3530,3018,0.854958,3389,2452,0.723517,19.6802,22.1,4.3,0.731284,11938,3136,8802,0.262691,105.624,14.4876,13,83.3333,42.36
GAT-S,learned,42,28,600,10,1,10,test,1,0.471888,0.5,0.15,3530,2917,0.826346,3389,2249,0.663618,18.4166,21.1,3.16,0.689924,10518,3026,7492,0.287697,89.904,13.8984,12,83.3333,42.36
GAT-S,learned,42,28,600,10,1,10,test,1,0.486827,0.5,0.15,3530,2803,0.794051,3389,2005,0.59162,16.975,19.6,2.2,0.642619,9161,2897,6264,0.316232,75.168,13.128,11,83.3333,42.36
GAT-S,learned,42,28,600,10,1,10,test,1,0.497492,0.5,0.15,3530,2715,0.769122,3389,1836,0.541753,16.0336,17.6,2,0.611907,8223,2804,5419,0.340995,65.028,12.6104,11,83.3333,42.36
GAT-S,learned,42,28,600,10,1,10,test,1,0.503125,0.5,0.15,3530,2671,0.756657,3389,1750,0.516377,15.5083,16,1.8,0.594738,7769,2756,5013,0.354743,60.156,12.3042,10,83.3333,42.36
GAT-S,learned,42,28,600,10,1,10,test,1,0.522252,0.5,0.15,3530,2498,0.707649,3389,1436,0.423724,13.8273,12,1.2,0.540772,6311,2565,3746,0.406433,44.952,11.5235,9,83.3333,42.36
GAT-S,learned,42,28,600,10,1,10,test,1,0.545956,0.5,0.15,3530,2310,0.654391,3389,1164,0.343464,12.1129,10,0.8,0.485085,5033,2367,2666,0.470296,31.992,10.6088,8,83.3333,42.36
GAT-S,learned,42,28,600,10,1,10,test,1,0.575225,0.5,0.15,3530,2094,0.593201,3389,928,0.273827,10.7473,8.4,0.5,0.442745,3887,2144,1743,0.551582,20.916,9.68962,7,83.3333,42.36
GAT-S,learned,42,28,600,10,1,10,test,1,0.604904,0.5,0.15,3530,1842,0.521813,3389,705,0.208026,9.53496,6.8,0.4,0.40378,2965,1898,1067,0.640135,12.804,8.92502,7,83.3333,42.36
GAT-S,learned,42,28,600,10,1,10,test,1,0.634428,0.5,0.15,3530,1555,0.44051,3389,487,0.1437,8.15749,5.1,0.2,0.359195,2171,1587,584,0.731,7.008,8.08219,6,83.3333,42.36
GAT-S,learned,42,28,600,10,1,10,test,1,0.664606,0.5,0.15,3530,1135,0.32153,3389,289,0.0852759,6.94714,3.9,0.14,0.327992,1447,1152,295,0.79613,3.54,7.49492,6,83.3333,42.36
GAT-S,learned,42,28,600,10,1,10,test,1,0.699535,0.5,0.15,3530,697,0.19745,3389,103,0.0303924,5.05854,2.6,0.1,0.267557,801,705,96,0.88015,1.152,6.85417,6,83.3333,42.36
GAT-S,learned,42,28,600,10,1,10,test,1,0.752923,0.5,0.15,3530,178,0.0504249,3389,9,0.00265565,2.96292,1.45,0,0.234201,189,178,11,0.941799,0.132,7.90909,4,83.3333,42.36
GAT-S,learned,42,28,600,10,1,10,val,1,0.136263,0.5,0.15,2966,2963,0.998989,2785,2779,0.997846,26.7055,29.4,17.5,0.98772,39262,2947,36315,0.0750599,435.78,35.837,37,83.3333,35.592
GAT-S,learned,42,28,600,10,1,10,val,1,0.242672,0.5,0.15,2966,2934,0.989211,2785,2727,0.979174,25.9098,29.3,13.56,0.960753,26395,2931,23464,0.111044,281.568,23.2576,22,83.3333,35.592
GAT-S,learned,42,28,600,10,1,10,val,1,0.30597,0.5,0.15,2966,2899,0.977411,2785,2650,0.951526,25.0264,29.1,11.2,0.930604,21554,2919,18635,0.135427,223.62,19.886,19,83.3333,35.592
GAT-S,learned,42,28,600,10,1,10,val,1,0.346742,0.5,0.15,2966,2863,0.965273,2785,2587,0.928905,24.2083,28.1,10.2,0.903093,18696,2918,15778,0.156076,189.336,18.259,17,83.3333,35.592
GAT-S,learned,42,28,600,10,1,10,val,1,0.373999,0.5,0.15,2966,2811,0.947741,2785,2491,0.894434,23.3774,26.7,8.9,0.875261,16595,2869,13726,0.172883,164.712,17.2801,16,83.3333,35.592
GAT-S,learned,42,28,600,10,1,10,val,1,0.395354,0.5,0.15,2966,2768,0.933243,2785,2412,0.866068,22.5531,25.3,7.6,0.84766,14936,2837,12099,0.189944,145.188,16.5807,15,83.3333,35.592
GAT-S,learned,42,28,600,10,1,10,val,1,0.412716,0.5,0.15,2966,2717,0.916049,2785,2323,0.834111,21.7424,24.3,6.6,0.820895,13567,2797,10770,0.206162,129.24,15.9104,15,83.3333,35.592
GAT-S,learned,42,28,600,10,1,10,val,1,0.42844,0.5,0.15,2966,2655,0.895145,2785,2225,0.798923,20.8749,23.4,5.6,0.793001,12224,2736,9488,0.223822,113.856,15.3347,14,83.3333,35.592
GAT-S,learned,42,28,600,10,1,10,val,1,0.443521,0.5,0.15,2966,2584,0.871207,2785,2112,0.758348,19.9365,22.5,4.6,0.763,10948,2667,8281,0.243606,99.372,14.7154,13,83.3333,35.592
GAT-S,learned,42,28,600,10,1,10,val,1,0.457588,0.5,0.15,2966,2514,0.847606,2785,1976,0.709515,18.8786,21.6,3.4,0.728363,9716,2592,7124,0.266776,85.488,14.2065,12,83.3333,35.592
GAT-S,learned,42,28,600,10,1,10,val,1,0.471888,0.5,0.15,2966,2411,0.812879,2785,1786,0.641293,17.61,20.6,2.6,0.687972,8523,2480,6043,0.290977,72.516,13.6227,12,83.3333,35.592
GAT-S,learned,42,28,600,10,1,10,val,1,0.486827,0.5,0.15,2966,2323,0.78321,2785,1601,0.574865,16.2759,18.7,2.1,0.644899,7375,2387,4988,0.323661,59.856,12.9549,11,83.3333,35.592
GAT-S,learned,42,28,600,10,1,10,val,1,0.497492,0.5,0.15,2966,2245,0.756912,2785,1447,0.519569,15.2161,15.7,1.7,0.61104,6627,2308,4319,0.348272,51.828,12.4915,10,83.3333,35.592
GAT-S,learned,42,28,600,10,1,10,val,1,0.503125,0.5,0.15,2966,2205,0.743425,2785,1367,0.490844,14.6614,13.9,1.5,0.593492,6245,2258,3987,0.361569,47.844,12.3153,10,83.3333,35.592
GAT-S,learned,42,28,600,10,1,10,val,1,0.522252,0.5,0.15,2966,2085,0.702967,2785,1152,0.413645,13.2021,11.2,1,0.546984,5181,2136,3045,0.412276,36.54,11.5862,9,83.3333,35.592
GAT-S,learned,42,28,600,10,1,10,val,1,0.545956,0.5,0.15,2966,1955,0.659137,2785,947,0.340036,11.7758,9.5,0.7,0.50231,4203,2003,2200,0.476564,26.4,10.8023,8,83.3333,35.592
GAT-S,learned,42,28,600,10,1,10,val,1,0.575225,0.5,0.15,2966,1774,0.598112,2785,765,0.274686,10.4808,7.9,0.6,0.463605,3309,1823,1486,0.550922,17.832,10.0007,8,83.3333,35.592
GAT-S,learned,42,28,600,10,1,10,val,1,0.604904,0.5,0.15,2966,1573,0.530344,2785,592,0.212567,9.437,6.7,0.4,0.431207,2581,1622,959,0.628439,11.508,9.09698,7,83.3333,35.592
GAT-S,learned,42,28,600,10,1,10,val,1,0.634428,0.5,0.15,2966,1344,0.453136,2785,436,0.156553,8.35625,5.5,0.3,0.398798,1943,1376,567,0.708183,6.804,8.26102,7,83.3333,35.592
GAT-S,learned,42,28,600,10,1,10,val,1,0.664606,0.5,0.15,2966,1051,0.354349,2785,246,0.0883303,6.7529,3.9,0.2,0.347917,1385,1066,319,0.769675,3.828,7.04389,6,83.3333,35.592
GAT-S,learned,42,28,600,10,1,10,val,1,0.699535,0.5,0.15,2966,658,0.221848,2785,100,0.0359066,5.23024,2.8,0.1,0.306745,769,664,105,0.863459,1.26,6.72381,5,83.3333,35.592
GAT-S,learned,42,28,600,10,1,10,val,1,0.752923,0.5,0.15,2966,195,0.0657451,2785,15,0.005386,3.82,2.3,0,0.28428,214,196,18,0.915888,0.216,5.55556,4,83.3333,35.592
GAT-S,learned,42,28,600,10,1,10,test,1,0.136263,0.25,0,3530,3513,0.995184,3389,3369,0.994099,27.2864,29.4,20.82,0.986006,49853,3529,46324,0.0707881,555.888,18.3397,14,83.3333,42.36
GAT-S,learned,42,28,600,10,1,10,test,1,0.242672,0.25,0,3530,3470,0.983003,3389,3300,0.973739,26.2351,29.2,17.4,0.950411,31487,3609,27878,0.114619,334.536,15.9647,13,83.3333,42.36
GAT-S,learned,42,28,600,10,1,10,test,1,0.30597,0.25,0,3530,3380,0.957507,3389,3156,0.931248,24.8985,27.9,13.79,0.905973,25407,3683,21724,0.14496,260.688,14.2135,11,83.3333,42.36
GAT-S,learned,42,28,600,10,1,10,test,1,0.346742,0.25,0,3530,3300,0.934844,3389,3014,0.889348,23.6688,26.2,11.1,0.864993,21907,3753,18154,0.171315,217.848,12.9027,10,83.3333,42.36
GAT-S,learned,42,28,600,10,1,10,test,1,0.373999,0.25,0,3530,3214,0.910482,3389,2875,0.848333,22.5903,24.9,9.6,0.829384,19688,3780,15908,0.191995,190.896,11.788,8,83.3333,42.36
GAT-S,learned,42,28,600,10,1,10,test,1,0.395354,0.25,0,3530,3128,0.886119,3389,2727,0.804662,21.4734,23.6,7.9,0.79253,17761,3753,14008,0.211306,168.096,10.8252,7,83.3333,42.36
GAT-S,learned,42,28,600,10,1,10,test,1,0.412716,0.25,0,3530,3059,0.866572,3389,2588,0.763647,20.4191,22.5,6,0.757324,16002,3721,12281,0.232533,147.372,10.0749,7,83.3333,42.36
GAT-S,learned,42,28,600,10,1,10,test,1,0.42844,0.25,0,3530,2957,0.837677,3389,2422,0.714665,19.2634,21.6,4.6,0.719045,14253,3623,10630,0.254192,127.56,9.40207,6,83.3333,42.36
GAT-S,learned,42,28,600,10,1,10,test,1,0.443521,0.25,0,3530,2860,0.810198,3389,2216,0.65388,17.9821,20.5,3.3,0.677063,12441,3482,8959,0.279881,107.508,8.85222,6,83.3333,42.36
GAT-S,learned,42,28,600,10,1,10,test,1,0.457588,0.25,0,3530,2762,0.782436,3389,1998,0.589554,16.7772,19.4,2.4,0.637498,10905,3377,7528,0.309674,90.336,8.31761,5,83.3333,42.36
GAT-S,learned,42,28,600,10,1,10,test,1,0.471888,0.25,0,3530,2638,0.747309,3389,1785,0.526704,15.5788,17.3,1.8,0.599263,9319,3200,6119,0.343384,73.428,7.83886,5,83.3333,42.36
GAT-S,learned,42,28,600,10,1,10,test,1,0.486827,0.25,0,3530,2501,0.708499,3389,1533,0.452346,14.2046,14.2,1.3,0.555206,7836,2978,4858,0.380041,58.296,7.33388,5,83.3333,42.36
GAT-S,learned,42,28,600,10,1,10,test,1,0.497492,0.25,0,3530,2393,0.677904,3389,1381,0.407495,13.4023,12.1,1.1,0.53024,6797,2801,3996,0.412094,47.952,7.1544,5,83.3333,42.36
GAT-S,learned,42,28,600,10,1,10,test,1,0.503125,0.25,0,3530,2341,0.663173,3389,1303,0.384479,12.9428,11.3,1,0.515524,6400,2754,3646,0.430312,43.752,6.98464,5,83.3333,42.36
GAT-S,learned,42,28,600,10,1,10,test,1,0.522252,0.25,0,3530,2138,0.605666,3389,1069,0.315432,11.6593,9.95,0.7,0.476904,5138,2461,2677,0.47898,32.124,6.33956,4,83.3333,42.36
GAT-S,learned,42,28,600,10,1,10,test,1,0.545956,0.25,0,3530,1906,0.539943,3389,852,0.251402,10.6389,8.4,0.4,0.4478,3957,2210,1747,0.558504,20.964,5.86033,4,83.3333,42.36
GAT-S,learned,42,28,600,10,1,10,test,1,0.575225,0.25,0,3530,1604,0.454391,3389,645,0.190322,9.82575,7.4,0.3,0.429513,2967,1924,1043,0.648466,12.516,5.16012,3,83.3333,42.36
GAT-S,learned,42,28,600,10,1,10,test,1,0.604904,0.25,0,3530,1286,0.364306,3389,470,0.138684,8.93009,6.5,0.3,0.409895,2100,1556,544,0.740952,6.528,4.95221,3,83.3333,42.36
GAT-S,learned,42,28,600,10,1,10,test,1,0.634428,0.25,0,3530,940,0.266289,3389,280,0.0826202,7.57234,5.15,0.3,0.377733,1452,1175,277,0.809229,3.324,4.19856,3,83.3333,42.36
GAT-S,learned,42,28,600,10,1,10,test,1,0.664606,0.25,0,3530,619,0.175354,3389,130,0.0383594,6.1609,4.2,0.2,0.356296,865,757,108,0.875145,1.296,3.96296,3,83.3333,42.36
GAT-S,learned,42,28,600,10,1,10,test,1,0.699535,0.25,0,3530,313,0.0886686,3389,32,0.00944231,4.65527,3,0.2,0.330687,390,360,30,0.923077,0.36,3.5,3,83.3333,42.36
GAT-S,learned,42,28,600,10,1,10,test,1,0.752923,0.25,0,3530,60,0.0169972,3389,1,0.000295072,2.77333,1.65,0,0.393446,71,67,4,0.943662,0.048,4.5,2,83.3333,42.36
GAT-S,learned,42,28,600,10,1,10,val,1,0.136263,0.25,0,2966,2960,0.997977,2785,2773,0.995691,26.5544,29.4,16.79,0.982574,44150,2987,41163,0.0676557,493.956,17.7254,14,83.3333,35.592
GAT-S,learned,42,28,600,10,1,10,val,1,0.242672,0.25,0,2966,2905,0.979434,2785,2677,0.961221,25.3335,29.1,12.4,0.941784,27520,3043,24477,0.110574,293.724,15.2436,12,83.3333,35.592
GAT-S,learned,42,28,600,10,1,10,val,1,0.30597,0.25,0,2966,2847,0.959879,2785,2571,0.92316,24.0006,27.4,10.1,0.896794,21860,3077,18783,0.140759,225.396,13.6028,10,83.3333,35.592
GAT-S,learned,42,28,600,10,1,10,val,1,0.346742,0.25,0,2966,2770,0.933918,2785,2445,0.877917,22.7884,25.5,8.5,0.857097,18757,3134,15623,0.167084,187.476,12.2441,9,83.3333,35.592
GAT-S,learned,42,28,600,10,1,10,val,1,0.373999,0.25,0,2966,2678,0.9029,2785,2316,0.831598,21.7018,24.2,7,0.821577,16538,3132,13406,0.189382,160.872,11.235,8,83.3333,35.592
GAT-S,learned,42,28,600,10,1,10,val,1,0.395354,0.25,0,2966,2614,0.881322,2785,2199,0.789587,20.6096,23.1,5.9,0.785632,14669,3147,11522,0.214534,138.264,10.4694,7,83.3333,35.592
GAT-S,learned,42,28,600,10,1,10,val,1,0.412716,0.25,0,2966,2529,0.852664,2785,2069,0.742908,19.5908,22.2,4.7,0.752975,12973,3105,9868,0.239343,118.416,9.89765,7,83.3333,35.592
GAT-S,learned,42,28,600,10,1,10,val,1,0.42844,0.25,0,2966,2456,0.828051,2785,1931,0.693357,18.494,21.2,3.4,0.717882,11398,3027,8371,0.265573,100.452,9.43233,6,83.3333,35.592
GAT-S,learned,42,28,600,10,1,10,val,1,0.443521,0.25,0,2966,2370,0.799056,2785,1747,0.627289,17.206,20.1,2.5,0.676447,9983,2904,7079,0.290895,84.948,8.90804,6,83.3333,35.592
GAT-S,learned,42,28,600,10,1,10,val,1,0.457588,0.25,0,2966,2275,0.767026,2785,1581,0.567684,15.934,18.5,1.8,0.635729,8655,2726,5929,0.314962,71.148,8.45033,5,83.3333,35.592
GAT-S,learned,42,28,600,10,1,10,val,1,0.471888,0.25,0,2966,2166,0.730276,2785,1397,0.501616,14.775,15.85,1.4,0.599516,7455,2584,4871,0.346613,58.452,7.98276,5,83.3333,35.592
GAT-S,learned,42,28,600,10,1,10,val,1,0.486827,0.25,0,2966,2062,0.695212,2785,1205,0.432675,13.6301,12.5,1.01,0.564525,6317,2425,3892,0.383885,46.704,7.54419,5,83.3333,35.592
GAT-S,learned,42,28,600,10,1,10,val,1,0.497492,0.25,0,2966,1990,0.670937,2785,1103,0.39605,12.8949,11.5,0.8,0.541628,5605,2323,3282,0.414451,39.384,7.26173,5,83.3333,35.592
GAT-S,learned,42,28,600,10,1,10,val,1,0.503125,0.25,0,2966,1945,0.655765,2785,1049,0.376661,12.5121,11,0.8,0.53045,5232,2254,2978,0.43081,35.736,7.16891,5,83.3333,35.592
GAT-S,learned,42,28,600,10,1,10,val,1,0.522252,0.25,0,2966,1817,0.61261,2785,892,0.320287,11.4928,9.6,0.6,0.500669,4320,2094,2226,0.484722,26.712,6.65588,4,83.3333,35.592
GAT-S,learned,42,28,600,10,1,10,val,1,0.545956,0.25,0,2966,1619,0.545853,2785,715,0.256732,10.5369,8.2,0.4,0.477737,3375,1882,1493,0.55763,17.916,6.33423,4,83.3333,35.592
GAT-S,learned,42,28,600,10,1,10,val,1,0.575225,0.25,0,2966,1389,0.468307,2785,548,0.196768,9.61195,7.3,0.2,0.457633,2589,1620,969,0.625724,11.628,5.58927,4,83.3333,35.592
GAT-S,learned,42,28,600,10,1,10,val,1,0.604904,0.25,0,2966,1141,0.384693,2785,398,0.142908,8.69308,6.2,0.3,0.437309,1957,1382,575,0.706183,6.9,4.9513,3,83.3333,35.592
GAT-S,learned,42,28,600,10,1,10,val,1,0.634428,0.25,0,2966,881,0.297033,2785,242,0.0868941,7.50692,5.2,0.2,0.410865,1384,1066,318,0.770231,3.816,4.20126,3,83.3333,35.592
GAT-S,learned,42,28,600,10,1,10,val,1,0.664606,0.25,0,2966,610,0.205664,2785,125,0.0448833,6.30803,4.05,0.2,0.394205,883,748,135,0.847112,1.62,3.63704,2,83.3333,35.592
GAT-S,learned,42,28,600,10,1,10,val,1,0.699535,0.25,0,2966,326,0.109912,2785,38,0.0136445,5.05798,3.4,0.2,0.392059,411,376,35,0.914842,0.42,3.68571,2,83.3333,35.592
GAT-S,learned,42,28,600,10,1,10,val,1,0.752923,0.25,0,2966,88,0.0296696,2785,6,0.0021544,3.20909,1.7,0,0.371321,102,96,6,0.941176,0.072,3.66667,2.5,83.3333,35.592
GAT-S,learned,42,28,600,10,1,10,test,1,0.136263,0.25,0.15,3530,3517,0.996317,3389,3373,0.995279,27.3363,29.4,20.96,0.987631,40462,3493,36969,0.0863279,443.628,35.537,36,83.3333,42.36
GAT-S,learned,42,28,600,10,1,10,test,1,0.242672,0.25,0.15,3530,3479,0.985552,3389,3310,0.976689,26.3066,29.2,17.68,0.952675,26376,3456,22920,0.131028,275.04,26.1555,25,83.3333,42.36
GAT-S,learned,42,28,600,10,1,10,test,1,0.30597,0.25,0.15,3530,3392,0.960907,3389,3169,0.935084,24.9817,28.1,13.81,0.908566,21206,3378,17828,0.159295,213.936,22.7209,22,83.3333,42.36
GAT-S,learned,42,28,600,10,1,10,test,1,0.346742,0.25,0.15,3530,3309,0.937394,3389,3023,0.892004,23.7551,26.4,11.1,0.867739,18002,3311,14691,0.183924,176.292,21.0027,20,83.3333,42.36
GAT-S,learned,42,28,600,10,1,10,test,1,0.373999,0.25,0.15,3530,3230,0.915014,3389,2891,0.853054,22.6857,25,9.6,0.832293,15872,3238,12634,0.204007,151.608,19.8236,19,83.3333,42.36
GAT-S,learned,42,28,600,10,1,10,test,1,0.395354,0.25,0.15,3530,3148,0.891785,3389,2751,0.811744,21.6477,23.75,8,0.797999,14159,3159,11000,0.223109,132,18.8525,18,83.3333,42.36
GAT-S,learned,42,28,600,10,1,10,test,1,0.412716,0.25,0.15,3530,3075,0.871105,3389,2606,0.768958,20.5729,22.6,6.14,0.762171,12706,3088,9618,0.243035,115.416,18.032,17,83.3333,42.36
GAT-S,learned,42,28,600,10,1,10,test,1,0.42844,0.25,0.15,3530,2973,0.84221,3389,2441,0.720271,19.4322,21.7,4.7,0.724391,11270,2982,8288,0.264596,99.456,17.3226,16,83.3333,42.36
GAT-S,learned,42,28,600,10,1,10,test,1,0.443521,0.25,0.15,3530,2876,0.814731,3389,2234,0.659192,18.1249,20.7,3.35,0.681515,9924,2889,7035,0.291112,84.42,16.5058,15,83.3333,42.36
GAT-S,learned,42,28,600,10,1,10,test,1,0.457588,0.25,0.15,3530,2775,0.786119,3389,2012,0.593685,16.8962,19.4,2.4,0.641191,8737,2793,5944,0.319675,71.328,15.7473,14,83.3333,42.36
GAT-S,learned,42,28,600,10,1,10,test,1,0.471888,0.25,0.15,3530,2652,0.751275,3389,1802,0.53172,15.72,17.6,1.8,0.603641,7564,2668,4896,0.352723,58.752,15.0172,13,83.3333,42.36
GAT-S,learned,42,28,600,10,1,10,test,1,0.486827,0.25,0.15,3530,2521,0.714164,3389,1554,0.458542,14.3687,14.4,1.3,0.560132,6472,2527,3945,0.390451,47.34,14.2302,12,83.3333,42.36
GAT-S,learned,42,28,600,10,1,10,test,1,0.497492,0.25,0.15,3530,2409,0.682436,3389,1399,0.412806,13.5706,12.3,1.1,0.535399,5672,2415,3257,0.425776,39.084,13.8707,12,83.3333,42.36
GAT-S,learned,42,28,600,10,1,10,test,1,0.503125,0.25,0.15,3530,2358,0.667989,3389,1323,0.390381,13.1292,11.4,1,0.521241,5323,2361,2962,0.443547,35.544,13.6675,12,83.3333,42.36
GAT-S,learned,42,28,600,10,1,10,test,1,0.522252,0.25,0.15,3530,2153,0.609915,3389,1089,0.321334,11.8618,10.1,0.7,0.483129,4307,2159,2148,0.501277,25.776,13.0144,11,83.3333,42.36
GAT-S,learned,42,28,600,10,1,10,test,1,0.545956,0.25,0.15,3530,1921,0.544193,3389,870,0.256713,10.8393,8.5,0.4,0.453842,3346,1922,1424,0.574417,17.088,12.1945,10,83.3333,42.36
GAT-S,learned,42,28,600,10,1,10,test,1,0.575225,0.25,0.15,3530,1611,0.456374,3389,654,0.192977,9.95258,7.5,0.3,0.433349,2463,1616,847,0.65611,10.164,11.5419,10,83.3333,42.36
GAT-S,learned,42,28,600,10,1,10,test,1,0.604904,0.25,0.15,3530,1291,0.365722,3389,475,0.140159,9.02153,6.5,0.3,0.412544,1744,1292,452,0.740826,5.424,10.469,9,83.3333,42.36
GAT-S,learned,42,28,600,10,1,10,test,1,0.634428,0.25,0.15,3530,944,0.267422,3389,284,0.0838005,7.68008,5.2,0.3,0.38083,1178,946,232,0.803056,2.784,9.72414,8,83.3333,42.36
GAT-S,learned,42,28,600,10,1,10,test,1,0.664606,0.25,0.15,3530,622,0.176204,3389,133,0.0392446,6.27395,4.2,0.21,0.359401,720,621,99,0.8625,1.188,8.77778,7,83.3333,42.36
GAT-S,learned,42,28,600,10,1,10,test,1,0.699535,0.25,0.15,3530,313,0.0886686,3389,32,0.00944231,4.65527,3,0.2,0.330687,339,313,26,0.923304,0.312,9.19231,8,83.3333,42.36
GAT-S,learned,42,28,600,10,1,10,test,1,0.752923,0.25,0.15,3530,60,0.0169972,3389,1,0.000295072,2.77333,1.65,0,0.393446,63,60,3,0.952381,0.036,16,20,83.3333,42.36
GAT-S,learned,42,28,600,10,1,10,val,1,0.136263,0.25,0.15,2966,2961,0.998314,2785,2774,0.99605,26.6063,29.4,16.9,0.984307,35482,2945,32537,0.0829998,390.444,35.8105,37,83.3333,35.592
GAT-S,learned,42,28,600,10,1,10,val,1,0.242672,0.25,0.15,2966,2911,0.981457,2785,2685,0.964093,25.4438,29.1,12.6,0.945331,23005,2898,20107,0.125973,241.284,25.5281,25,83.3333,35.592
GAT-S,learned,42,28,600,10,1,10,val,1,0.30597,0.25,0.15,2966,2854,0.962239,2785,2579,0.926032,24.1156,27.6,10.2,0.900473,18314,2855,15459,0.155892,185.508,22.0982,22,83.3333,35.592
GAT-S,learned,42,28,600,10,1,10,val,1,0.346742,0.25,0.15,2966,2774,0.935266,2785,2451,0.880072,22.9117,25.75,8.6,0.861145,15453,2775,12678,0.179577,152.136,20.2575,20,83.3333,35.592
GAT-S,learned,42,28,600,10,1,10,val,1,0.373999,0.25,0.15,2966,2682,0.904248,2785,2321,0.833393,21.8155,24.3,7.1,0.825296,13391,2687,10704,0.200657,128.448,19.1908,18,83.3333,35.592
GAT-S,learned,42,28,600,10,1,10,val,1,0.395354,0.25,0.15,2966,2617,0.882333,2785,2204,0.791382,20.6876,23.1,5.9,0.788176,11792,2620,9172,0.222185,110.064,18.3604,17.5,83.3333,35.592
GAT-S,learned,42,28,600,10,1,10,val,1,0.412716,0.25,0.15,2966,2530,0.853001,2785,2072,0.743986,19.6696,22.2,4.7,0.755614,10397,2537,7860,0.244013,94.32,17.6393,17,83.3333,35.592
GAT-S,learned,42,28,600,10,1,10,val,1,0.42844,0.25,0.15,2966,2460,0.8294,2785,1937,0.695512,18.6035,21.3,3.4,0.721445,9148,2465,6683,0.269458,80.196,16.9873,16,83.3333,35.592
GAT-S,learned,42,28,600,10,1,10,val,1,0.443521,0.25,0.15,2966,2380,0.802428,2785,1759,0.631598,17.3347,20.2,2.6,0.680407,8033,2387,5646,0.297149,67.752,16.3413,15,83.3333,35.592
GAT-S,learned,42,28,600,10,1,10,val,1,0.457588,0.25,0.15,2966,2289,0.771746,2785,1598,0.573788,16.0911,18.7,1.8,0.640473,7061,2296,4765,0.325166,57.18,15.6403,14,83.3333,35.592
GAT-S,learned,42,28,600,10,1,10,val,1,0.471888,0.25,0.15,2966,2182,0.735671,2785,1415,0.508079,14.928,16,1.4,0.603977,6103,2185,3918,0.358021,47.016,15.0493,13,83.3333,35.592
GAT-S,learned,42,28,600,10,1,10,val,1,0.486827,0.25,0.15,2966,2072,0.698584,2785,1217,0.436984,13.7535,12.6,1.1,0.5682,5197,2078,3119,0.399846,37.428,14.5335,13,83.3333,35.592
GAT-S,learned,42,28,600,10,1,10,val,1,0.497492,0.25,0.15,2966,2001,0.674646,2785,1116,0.400718,13.0316,11.6,0.8,0.545677,4667,2008,2659,0.430255,31.908,14.0455,12,83.3333,35.592
GAT-S,learned,42,28,600,10,1,10,val,1,0.503125,0.25,0.15,2966,1954,0.6588,2785,1062,0.381329,12.6703,11.1,0.8,0.53532,4395,1959,2436,0.445734,29.232,13.9397,12,83.3333,35.592
GAT-S,learned,42,28,600,10,1,10,val,1,0.522252,0.25,0.15,2966,1828,0.616318,2785,904,0.324596,11.6404,9.8,0.6,0.504991,3634,1832,1802,0.504128,21.624,13.2408,11,83.3333,35.592
GAT-S,learned,42,28,600,10,1,10,val,1,0.545956,0.25,0.15,2966,1627,0.54855,2785,725,0.260323,10.6907,8.4,0.4,0.482346,2857,1632,1225,0.571229,14.7,12.6294,11,83.3333,35.592
GAT-S,learned,42,28,600,10,1,10,val,1,0.575225,0.25,0.15,2966,1396,0.470668,2785,556,0.199641,9.75315,7.4,0.2,0.46176,2192,1401,791,0.639142,9.492,11.4109,9,83.3333,35.592
GAT-S,learned,42,28,600,10,1,10,val,1,0.604904,0.25,0.15,2966,1147,0.386716,2785,405,0.145422,8.82624,6.3,0.3,0.441083,1615,1150,465,0.712074,5.58,10.7226,9,83.3333,35.592
GAT-S,learned,42,28,600,10,1,10,val,1,0.634428,0.25,0.15,2966,885,0.298382,2785,246,0.0883303,7.60734,5.2,0.2,0.413566,1157,887,270,0.766638,3.24,9.16296,7,83.3333,35.592
GAT-S,learned,42,28,600,10,1,10,val,1,0.664606,0.25,0.15,2966,611,0.206001,2785,126,0.0452424,6.34566,4.1,0.2,0.395196,726,614,112,0.84573,1.344,8.95536,7,83.3333,35.592
GAT-S,learned,42,28,600,10,1,10,val,1,0.699535,0.25,0.15,2966,327,0.110249,2785,39,0.0140036,5.13211,3.4,0.2,0.393919,359,329,30,0.916435,0.36,9.23333,6.5,83.3333,35.592
GAT-S,learned,42,28,600,10,1,10,val,1,0.752923,0.25,0.15,2966,88,0.0296696,2785,6,0.0021544,3.20909,1.7,0,0.371321,94,88,6,0.93617,0.072,8.66667,9,83.3333,35.592
GAT-S,learned,123,33,600,10,1,10,test,1,0.119797,1,0,3530,3523,0.998017,3389,3381,0.997639,27.4078,29.4,21.7,0.98999,113621,3836,109785,0.0337614,1317.42,8.0209,2,83.3333,42.36
GAT-S,learned,123,33,600,10,1,10,test,1,0.227942,1,0,3530,3499,0.991218,3389,3342,0.986132,26.8337,29.3,18.5,0.970395,67224,4391,62833,0.0653189,753.996,7.57742,3,83.3333,42.36
GAT-S,learned,123,33,600,10,1,10,test,1,0.295143,1,0,3530,3471,0.983286,3389,3288,0.970198,26.1828,29.2,16.3,0.948519,54292,4818,49474,0.0887424,593.688,7.00182,3,83.3333,42.36
GAT-S,learned,123,33,600,10,1,10,test,1,0.336614,1,0,3530,3440,0.974504,3389,3226,0.951903,25.5385,29.1,14.3,0.926417,47699,5180,42519,0.108598,510.228,6.503,3,83.3333,42.36
GAT-S,learned,123,33,600,10,1,10,test,1,0.364605,1,0,3530,3398,0.962606,3389,3157,0.931543,24.9406,28.5,13,0.906488,43644,5484,38160,0.125653,457.92,6.02995,3,83.3333,42.36
GAT-S,learned,123,33,600,10,1,10,test,1,0.387077,1,0,3530,3348,0.948442,3389,3069,0.905577,24.267,27.6,11.3,0.884121,40331,5697,34634,0.141256,415.608,5.57634,3,83.3333,42.36
GAT-S,learned,123,33,600,10,1,10,test,1,0.406763,1,0,3530,3288,0.931445,3389,2978,0.878725,23.4854,26.35,10.3,0.858104,37344,5835,31509,0.15625,378.108,5.12638,2,83.3333,42.36
GAT-S,learned,123,33,600,10,1,10,test,1,0.423621,1,0,3530,3238,0.91728,3389,2893,0.853644,22.7588,25.3,9.5,0.833808,34265,5871,28394,0.171341,340.728,4.76241,2,83.3333,42.36
GAT-S,learned,123,33,600,10,1,10,test,1,0.439258,1,0,3530,3185,0.902266,3389,2784,0.821481,21.9358,24.2,8.1,0.806346,31391,5877,25514,0.187219,306.168,4.40691,2,83.3333,42.36
GAT-S,learned,123,33,600,10,1,10,test,1,0.45476,1,0,3530,3127,0.885836,3389,2674,0.789023,21.0665,23.4,6.46,0.777515,28413,5850,22563,0.205892,270.756,4.06604,2,83.3333,42.36
GAT-S,learned,123,33,600,10,1,10,test,1,0.470155,1,0,3530,3080,0.872521,3389,2546,0.751254,19.9398,22.5,4.8,0.739537,25638,5789,19849,0.225798,238.188,3.68583,2,83.3333,42.36
GAT-S,learned,123,33,600,10,1,10,test,1,0.486463,1,0,3530,2980,0.844193,3389,2338,0.689879,18.5904,21.3,3.5,0.695246,22593,5629,16964,0.249148,203.568,3.33194,2,83.3333,42.36
GAT-S,learned,123,33,600,10,1,10,test,1,0.497315,1,0,3530,2896,0.820397,3389,2198,0.648569,17.835,20.4,3,0.670607,20462,5507,14955,0.269133,179.46,3.13173,2,83.3333,42.36
GAT-S,learned,123,33,600,10,1,10,test,1,0.50404,1,0,3530,2853,0.808215,3389,2114,0.623783,17.304,19.7,2.6,0.653168,19319,5418,13901,0.280449,166.812,2.99511,2,83.3333,42.36
GAT-S,learned,123,33,600,10,1,10,test,1,0.523799,1,0,3530,2709,0.767422,3389,1821,0.537327,15.6539,15.7,2,0.599255,16063,5077,10986,0.316068,131.832,2.64555,1,83.3333,42.36
GAT-S,learned,123,33,600,10,1,10,test,1,0.547116,1,0,3530,2554,0.723513,3389,1503,0.443494,13.9362,12,1.5,0.542928,12733,4763,7970,0.374067,95.64,2.4143,1,83.3333,42.36
GAT-S,learned,123,33,600,10,1,10,test,1,0.574252,1,0,3530,2369,0.671105,3389,1211,0.357333,12.3648,10.2,1.1,0.492923,10275,4613,5662,0.448954,67.944,2.16001,1,83.3333,42.36
GAT-S,learned,123,33,600,10,1,10,test,1,0.603596,1,0,3530,2181,0.617847,3389,976,0.287991,11.0505,8.4,0.8,0.451348,8324,4357,3967,0.523426,47.604,1.90572,1,83.3333,42.36
GAT-S,learned,123,33,600,10,1,10,test,1,0.634491,1,0,3530,1990,0.563739,3389,764,0.225435,9.59794,6.3,0.5,0.404316,6519,3982,2537,0.61083,30.444,1.71462,1,83.3333,42.36
GAT-S,learned,123,33,600,10,1,10,test,1,0.666912,1,0,3530,1688,0.478187,3389,523,0.154323,7.97032,4.4,0.3,0.351164,4613,3138,1475,0.680251,17.7,1.54373,1,83.3333,42.36
GAT-S,learned,123,33,600,10,1,10,test,1,0.705786,1,0,3530,1229,0.348159,3389,260,0.0767188,6.10513,2.8,0.2,0.293933,2711,2091,620,0.771302,7.44,1.43387,1,83.3333,42.36
GAT-S,learned,123,33,600,10,1,10,test,1,0.76646,1,0,3530,453,0.128329,3389,59,0.0174093,4.25872,1.9,0,0.264314,777,694,83,0.893179,0.996,1.22892,1,83.3333,42.36
GAT-S,learned,123,33,600,10,1,10,val,1,0.119797,1,0,2966,2962,0.998651,2785,2780,0.998205,26.677,29.4,17.6,0.987176,101815,3247,98568,0.0318912,1182.82,7.61925,2,83.3333,35.592
GAT-S,learned,123,33,600,10,1,10,val,1,0.227942,1,0,2966,2945,0.99292,2785,2747,0.986355,26.0021,29.3,14.5,0.963982,59364,3657,55707,0.061603,668.484,7.17743,3,83.3333,35.592
GAT-S,learned,123,33,600,10,1,10,val,1,0.295143,1,0,2966,2919,0.984154,2785,2693,0.966966,25.3424,29.2,12.1,0.940837,46879,4059,42820,0.0865846,513.84,6.70009,3,83.3333,35.592
GAT-S,learned,123,33,600,10,1,10,val,1,0.336614,1,0,2966,2894,0.975725,2785,2639,0.947576,24.7271,29,11.03,0.919777,40982,4416,36566,0.107755,438.792,6.18832,3,83.3333,35.592
GAT-S,learned,123,33,600,10,1,10,val,1,0.364605,1,0,2966,2864,0.96561,2785,2580,0.926391,24.0769,28,10,0.8979,37094,4676,32418,0.126058,389.016,5.74715,2,83.3333,35.592
GAT-S,learned,123,33,600,10,1,10,val,1,0.387077,1,0,2966,2829,0.95381,2785,2510,0.901257,23.3175,26.7,8.9,0.872842,33812,4788,29024,0.141607,348.288,5.34465,2,83.3333,35.592
GAT-S,learned,123,33,600,10,1,10,val,1,0.406763,1,0,2966,2794,0.942009,2785,2448,0.878995,22.596,25.7,7.6,0.848849,30741,4890,25851,0.159071,310.212,4.97118,2,83.3333,35.592
GAT-S,learned,123,33,600,10,1,10,val,1,0.423621,1,0,2966,2746,0.925826,2785,2367,0.84991,21.8578,24.7,7,0.824684,28234,4937,23297,0.17486,279.564,4.603,2,83.3333,35.592
GAT-S,learned,123,33,600,10,1,10,val,1,0.439258,1,0,2966,2690,0.906945,2785,2273,0.816158,21.0277,23.8,5.99,0.797842,25777,4968,20809,0.19273,249.708,4.26508,2,83.3333,35.592
GAT-S,learned,123,33,600,10,1,10,val,1,0.45476,1,0,2966,2623,0.884356,2785,2154,0.773429,20.108,23,4.9,0.768224,23162,4819,18343,0.208056,220.116,3.93376,2,83.3333,35.592
GAT-S,learned,123,33,600,10,1,10,val,1,0.470155,1,0,2966,2547,0.858732,2785,2021,0.725673,19.0885,22,4,0.734643,20665,4685,15980,0.226712,191.76,3.59412,2,83.3333,35.592
GAT-S,learned,123,33,600,10,1,10,val,1,0.486463,1,0,2966,2478,0.835469,2785,1867,0.670377,17.9099,20.8,3.3,0.696357,18011,4561,13450,0.253234,161.4,3.30914,2,83.3333,35.592
GAT-S,learned,123,33,600,10,1,10,val,1,0.497315,1,0,2966,2412,0.813216,2785,1758,0.631239,17.1085,19.6,2.8,0.670912,16401,4414,11987,0.26913,143.844,3.09819,2,83.3333,35.592
GAT-S,learned,123,33,600,10,1,10,val,1,0.50404,1,0,2966,2377,0.801416,2785,1672,0.600359,16.5164,18.4,2.6,0.651224,15429,4343,11086,0.281483,133.032,2.9945,2,83.3333,35.592
GAT-S,learned,123,33,600,10,1,10,val,1,0.523799,1,0,2966,2273,0.766352,2785,1448,0.519928,14.9212,13.9,1.9,0.600066,12952,4149,8803,0.320337,105.636,2.69772,1,83.3333,35.592
GAT-S,learned,123,33,600,10,1,10,val,1,0.547116,1,0,2966,2139,0.721173,2785,1197,0.429803,13.3444,11.3,1.5,0.550036,10601,3924,6677,0.370154,80.124,2.42369,1,83.3333,35.592
GAT-S,learned,123,33,600,10,1,10,val,1,0.574252,1,0,2966,2000,0.674309,2785,984,0.353321,12.0305,9.8,1,0.509539,8697,3819,4878,0.439117,58.536,2.18983,1,83.3333,35.592
GAT-S,learned,123,33,600,10,1,10,val,1,0.603596,1,0,2966,1854,0.625084,2785,802,0.287971,10.9513,7.8,0.8,0.474883,7235,3757,3478,0.519281,41.736,1.95658,1,83.3333,35.592
GAT-S,learned,123,33,600,10,1,10,val,1,0.634491,1,0,2966,1710,0.576534,2785,638,0.229084,9.76602,6.2,0.5,0.435902,5704,3446,2258,0.604137,27.096,1.77635,1,83.3333,35.592
GAT-S,learned,123,33,600,10,1,10,val,1,0.666912,1,0,2966,1488,0.501686,2785,471,0.16912,8.36317,4.7,0.3,0.389546,4259,2909,1350,0.683024,16.2,1.59556,1,83.3333,35.592
GAT-S,learned,123,33,600,10,1,10,val,1,0.705786,1,0,2966,1145,0.386042,2785,275,0.0987433,6.54175,3.5,0.1,0.332878,2671,2069,602,0.774616,7.224,1.45349,1,83.3333,35.592
GAT-S,learned,123,33,600,10,1,10,val,1,0.76646,1,0,2966,506,0.1706,2785,51,0.0183124,3.87925,2.05,0,0.266463,885,780,105,0.881356,1.26,1.40952,1,83.3333,35.592
GAT-S,learned,123,33,600,10,1,10,test,1,0.119797,1,0.15,3530,3525,0.998584,3389,3383,0.99823,27.4851,29.4,21.9,0.992573,50296,3501,46795,0.0696079,561.54,35.4145,37,83.3333,42.36
GAT-S,learned,123,33,600,10,1,10,test,1,0.227942,1,0.15,3530,3506,0.993201,3389,3353,0.989377,26.9388,29.4,18.9,0.973834,38827,3573,35254,0.0920236,423.048,18.9247,16,83.3333,42.36
GAT-S,learned,123,33,600,10,1,10,test,1,0.295143,1,0.15,3530,3478,0.985269,3389,3298,0.973148,26.3092,29.3,16.57,0.952655,32845,3684,29161,0.112163,349.932,15.6677,12,83.3333,42.36
GAT-S,learned,123,33,600,10,1,10,test,1,0.336614,1,0.15,3530,3451,0.97762,3389,3238,0.955444,25.6702,29.2,14.4,0.930675,29136,3733,25403,0.128123,304.836,14.3946,11,83.3333,42.36
GAT-S,learned,123,33,600,10,1,10,test,1,0.364605,1,0.15,3530,3413,0.966856,3389,3173,0.936264,25.0929,29.1,13.1,0.911359,26434,3743,22691,0.141598,272.292,13.6652,10,83.3333,42.36
GAT-S,learned,123,33,600,10,1,10,test,1,0.387077,1,0.15,3530,3363,0.952691,3389,3085,0.910298,24.4448,28.2,11.4,0.88984,24210,3740,20470,0.154482,245.64,13.0913,10,83.3333,42.36
GAT-S,learned,123,33,600,10,1,10,test,1,0.406763,1,0.15,3530,3302,0.935411,3389,2992,0.882856,23.6659,26.8,10.31,0.863926,22216,3704,18512,0.166727,222.144,12.553,9,83.3333,42.36
GAT-S,learned,123,33,600,10,1,10,test,1,0.423621,1,0.15,3530,3251,0.920963,3389,2906,0.85748,22.9442,25.5,9.5,0.839822,20453,3665,16788,0.179191,201.456,12.0306,9,83.3333,42.36
GAT-S,learned,123,33,600,10,1,10,test,1,0.439258,1,0.15,3530,3196,0.905382,3389,2796,0.825022,22.1494,24.4,8.1,0.813371,18753,3617,15136,0.192876,181.632,11.5673,8,83.3333,42.36
GAT-S,learned,123,33,600,10,1,10,test,1,0.45476,1,0.15,3530,3141,0.889802,3389,2690,0.793744,21.267,23.6,6.5,0.784008,17000,3554,13446,0.209059,161.352,11.1005,8,83.3333,42.36
GAT-S,learned,123,33,600,10,1,10,test,1,0.470155,1,0.15,3530,3094,0.876487,3389,2563,0.75627,20.1632,22.6,4.8,0.746818,15345,3504,11841,0.228348,142.092,10.5678,7,83.3333,42.36
GAT-S,learned,123,33,600,10,1,10,test,1,0.486463,1,0.15,3530,2993,0.847875,3389,2352,0.69401,18.7928,21.4,3.62,0.701816,13657,3391,10266,0.248298,123.192,9.99016,7,83.3333,42.36
GAT-S,learned,123,33,600,10,1,10,test,1,0.497315,1,0.15,3530,2910,0.824363,3389,2215,0.653585,18.0411,20.5,3,0.677265,12526,3306,9220,0.263931,110.64,9.63644,7,83.3333,42.36
GAT-S,learned,123,33,600,10,1,10,test,1,0.50404,1,0.15,3530,2865,0.811615,3389,2129,0.628209,17.4974,19.9,2.6,0.659426,11864,3257,8607,0.274528,103.284,9.37284,6,83.3333,42.36
GAT-S,learned,123,33,600,10,1,10,test,1,0.523799,1,0.15,3530,2720,0.770538,3389,1838,0.542343,15.8619,15.9,2,0.60602,10007,3080,6927,0.307785,83.124,8.60257,6,83.3333,42.36
GAT-S,learned,123,33,600,10,1,10,test,1,0.547116,1,0.15,3530,2564,0.726346,3389,1521,0.448805,14.1465,12.2,1.5,0.549763,8139,2856,5283,0.350903,63.396,7.77342,5,83.3333,42.36
GAT-S,learned,123,33,600,10,1,10,test,1,0.574252,1,0.15,3530,2381,0.674504,3389,1230,0.362939,12.5816,10.3,1.1,0.499878,6491,2647,3844,0.407795,46.128,6.82778,4,83.3333,42.36
GAT-S,learned,123,33,600,10,1,10,test,1,0.603596,1,0.15,3530,2191,0.62068,3389,987,0.291236,11.1696,8.4,0.8,0.455015,5199,2443,2756,0.469898,33.072,5.97968,4,83.3333,42.36
GAT-S,learned,123,33,600,10,1,10,test,1,0.634491,1,0.15,3530,1996,0.565439,3389,771,0.227501,9.68652,6.4,0.5,0.407057,4073,2238,1835,0.549472,22.02,5.20381,3,83.3333,42.36
GAT-S,learned,123,33,600,10,1,10,test,1,0.666912,1,0.15,3530,1692,0.47932,3389,527,0.155503,8.02671,4.4,0.3,0.352858,2978,1867,1111,0.626931,13.332,4.45455,3,83.3333,42.36
GAT-S,learned,123,33,600,10,1,10,test,1,0.705786,1,0.15,3530,1229,0.348159,3389,260,0.0767188,6.10513,2.8,0.2,0.293933,1823,1338,485,0.733955,5.82,3.92577,3,83.3333,42.36
GAT-S,learned,123,33,600,10,1,10,test,1,0.76646,1,0.15,3530,453,0.128329,3389,59,0.0174093,4.25872,1.9,0,0.264314,534,469,65,0.878277,0.78,3.52308,2,83.3333,42.36
GAT-S,learned,123,33,600,10,1,10,val,1,0.119797,1,0.15,2966,2963,0.998989,2785,2781,0.998564,26.7562,29.4,17.7,0.989836,44597,2947,41650,0.0660807,499.8,35.4194,37,83.3333,35.592
GAT-S,learned,123,33,600,10,1,10,val,1,0.227942,1,0.15,2966,2947,0.993594,2785,2749,0.987074,26.0949,29.3,14.66,0.967071,34179,3010,31169,0.0880658,374.028,18.1962,15,83.3333,35.592
GAT-S,learned,123,33,600,10,1,10,val,1,0.295143,1,0.15,2966,2921,0.984828,2785,2695,0.967684,25.4373,29.2,12.1,0.943998,28503,3083,25420,0.108164,305.04,14.9942,12,83.3333,35.592
GAT-S,learned,123,33,600,10,1,10,val,1,0.336614,1,0.15,2966,2900,0.977748,2785,2645,0.949731,24.8429,29.1,11.09,0.923525,24922,3128,21794,0.125512,261.528,13.8157,10,83.3333,35.592
GAT-S,learned,123,33,600,10,1,10,val,1,0.364605,1,0.15,2966,2876,0.969656,2785,2592,0.9307,24.1892,28.3,10,0.901358,22426,3134,19292,0.139749,231.504,13.1527,10,83.3333,35.592
GAT-S,learned,123,33,600,10,1,10,val,1,0.387077,1,0.15,2966,2843,0.95853,2785,2525,0.906643,23.4831,27.1,8.9,0.878047,20453,3127,17326,0.152887,207.912,12.5574,9,83.3333,35.592
GAT-S,learned,123,33,600,10,1,10,val,1,0.406763,1,0.15,2966,2805,0.945718,2785,2462,0.884022,22.7829,26,7.7,0.854849,18537,3113,15424,0.167934,185.088,12.0897,9,83.3333,35.592
GAT-S,learned,123,33,600,10,1,10,val,1,0.423621,1,0.15,2966,2756,0.929198,2785,2380,0.854578,22.0403,24.95,7,0.83055,16915,3081,13834,0.182146,166.008,11.6677,8,83.3333,35.592
GAT-S,learned,123,33,600,10,1,10,val,1,0.439258,1,0.15,2966,2700,0.910317,2785,2286,0.820826,21.2067,24,6.09,0.803581,15423,3033,12390,0.196654,148.68,11.2374,8,83.3333,35.592
GAT-S,learned,123,33,600,10,1,10,val,1,0.45476,1,0.15,2966,2633,0.887728,2785,2166,0.777738,20.32,23.2,4.9,0.775073,13961,2961,11000,0.212091,132,10.7545,7,83.3333,35.592
GAT-S,learned,123,33,600,10,1,10,val,1,0.470155,1,0.15,2966,2556,0.861767,2785,2031,0.729264,19.2693,22.1,4,0.740469,12487,2895,9592,0.231841,115.104,10.3264,7,83.3333,35.592
GAT-S,learned,123,33,600,10,1,10,val,1,0.486463,1,0.15,2966,2485,0.837829,2785,1874,0.67289,18.0538,20.9,3.3,0.700977,11042,2817,8225,0.255117,98.7,9.73739,6,83.3333,35.592
GAT-S,learned,123,33,600,10,1,10,val,1,0.497315,1,0.15,2966,2421,0.816251,2785,1767,0.63447,17.279,19.9,2.8,0.676346,10066,2726,7340,0.270813,88.08,9.36826,6,83.3333,35.592
GAT-S,learned,123,33,600,10,1,10,val,1,0.50404,1,0.15,2966,2388,0.805125,2785,1683,0.604309,16.6862,18.6,2.6,0.656552,9550,2682,6868,0.280838,82.416,9.11328,6,83.3333,35.592
GAT-S,learned,123,33,600,10,1,10,val,1,0.523799,1,0.15,2966,2286,0.770735,2785,1466,0.526391,15.1599,14.1,2,0.607598,8058,2546,5512,0.315959,66.144,8.48041,6,83.3333,35.592
GAT-S,learned,123,33,600,10,1,10,val,1,0.547116,1,0.15,2966,2151,0.725219,2785,1211,0.434829,13.5364,11.3,1.5,0.555984,6690,2371,4319,0.35441,51.828,7.60963,5,83.3333,35.592
GAT-S,learned,123,33,600,10,1,10,val,1,0.574252,1,0.15,2966,2007,0.676669,2785,993,0.356553,12.1582,9.8,1.1,0.513512,5491,2233,3258,0.406665,39.096,6.79957,4,83.3333,35.592
GAT-S,learned,123,33,600,10,1,10,val,1,0.603596,1,0.15,2966,1856,0.625759,2785,805,0.289048,11.0199,7.9,0.8,0.477083,4437,2072,2365,0.466982,28.38,6.06512,4,83.3333,35.592
GAT-S,learned,123,33,600,10,1,10,val,1,0.634491,1,0.15,2966,1710,0.576534,2785,638,0.229084,9.78883,6.2,0.5,0.436682,3518,1922,1596,0.546333,19.152,5.3916,3,83.3333,35.592
GAT-S,learned,123,33,600,10,1,10,val,1,0.666912,1,0.15,2966,1490,0.50236,2785,473,0.169838,8.39369,4.7,0.3,0.390458,2679,1676,1003,0.625607,12.036,4.5663,3,83.3333,35.592
GAT-S,learned,123,33,600,10,1,10,val,1,0.705786,1,0.15,2966,1145,0.386042,2785,275,0.0987433,6.55921,3.5,0.1,0.333468,1753,1273,480,0.726184,5.76,3.93542,3,83.3333,35.592
GAT-S,learned,123,33,600,10,1,10,val,1,0.76646,1,0.15,2966,506,0.1706,2785,51,0.0183124,3.87925,2.05,0,0.266463,608,527,81,0.866776,0.972,4.14815,3,83.3333,35.592
GAT-S,learned,123,33,600,10,1,10,test,1,0.119797,0.5,0,3530,3518,0.996601,3389,3376,0.996164,27.3826,29.4,21.54,0.989157,69231,3614,65617,0.052202,787.404,13.2698,7,83.3333,42.36
GAT-S,learned,123,33,600,10,1,10,test,1,0.227942,0.5,0,3530,3493,0.989518,3389,3331,0.982886,26.6242,29.3,18.2,0.963358,43191,3859,39332,0.0893473,471.984,11.7706,7,83.3333,42.36
GAT-S,learned,123,33,600,10,1,10,test,1,0.295143,0.5,0,3530,3448,0.976771,3389,3241,0.956329,25.7679,29.2,15.2,0.934627,34768,4091,30677,0.117666,368.124,10.7314,6,83.3333,42.36
GAT-S,learned,123,33,600,10,1,10,test,1,0.336614,0.5,0,3530,3395,0.961756,3389,3149,0.929183,24.9257,28.5,12.94,0.906224,30381,4224,26157,0.139034,313.884,9.86512,6,83.3333,42.36
GAT-S,learned,123,33,600,10,1,10,test,1,0.364605,0.5,0,3530,3326,0.94221,3389,3044,0.8982,24.1255,27.4,11.25,0.879759,27557,4350,23207,0.157855,278.484,9.15073,6,83.3333,42.36
GAT-S,learned,123,33,600,10,1,10,test,1,0.387077,0.5,0,3530,3265,0.924929,3389,2943,0.868398,23.3038,26.2,10.1,0.852292,25283,4475,20808,0.176996,249.696,8.46703,5,83.3333,42.36
GAT-S,learned,123,33,600,10,1,10,test,1,0.406763,0.5,0,3530,3208,0.908782,3389,2830,0.835055,22.3983,24.9,8.8,0.822174,23141,4522,18619,0.195411,223.428,7.81787,5,83.3333,42.36
GAT-S,learned,123,33,600,10,1,10,test,1,0.423621,0.5,0,3530,3145,0.890935,3389,2716,0.801416,21.488,24,6.8,0.791785,21151,4503,16648,0.212898,199.776,7.25493,4,83.3333,42.36
GAT-S,learned,123,33,600,10,1,10,test,1,0.439258,0.5,0,3530,3080,0.872521,3389,2594,0.765418,20.5953,23.1,5.5,0.762251,19220,4467,14753,0.232414,177.036,6.72216,4,83.3333,42.36
GAT-S,learned,123,33,600,10,1,10,test,1,0.45476,0.5,0,3530,3016,0.854391,3389,2442,0.720567,19.3959,22,4.1,0.722036,17086,4326,12760,0.25319,153.12,6.26042,4,83.3333,42.36
GAT-S,learned,123,33,600,10,1,10,test,1,0.470155,0.5,0,3530,2906,0.823229,3389,2244,0.662142,18.1809,20.8,3.05,0.682583,15064,4181,10883,0.277549,130.596,5.76192,4,83.3333,42.36
GAT-S,learned,123,33,600,10,1,10,test,1,0.486463,0.5,0,3530,2787,0.789518,3389,2015,0.594571,16.838,19.4,2.2,0.638772,12962,4003,8959,0.308826,107.508,5.28496,3,83.3333,42.36
GAT-S,learned,123,33,600,10,1,10,test,1,0.497315,0.5,0,3530,2699,0.764589,3389,1855,0.547359,15.9758,17.4,2,0.610511,11559,3823,7736,0.330738,92.832,4.99108,3,83.3333,42.36
GAT-S,learned,123,33,600,10,1,10,test,1,0.50404,0.5,0,3530,2649,0.750425,3389,1757,0.518442,15.4193,15.9,1.7,0.592627,10783,3733,7050,0.346193,84.6,4.79858,3,83.3333,42.36
GAT-S,learned,123,33,600,10,1,10,test,1,0.523799,0.5,0,3530,2496,0.707082,3389,1464,0.431986,13.7524,12.2,1.2,0.538713,8651,3427,5224,0.396139,62.688,4.36773,3,83.3333,42.36
GAT-S,learned,123,33,600,10,1,10,test,1,0.547116,0.5,0,3530,2309,0.654108,3389,1180,0.348185,12.2167,10.2,0.8,0.490281,6676,3201,3475,0.479479,41.7,4.10532,2,83.3333,42.36
GAT-S,learned,123,33,600,10,1,10,test,1,0.574252,0.5,0,3530,2048,0.58017,3389,907,0.267631,10.7117,8.3,0.6,0.445693,5165,2876,2289,0.556825,27.468,3.72958,2,83.3333,42.36
GAT-S,learned,123,33,600,10,1,10,test,1,0.603596,0.5,0,3530,1798,0.509348,3389,696,0.20537,9.40868,6.6,0.3,0.406558,3990,2579,1411,0.646366,16.932,3.31751,2,83.3333,42.36
GAT-S,learned,123,33,600,10,1,10,test,1,0.634491,0.5,0,3530,1482,0.41983,3389,469,0.138389,8.13866,5,0.2,0.372684,2907,2157,750,0.742002,9,3.06933,2,83.3333,42.36
GAT-S,learned,123,33,600,10,1,10,test,1,0.666912,0.5,0,3530,1091,0.309065,3389,269,0.0793744,6.89432,3.7,0,0.341,1946,1543,403,0.792909,4.836,2.55335,2,83.3333,42.36
GAT-S,learned,123,33,600,10,1,10,test,1,0.705786,0.5,0,3530,620,0.175637,3389,115,0.0339333,5.66887,2.95,0,0.331827,988,864,124,0.874494,1.488,2.49194,2,83.3333,42.36
GAT-S,learned,123,33,600,10,1,10,test,1,0.76646,0.5,0,3530,185,0.0524079,3389,16,0.00472116,3.81784,2,0,0.324176,251,237,14,0.944223,0.168,1.21429,1,83.3333,42.36
GAT-S,learned,123,33,600,10,1,10,val,1,0.119797,0.5,0,2966,2961,0.998314,2785,2779,0.997846,26.6391,29.4,17.3,0.985913,61718,3042,58676,0.0492887,704.112,12.6652,6,83.3333,35.592
GAT-S,learned,123,33,600,10,1,10,val,1,0.227942,0.5,0,2966,2937,0.990223,2785,2730,0.980251,25.7838,29.3,13.7,0.956424,37657,3226,34431,0.085668,413.172,11.2489,6,83.3333,35.592
GAT-S,learned,123,33,600,10,1,10,val,1,0.295143,0.5,0,2966,2900,0.977748,2785,2642,0.948654,24.8909,29.1,11.2,0.925505,29730,3410,26320,0.114699,315.84,10.3217,6,83.3333,35.592
GAT-S,learned,123,33,600,10,1,10,val,1,0.336614,0.5,0,2966,2860,0.964262,2785,2577,0.925314,24.0795,28,10,0.898211,25872,3597,22275,0.139031,267.3,9.4382,6,83.3333,35.592
GAT-S,learned,123,33,600,10,1,10,val,1,0.364605,0.5,0,2966,2820,0.950775,2785,2497,0.896589,23.1901,26.55,8.5,0.868551,23212,3736,19476,0.160951,233.712,8.78183,5,83.3333,35.592
GAT-S,learned,123,33,600,10,1,10,val,1,0.387077,0.5,0,2966,2762,0.93122,2785,2400,0.861759,22.3332,25.3,7.2,0.840529,20950,3742,17208,0.178616,206.496,8.18119,5,83.3333,35.592
GAT-S,learned,123,33,600,10,1,10,val,1,0.406763,0.5,0,2966,2706,0.91234,2785,2298,0.825135,21.4768,24.3,6.4,0.812694,18878,3745,15133,0.198379,181.596,7.64283,5,83.3333,35.592
GAT-S,learned,123,33,600,10,1,10,val,1,0.423621,0.5,0,2966,2635,0.888402,2785,2178,0.782047,20.5682,23.4,5.2,0.783533,17207,3713,13494,0.215784,161.928,7.07655,4,83.3333,35.592
GAT-S,learned,123,33,600,10,1,10,val,1,0.439258,0.5,0,2966,2572,0.867161,2785,2067,0.74219,19.6156,22.5,4.2,0.752669,15425,3660,11765,0.237277,141.18,6.63068,4,83.3333,35.592
GAT-S,learned,123,33,600,10,1,10,val,1,0.45476,0.5,0,2966,2497,0.841875,2785,1928,0.69228,18.5253,21.5,3.26,0.717234,13679,3557,10122,0.260034,121.464,6.18366,4,83.3333,35.592
GAT-S,learned,123,33,600,10,1,10,val,1,0.470155,0.5,0,2966,2411,0.812879,2785,1771,0.635907,17.3674,20.2,2.7,0.679694,11897,3393,8504,0.285198,102.048,5.77317,3,83.3333,35.592
GAT-S,learned,123,33,600,10,1,10,val,1,0.486463,0.5,0,2966,2307,0.777815,2785,1582,0.568043,16.0821,18.2,2,0.639479,10196,3209,6987,0.314731,83.844,5.35809,3,83.3333,35.592
GAT-S,learned,123,33,600,10,1,10,val,1,0.497315,0.5,0,2966,2232,0.752529,2785,1467,0.52675,15.2325,15.5,1.8,0.612718,9207,3097,6110,0.336374,73.32,5.0599,3,83.3333,35.592
GAT-S,learned,123,33,600,10,1,10,val,1,0.50404,0.5,0,2966,2185,0.736682,2785,1391,0.499461,14.7338,14,1.7,0.596832,8592,3039,5553,0.353701,66.636,4.92761,3,83.3333,35.592
GAT-S,learned,123,33,600,10,1,10,val,1,0.523799,0.5,0,2966,2059,0.694201,2785,1152,0.413645,13.2036,11.4,1.1,0.549202,6952,2786,4166,0.400748,49.992,4.56193,3,83.3333,35.592
GAT-S,learned,123,33,600,10,1,10,val,1,0.547116,0.5,0,2966,1914,0.645314,2785,941,0.337882,11.8456,9.8,0.8,0.507445,5591,2611,2980,0.467001,35.76,4.1651,2,83.3333,35.592
GAT-S,learned,123,33,600,10,1,10,val,1,0.574252,0.5,0,2966,1771,0.5971,2785,761,0.27325,10.5854,7.7,0.5,0.46872,4518,2478,2040,0.548473,24.48,3.73137,2,83.3333,35.592
GAT-S,learned,123,33,600,10,1,10,val,1,0.603596,0.5,0,2966,1577,0.531693,2785,587,0.210772,9.45821,6.1,0.3,0.435485,3568,2295,1273,0.643217,15.276,3.40848,2,83.3333,35.592
GAT-S,learned,123,33,600,10,1,10,val,1,0.634491,0.5,0,2966,1306,0.440324,2785,436,0.156553,8.49464,5.1,0.15,0.411099,2690,1928,762,0.716729,9.144,3.00262,2,83.3333,35.592
GAT-S,learned,123,33,600,10,1,10,val,1,0.666912,0.5,0,2966,994,0.335131,2785,270,0.0969479,7.30302,4.25,0.1,0.386418,1804,1448,356,0.802661,4.272,2.75843,2,83.3333,35.592
GAT-S,learned,123,33,600,10,1,10,val,1,0.705786,0.5,0,2966,633,0.213419,2785,111,0.0398564,5.53081,3.2,0,0.35018,999,871,128,0.871872,1.536,2.53125,2,83.3333,35.592
GAT-S,learned,123,33,600,10,1,10,val,1,0.76646,0.5,0,2966,209,0.0704653,2785,14,0.00502693,3.50526,2,0,0.336557,295,273,22,0.925424,0.264,2.40909,1,83.3333,35.592
GAT-S,learned,123,33,600,10,1,10,test,1,0.119797,0.5,0.15,3530,3522,0.997734,3389,3380,0.997344,27.4318,29.4,21.7,0.990757,45290,3498,41792,0.0772356,501.504,35.3997,36,83.3333,42.36
GAT-S,learned,123,33,600,10,1,10,test,1,0.227942,0.5,0.15,3530,3501,0.991785,3389,3343,0.986427,26.7297,29.3,18.3,0.96679,30430,3487,26943,0.114591,323.316,23.9354,23,83.3333,42.36
GAT-S,learned,123,33,600,10,1,10,test,1,0.295143,0.5,0.15,3530,3458,0.979603,3389,3252,0.959575,25.857,29.2,15.2,0.937453,24840,3486,21354,0.140338,256.248,20.385,19,83.3333,42.36
GAT-S,learned,123,33,600,10,1,10,test,1,0.336614,0.5,0.15,3530,3404,0.964306,3389,3159,0.932133,25.0401,28.8,13.03,0.909915,21620,3453,18167,0.159713,218.004,18.7609,18,83.3333,42.36
GAT-S,learned,123,33,600,10,1,10,test,1,0.364605,0.5,0.15,3530,3344,0.947309,3389,3063,0.903806,24.2654,27.7,11.3,0.884131,19477,3421,16056,0.175643,192.672,17.7799,17,83.3333,42.36
GAT-S,learned,123,33,600,10,1,10,test,1,0.387077,0.5,0.15,3530,3287,0.931161,3389,2966,0.875184,23.472,26.5,10.16,0.85754,17750,3382,14368,0.190535,172.416,16.8655,16,83.3333,42.36
GAT-S,learned,123,33,600,10,1,10,test,1,0.406763,0.5,0.15,3530,3224,0.913314,3389,2847,0.840071,22.5598,25.2,8.9,0.82731,16154,3338,12816,0.206636,153.792,16.1401,15,83.3333,42.36
GAT-S,learned,123,33,600,10,1,10,test,1,0.423621,0.5,0.15,3530,3164,0.896317,3389,2737,0.807613,21.6441,24.1,6.9,0.796665,14708,3285,11423,0.223348,137.076,15.4643,14,83.3333,42.36
GAT-S,learned,123,33,600,10,1,10,test,1,0.439258,0.5,0.15,3530,3097,0.877337,3389,2613,0.771024,20.782,23.2,5.56,0.768205,13320,3227,10093,0.242267,121.116,14.8697,13,83.3333,42.36
GAT-S,learned,123,33,600,10,1,10,test,1,0.45476,0.5,0.15,3530,3036,0.860057,3389,2463,0.726763,19.5851,22.2,4.2,0.727993,11944,3159,8785,0.264484,105.42,14.2645,13,83.3333,42.36
GAT-S,learned,123,33,600,10,1,10,test,1,0.470155,0.5,0.15,3530,2920,0.827195,3389,2258,0.666273,18.3472,21,3.1,0.687877,10555,3045,7510,0.288489,90.12,13.5772,12,83.3333,42.36
GAT-S,learned,123,33,600,10,1,10,test,1,0.486463,0.5,0.15,3530,2799,0.792918,3389,2029,0.598702,16.9925,19.5,2.2,0.643689,9176,2916,6260,0.317786,75.12,12.9212,11,83.3333,42.36
GAT-S,learned,123,33,600,10,1,10,test,1,0.497315,0.5,0.15,3530,2710,0.767705,3389,1870,0.551785,16.1381,17.7,2,0.615694,8276,2824,5452,0.341228,65.424,12.4373,11,83.3333,42.36
GAT-S,learned,123,33,600,10,1,10,test,1,0.50404,0.5,0.15,3530,2660,0.753541,3389,1772,0.522868,15.5708,16.1,1.7,0.597438,7746,2768,4978,0.357346,59.736,12.1603,10,83.3333,42.36
GAT-S,learned,123,33,600,10,1,10,test,1,0.523799,0.5,0.15,3530,2506,0.709915,3389,1478,0.436117,13.901,12.3,1.2,0.543431,6362,2602,3760,0.408991,45.12,11.2819,9,83.3333,42.36
GAT-S,learned,123,33,600,10,1,10,test,1,0.547116,0.5,0.15,3530,2318,0.656657,3389,1194,0.352316,12.3759,10.3,0.8,0.495342,4957,2392,2565,0.48255,30.78,10.5688,8,83.3333,42.36
GAT-S,learned,123,33,600,10,1,10,test,1,0.574252,0.5,0.15,3530,2053,0.581586,3389,914,0.269696,10.8142,8.4,0.6,0.44895,3788,2106,1682,0.555966,20.184,9.96136,7,83.3333,42.36
GAT-S,learned,123,33,600,10,1,10,test,1,0.603596,0.5,0.15,3530,1804,0.511048,3389,702,0.207141,9.50039,6.7,0.3,0.409339,2879,1852,1027,0.643279,12.324,9.14021,7,83.3333,42.36
GAT-S,learned,123,33,600,10,1,10,test,1,0.634491,0.5,0.15,3530,1487,0.421246,3389,474,0.139864,8.21553,5,0.2,0.37493,2088,1521,567,0.728448,6.804,8.39153,6,83.3333,42.36
GAT-S,learned,123,33,600,10,1,10,test,1,0.666912,0.5,0.15,3530,1094,0.309915,3389,272,0.0802597,6.95823,3.8,0,0.342838,1413,1110,303,0.785563,3.636,7.28053,5,83.3333,42.36
GAT-S,learned,123,33,600,10,1,10,test,1,0.705786,0.5,0.15,3530,620,0.175637,3389,115,0.0339333,5.66887,2.95,0,0.331827,725,626,99,0.863448,1.188,6.9596,5,83.3333,42.36
GAT-S,learned,123,33,600,10,1,10,test,1,0.76646,0.5,0.15,3530,185,0.0524079,3389,16,0.00472116,3.81784,2,0,0.324176,196,186,10,0.94898,0.12,5.1,3,83.3333,42.36
GAT-S,learned,123,33,600,10,1,10,val,1,0.119797,0.5,0.15,2966,2962,0.998651,2785,2780,0.998205,26.7017,29.4,17.7,0.988003,40062,2946,37116,0.073536,445.392,35.4936,37,83.3333,35.592
GAT-S,learned,123,33,600,10,1,10,val,1,0.227942,0.5,0.15,2966,2943,0.992245,2785,2738,0.983124,25.9083,29.3,14.02,0.960467,26486,2940,23546,0.111002,282.552,23.2663,22,83.3333,35.592
GAT-S,learned,123,33,600,10,1,10,val,1,0.295143,0.5,0.15,2966,2903,0.978759,2785,2646,0.95009,24.9866,29.1,11.3,0.928662,21380,2923,18457,0.136717,221.484,19.6287,18,83.3333,35.592
GAT-S,learned,123,33,600,10,1,10,val,1,0.336614,0.5,0.15,2966,2863,0.965273,2785,2581,0.92675,24.1624,28.2,10.02,0.900925,18525,2916,15609,0.157409,187.308,18.0183,17,83.3333,35.592
GAT-S,learned,123,33,600,10,1,10,val,1,0.364605,0.5,0.15,2966,2828,0.953473,2785,2506,0.89982,23.28,26.8,8.6,0.871358,16498,2889,13609,0.175112,163.308,17.0489,16,83.3333,35.592
GAT-S,learned,123,33,600,10,1,10,val,1,0.387077,0.5,0.15,2966,2772,0.934592,2785,2412,0.866068,22.4566,25.5,7.31,0.844399,14848,2838,12010,0.191137,144.12,16.3216,15,83.3333,35.592
GAT-S,learned,123,33,600,10,1,10,val,1,0.406763,0.5,0.15,2966,2712,0.914363,2785,2306,0.828007,21.611,24.4,6.41,0.817044,13334,2784,10550,0.20879,126.6,15.6719,14,83.3333,35.592
GAT-S,learned,123,33,600,10,1,10,val,1,0.423621,0.5,0.15,2966,2643,0.891099,2785,2188,0.785637,20.7096,23.5,5.22,0.788062,12080,2718,9362,0.225,112.344,15.0123,13,83.3333,35.592
GAT-S,learned,123,33,600,10,1,10,val,1,0.439258,0.5,0.15,2966,2581,0.870196,2785,2077,0.745781,19.7357,22.6,4.2,0.75643,10885,2660,8225,0.244373,98.7,14.4246,13,83.3333,35.592
GAT-S,learned,123,33,600,10,1,10,val,1,0.45476,0.5,0.15,2966,2510,0.846258,2785,1943,0.697666,18.678,21.6,3.39,0.721951,9687,2592,7095,0.267575,85.14,13.8778,12,83.3333,35.592
GAT-S,learned,123,33,600,10,1,10,val,1,0.470155,0.5,0.15,2966,2425,0.817599,2785,1785,0.640934,17.5042,20.3,2.7,0.68379,8489,2495,5994,0.29391,71.928,13.2401,11,83.3333,35.592
GAT-S,learned,123,33,600,10,1,10,val,1,0.486463,0.5,0.15,2966,2320,0.782198,2785,1595,0.572711,16.2444,18.4,2.09,0.644446,7319,2393,4926,0.326957,59.112,12.7422,11,83.3333,35.592
GAT-S,learned,123,33,600,10,1,10,val,1,0.497315,0.5,0.15,2966,2247,0.757586,2785,1483,0.532496,15.4057,15.6,1.8,0.617943,6616,2317,4299,0.350212,51.588,12.345,10,83.3333,35.592
GAT-S,learned,123,33,600,10,1,10,val,1,0.50404,0.5,0.15,2966,2199,0.741403,2785,1407,0.505206,14.9075,14.1,1.7,0.602098,6192,2265,3927,0.365795,47.124,12.0904,10,83.3333,35.592
GAT-S,learned,123,33,600,10,1,10,val,1,0.523799,0.5,0.15,2966,2074,0.699258,2785,1169,0.419749,13.4058,11.6,1.2,0.555303,5092,2126,2966,0.417518,35.592,11.4518,9,83.3333,35.592
GAT-S,learned,123,33,600,10,1,10,val,1,0.547116,0.5,0.15,2966,1924,0.648685,2785,951,0.341472,11.998,9.8,0.8,0.512037,4108,1972,2136,0.480039,25.632,10.5796,8,83.3333,35.592
GAT-S,learned,123,33,600,10,1,10,val,1,0.574252,0.5,0.15,2966,1777,0.599123,2785,768,0.275763,10.6918,7.8,0.5,0.47196,3291,1833,1458,0.556974,17.496,9.77366,8,83.3333,35.592
GAT-S,learned,123,33,600,10,1,10,val,1,0.603596,0.5,0.15,2966,1580,0.532704,2785,592,0.212567,9.54203,6.1,0.3,0.438118,2546,1622,924,0.637078,11.088,9.18939,7,83.3333,35.592
GAT-S,learned,123,33,600,10,1,10,val,1,0.634491,0.5,0.15,2966,1307,0.440661,2785,437,0.156912,8.51882,5.1,0.16,0.411837,1908,1342,566,0.703354,6.792,8.44876,7,83.3333,35.592
GAT-S,learned,123,33,600,10,1,10,val,1,0.666912,0.5,0.15,2966,995,0.335469,2785,271,0.097307,7.34704,4.3,0.1,0.387787,1303,1021,282,0.783576,3.384,6.9539,5,83.3333,35.592
GAT-S,learned,123,33,600,10,1,10,val,1,0.705786,0.5,0.15,2966,633,0.213419,2785,111,0.0398564,5.53081,3.2,0,0.35018,740,638,102,0.862162,1.224,6.83333,5.5,83.3333,35.592
GAT-S,learned,123,33,600,10,1,10,val,1,0.76646,0.5,0.15,2966,209,0.0704653,2785,14,0.00502693,3.50526,2,0,0.336557,227,209,18,0.920705,0.216,6.83333,7,83.3333,35.592
GAT-S,learned,123,33,600,10,1,10,test,1,0.119797,0.25,0,3530,3515,0.995751,3389,3370,0.994394,27.3084,29.4,21.04,0.986673,51336,3534,47802,0.0688406,573.624,18.0109,14,83.3333,42.36
GAT-S,learned,123,33,600,10,1,10,test,1,0.227942,0.25,0,3530,3469,0.98272,3389,3297,0.972853,26.1855,29.2,16.9,0.948862,32006,3613,28393,0.112885,340.716,15.6241,12,83.3333,42.36
GAT-S,learned,123,33,600,10,1,10,test,1,0.295143,0.25,0,3530,3385,0.958924,3389,3150,0.929478,24.8554,27.9,13.44,0.904733,25400,3648,21752,0.143622,261.024,13.9919,11,83.3333,42.36
GAT-S,learned,123,33,600,10,1,10,test,1,0.336614,0.25,0,3530,3301,0.935127,3389,3018,0.890528,23.6326,26.4,11.1,0.863738,21916,3696,18220,0.168644,218.64,12.7295,9,83.3333,42.36
GAT-S,learned,123,33,600,10,1,10,test,1,0.364605,0.25,0,3530,3218,0.911615,3389,2876,0.848628,22.5403,25,9.57,0.827626,19659,3709,15950,0.188667,191.4,11.6712,8,83.3333,42.36
GAT-S,learned,123,33,600,10,1,10,test,1,0.387077,0.25,0,3530,3142,0.890085,3389,2734,0.806728,21.4434,23.7,7.9,0.791101,17685,3707,13978,0.209613,167.736,10.8025,7,83.3333,42.36
GAT-S,learned,123,33,600,10,1,10,test,1,0.406763,0.25,0,3530,3046,0.86289,3389,2575,0.759811,20.3425,22.7,5.6,0.754843,15748,3677,12071,0.23349,144.852,10.0967,7,83.3333,42.36
GAT-S,learned,123,33,600,10,1,10,test,1,0.423621,0.25,0,3530,2972,0.841926,3389,2427,0.71614,19.2609,21.7,4.4,0.719053,14003,3621,10382,0.258587,124.584,9.51907,6,83.3333,42.36
GAT-S,learned,123,33,600,10,1,10,test,1,0.439258,0.25,0,3530,2869,0.812748,3389,2220,0.65506,18.0355,20.6,3.2,0.67885,12407,3474,8933,0.280003,107.196,8.90026,6,83.3333,42.36
GAT-S,learned,123,33,600,10,1,10,test,1,0.45476,0.25,0,3530,2763,0.78272,3389,2030,0.598997,16.8448,19.3,2.5,0.640196,10732,3337,7395,0.310939,88.74,8.45571,6,83.3333,42.36
GAT-S,learned,123,33,600,10,1,10,test,1,0.470155,0.25,0,3530,2636,0.746742,3389,1800,0.53113,15.5575,17.2,1.85,0.598806,9265,3165,6100,0.341608,73.2,7.86164,5,83.3333,42.36
GAT-S,learned,123,33,600,10,1,10,test,1,0.486463,0.25,0,3530,2484,0.703683,3389,1558,0.459723,14.3117,14.2,1.4,0.559589,7751,2957,4794,0.381499,57.528,7.33354,5,83.3333,42.36
GAT-S,learned,123,33,600,10,1,10,test,1,0.497315,0.25,0,3530,2397,0.679037,3389,1425,0.420478,13.5422,12.5,1.1,0.534723,6882,2839,4043,0.412525,48.516,7.02226,5,83.3333,42.36
GAT-S,learned,123,33,600,10,1,10,test,1,0.50404,0.25,0,3530,2336,0.661756,3389,1321,0.38979,12.9931,11.5,0.9,0.517482,6346,2740,3606,0.431768,43.272,6.84276,5,83.3333,42.36
GAT-S,learned,123,33,600,10,1,10,test,1,0.523799,0.25,0,3530,2125,0.601983,3389,1070,0.315727,11.7502,10.1,0.64,0.481262,5002,2453,2549,0.490404,30.588,6.29933,4,83.3333,42.36
GAT-S,learned,123,33,600,10,1,10,test,1,0.547116,0.25,0,3530,1867,0.528895,3389,835,0.246385,10.5925,8.5,0.4,0.450272,3801,2173,1628,0.571692,19.536,6.04054,4,83.3333,42.36
GAT-S,learned,123,33,600,10,1,10,test,1,0.574252,0.25,0,3530,1560,0.441926,3389,636,0.187666,9.75135,7.5,0.3,0.434393,2845,1849,996,0.649912,11.952,5.59237,4,83.3333,42.36
GAT-S,learned,123,33,600,10,1,10,test,1,0.603596,0.25,0,3530,1267,0.358924,3389,455,0.134258,8.82013,6.4,0.2,0.417033,2085,1512,573,0.72518,6.876,5.06457,3,83.3333,42.36
GAT-S,learned,123,33,600,10,1,10,test,1,0.634491,0.25,0,3530,904,0.256091,3389,272,0.0802597,7.87235,5.4,0.2,0.412963,1429,1124,305,0.786564,3.66,4.22623,3,83.3333,42.36
GAT-S,learned,123,33,600,10,1,10,test,1,0.666912,0.25,0,3530,596,0.168839,3389,140,0.0413101,6.8599,4.3,0,0.40366,881,746,135,0.846765,1.62,3.65926,2,83.3333,42.36
GAT-S,learned,123,33,600,10,1,10,test,1,0.705786,0.25,0,3530,316,0.0895184,3389,49,0.0144585,5.50886,3.1,0.1,0.410594,414,371,43,0.896135,0.516,3.04651,2,83.3333,42.36
GAT-S,learned,123,33,600,10,1,10,test,1,0.76646,0.25,0,3530,84,0.023796,3389,4,0.00118029,3.55238,2.25,0,0.447788,98,94,4,0.959184,0.048,1,1,83.3333,42.36
GAT-S,learned,123,33,600,10,1,10,val,1,0.119797,0.25,0,2966,2959,0.99764,2785,2774,0.99605,26.5447,29.4,16.8,0.982658,45306,2993,42313,0.0660619,507.756,17.384,13,83.3333,35.592
GAT-S,learned,123,33,600,10,1,10,val,1,0.227942,0.25,0,2966,2908,0.980445,2785,2688,0.965171,25.3398,29.1,12.6,0.942024,28008,3046,24962,0.108755,299.544,14.8413,11,83.3333,35.592
GAT-S,learned,123,33,600,10,1,10,val,1,0.295143,0.25,0,2966,2853,0.961902,2785,2577,0.925314,23.9431,27.4,10.12,0.894172,21695,3074,18621,0.141692,223.452,13.4364,10,83.3333,35.592
GAT-S,learned,123,33,600,10,1,10,val,1,0.336614,0.25,0,2966,2784,0.938638,2785,2447,0.878636,22.6555,25.7,8.3,0.851551,18451,3105,15346,0.168284,184.152,12.2422,9,83.3333,35.592
GAT-S,learned,123,33,600,10,1,10,val,1,0.364605,0.25,0,2966,2694,0.908294,2785,2314,0.83088,21.5828,24.3,6.9,0.816971,16261,3104,13157,0.190886,157.884,11.3293,8,83.3333,35.592
GAT-S,learned,123,33,600,10,1,10,val,1,0.387077,0.25,0,2966,2613,0.880984,2785,2182,0.783483,20.5487,23.2,5.9,0.784051,14468,3098,11370,0.214128,136.44,10.5513,7,83.3333,35.592
GAT-S,learned,123,33,600,10,1,10,val,1,0.406763,0.25,0,2966,2530,0.853001,2785,2050,0.736086,19.4949,22.2,4.6,0.750307,12770,3040,9730,0.238058,116.76,9.91346,7,83.3333,35.592
GAT-S,learned,123,33,600,10,1,10,val,1,0.423621,0.25,0,2966,2459,0.829063,2785,1914,0.687253,18.3341,21.1,3.4,0.712639,11256,2990,8266,0.265636,99.192,9.42391,6,83.3333,35.592
GAT-S,learned,123,33,600,10,1,10,val,1,0.439258,0.25,0,2966,2377,0.801416,2785,1765,0.633752,17.2151,20,2.6,0.676717,9924,2881,7043,0.290306,84.516,8.85546,6,83.3333,35.592
GAT-S,learned,123,33,600,10,1,10,val,1,0.45476,0.25,0,2966,2283,0.769724,2785,1601,0.574865,16.0365,18.4,2.2,0.639862,8467,2729,5738,0.32231,68.856,8.54252,6,83.3333,35.592
GAT-S,learned,123,33,600,10,1,10,val,1,0.470155,0.25,0,2966,2164,0.729602,2785,1415,0.508079,14.8459,15.35,1.5,0.60277,7273,2580,4693,0.354737,56.316,8.0961,5,83.3333,35.592
GAT-S,learned,123,33,600,10,1,10,val,1,0.486463,0.25,0,2966,2060,0.694538,2785,1235,0.443447,13.6679,12.6,1.2,0.566884,6239,2404,3835,0.385318,46.02,7.43207,5,83.3333,35.592
GAT-S,learned,123,33,600,10,1,10,val,1,0.497315,0.25,0,2966,1984,0.668914,2785,1110,0.398564,12.9059,11.5,0.8,0.543599,5531,2317,3214,0.418912,38.568,7.24082,5,83.3333,35.592
GAT-S,learned,123,33,600,10,1,10,val,1,0.50404,0.25,0,2966,1938,0.653405,2785,1053,0.378097,12.5424,11,0.7,0.532316,5105,2243,2862,0.439373,34.344,7.13103,5,83.3333,35.592
GAT-S,learned,123,33,600,10,1,10,val,1,0.523799,0.25,0,2966,1788,0.602832,2785,879,0.315619,11.5664,9.7,0.5,0.505786,4167,2064,2103,0.49532,25.236,6.62672,4,83.3333,35.592
GAT-S,learned,123,33,600,10,1,10,val,1,0.547116,0.25,0,2966,1604,0.540796,2785,719,0.258169,10.5436,8.4,0.3,0.47965,3327,1870,1457,0.562068,17.484,6.11805,4,83.3333,35.592
GAT-S,learned,123,33,600,10,1,10,val,1,0.574252,0.25,0,2966,1358,0.457856,2785,553,0.198564,9.87408,7.2,0.2,0.472029,2558,1610,948,0.629398,11.376,5.48207,4,83.3333,35.592
GAT-S,learned,123,33,600,10,1,10,val,1,0.603596,0.25,0,2966,1116,0.376264,2785,409,0.146858,9.17482,6.7,0.2,0.46266,1974,1389,585,0.703647,7.02,4.69573,3,83.3333,35.592
GAT-S,learned,123,33,600,10,1,10,val,1,0.634491,0.25,0,2966,861,0.29029,2785,260,0.0933573,7.9302,5.4,0.1,0.438033,1358,1053,305,0.775405,3.66,4.18033,3,83.3333,35.592
GAT-S,learned,123,33,600,10,1,10,val,1,0.666912,0.25,0,2966,596,0.200944,2785,149,0.0535009,6.76913,4.4,0.15,0.434629,847,726,121,0.857143,1.452,4.39669,3,83.3333,35.592
GAT-S,learned,123,33,600,10,1,10,val,1,0.705786,0.25,0,2966,359,0.121038,2785,56,0.0201077,5.70724,3.9,0,0.44584,476,425,51,0.892857,0.612,3.43137,2,83.3333,35.592
GAT-S,learned,123,33,600,10,1,10,val,1,0.76646,0.25,0,2966,105,0.0354012,2785,5,0.00179533,3.11143,2.1,0,0.45717,127,122,5,0.96063,0.06,3.8,4,83.3333,35.592
GAT-S,learned,123,33,600,10,1,10,test,1,0.119797,0.25,0.15,3530,3519,0.996884,3389,3374,0.995574,27.3498,29.4,21.4,0.988009,41293,3495,37798,0.084639,453.576,35.287,36,83.3333,42.36
GAT-S,learned,123,33,600,10,1,10,test,1,0.227942,0.25,0.15,3530,3480,0.985836,3389,3311,0.976984,26.2718,29.2,17.39,0.951594,26609,3458,23151,0.129956,277.812,26.1977,25,83.3333,42.36
GAT-S,learned,123,33,600,10,1,10,test,1,0.295143,0.25,0.15,3530,3397,0.962323,3389,3163,0.933314,24.9301,28.1,13.5,0.907027,21105,3383,17722,0.160294,212.664,22.5042,22,83.3333,42.36
GAT-S,learned,123,33,600,10,1,10,test,1,0.336614,0.25,0.15,3530,3311,0.93796,3389,3028,0.893479,23.7415,26.5,11.1,0.867211,17998,3315,14683,0.184187,176.196,20.7196,20,83.3333,42.36
GAT-S,learned,123,33,600,10,1,10,test,1,0.364605,0.25,0.15,3530,3229,0.914731,3389,2889,0.852464,22.6798,25.2,9.6,0.832117,15961,3238,12723,0.202869,152.676,19.5169,19,83.3333,42.36
GAT-S,learned,123,33,600,10,1,10,test,1,0.387077,0.25,0.15,3530,3158,0.894618,3389,2751,0.811744,21.5648,23.85,7.9,0.794874,14221,3168,11053,0.222769,132.636,18.5793,18,83.3333,42.36
GAT-S,learned,123,33,600,10,1,10,test,1,0.406763,0.25,0.15,3530,3062,0.867422,3389,2593,0.765122,20.4856,22.9,5.6,0.759323,12611,3079,9532,0.244152,114.384,17.741,17,83.3333,42.36
GAT-S,learned,123,33,600,10,1,10,test,1,0.423621,0.25,0.15,3530,2989,0.846742,3389,2445,0.721452,19.4045,21.9,4.48,0.723517,11277,3000,8277,0.266028,99.324,16.9004,16,83.3333,42.36
GAT-S,learned,123,33,600,10,1,10,test,1,0.439258,0.25,0.15,3530,2886,0.817564,3389,2239,0.660667,18.1691,20.7,3.25,0.682961,9994,2898,7096,0.289974,85.152,16.2141,15,83.3333,42.36
GAT-S,learned,123,33,600,10,1,10,test,1,0.45476,0.25,0.15,3530,2780,0.787535,3389,2049,0.604603,16.9951,19.4,2.5,0.644835,8767,2795,5972,0.318809,71.664,15.5146,14,83.3333,42.36
GAT-S,learned,123,33,600,10,1,10,test,1,0.470155,0.25,0.15,3530,2653,0.751558,3389,1821,0.537327,15.7293,17.4,1.9,0.604139,7542,2666,4876,0.353487,58.512,14.9297,13,83.3333,42.36
GAT-S,learned,123,33,600,10,1,10,test,1,0.486463,0.25,0.15,3530,2499,0.707932,3389,1576,0.465034,14.4738,14.4,1.4,0.564591,6399,2509,3890,0.392093,46.68,14.0674,12,83.3333,42.36
GAT-S,learned,123,33,600,10,1,10,test,1,0.497315,0.25,0.15,3530,2412,0.683286,3389,1442,0.425494,13.7097,12.7,1.1,0.539895,5716,2421,3295,0.423548,39.54,13.6352,12,83.3333,42.36
GAT-S,learned,123,33,600,10,1,10,test,1,0.50404,0.25,0.15,3530,2351,0.666006,3389,1338,0.394807,13.155,11.6,1,0.522427,5289,2353,2936,0.444886,35.232,13.3859,11,83.3333,42.36
GAT-S,learned,123,33,600,10,1,10,test,1,0.523799,0.25,0.15,3530,2138,0.605666,3389,1085,0.320153,11.9083,10.1,0.7,0.486069,4229,2146,2083,0.507449,24.996,12.7004,10,83.3333,42.36
GAT-S,learned,123,33,600,10,1,10,test,1,0.547116,0.25,0.15,3530,1876,0.531445,3389,847,0.249926,10.7423,8.65,0.4,0.454861,3219,1881,1338,0.584343,16.056,12.3842,10,83.3333,42.36
GAT-S,learned,123,33,600,10,1,10,test,1,0.574252,0.25,0.15,3530,1567,0.443909,3389,643,0.189731,9.86165,7.5,0.3,0.437634,2382,1569,813,0.65869,9.756,11.7626,10,83.3333,42.36
GAT-S,learned,123,33,600,10,1,10,test,1,0.603596,0.25,0.15,3530,1275,0.36119,3389,464,0.136914,8.98125,6.5,0.2,0.421702,1745,1275,470,0.730659,5.64,11.0213,9,83.3333,42.36
GAT-S,learned,123,33,600,10,1,10,test,1,0.634491,0.25,0.15,3530,907,0.256941,3389,275,0.0811449,7.94509,5.4,0.2,0.414905,1156,908,248,0.785467,2.976,9.91129,8,83.3333,42.36
GAT-S,learned,123,33,600,10,1,10,test,1,0.666912,0.25,0.15,3530,596,0.168839,3389,140,0.0413101,6.8599,4.3,0,0.40366,717,597,120,0.832636,1.44,9.25833,7,83.3333,42.36
GAT-S,learned,123,33,600,10,1,10,test,1,0.705786,0.25,0.15,3530,316,0.0895184,3389,49,0.0144585,5.50886,3.1,0.1,0.410594,353,317,36,0.898017,0.432,8.25,6.5,83.3333,42.36
GAT-S,learned,123,33,600,10,1,10,test,1,0.76646,0.25,0.15,3530,84,0.023796,3389,4,0.00118029,3.55238,2.25,0,0.447788,87,84,3,0.965517,0.036,6,6,83.3333,42.36
GAT-S,learned,123,33,600,10,1,10,val,1,0.119797,0.25,0.15,2966,2961,0.998314,2785,2776,0.996768,26.5888,29.4,16.9,0.984088,36329,2945,33384,0.0810647,400.608,35.4044,36,83.3333,35.592
GAT-S,learned,123,33,600,10,1,10,val,1,0.227942,0.25,0.15,2966,2913,0.982131,2785,2696,0.968043,25.4473,29.2,12.82,0.945512,23145,2901,20244,0.12534,242.928,25.5675,25,83.3333,35.592
GAT-S,learned,123,33,600,10,1,10,val,1,0.295143,0.25,0.15,2966,2860,0.964262,2785,2586,0.928546,24.0713,27.6,10.29,0.898291,18115,2858,15257,0.15777,183.084,21.8457,21,83.3333,35.592
GAT-S,learned,123,33,600,10,1,10,val,1,0.336614,0.25,0.15,2966,2791,0.940998,2785,2455,0.881508,22.7469,25.9,8.4,0.854438,15235,2795,12440,0.183459,149.28,20.1035,19,83.3333,35.592
GAT-S,learned,123,33,600,10,1,10,val,1,0.364605,0.25,0.15,2966,2698,0.909643,2785,2320,0.833034,21.692,24.4,6.9,0.820555,13317,2708,10609,0.203349,127.308,18.9982,18,83.3333,35.592
GAT-S,learned,123,33,600,10,1,10,val,1,0.387077,0.25,0.15,2966,2617,0.882333,2785,2190,0.786355,20.673,23.3,5.9,0.788118,11722,2626,9096,0.224023,109.152,18.1441,17,83.3333,35.592
GAT-S,learned,123,33,600,10,1,10,val,1,0.406763,0.25,0.15,2966,2538,0.855698,2785,2063,0.740754,19.6302,22.3,4.7,0.754606,10332,2545,7787,0.246322,93.444,17.3485,16,83.3333,35.592
GAT-S,learned,123,33,600,10,1,10,val,1,0.423621,0.25,0.15,2966,2470,0.832771,2785,1926,0.691562,18.449,21.2,3.4,0.716131,9135,2475,6660,0.270936,79.92,16.6189,15,83.3333,35.592
GAT-S,learned,123,33,600,10,1,10,val,1,0.439258,0.25,0.15,2966,2385,0.804113,2785,1776,0.637702,17.3288,20.1,2.6,0.680261,8078,2388,5690,0.295618,68.28,15.9301,14,83.3333,35.592
GAT-S,learned,123,33,600,10,1,10,val,1,0.45476,0.25,0.15,2966,2294,0.773432,2785,1614,0.579533,16.1654,18.5,2.2,0.643759,7013,2301,4712,0.328105,56.544,15.2309,14,83.3333,35.592
GAT-S,learned,123,33,600,10,1,10,val,1,0.470155,0.25,0.15,2966,2173,0.732637,2785,1426,0.512029,14.9717,15.5,1.5,0.606618,6024,2180,3844,0.361886,46.128,14.769,13,83.3333,35.592
GAT-S,learned,123,33,600,10,1,10,val,1,0.486463,0.25,0.15,2966,2070,0.69791,2785,1248,0.448115,13.8155,12.85,1.2,0.571372,5168,2076,3092,0.401703,37.104,14.163,12,83.3333,35.592
GAT-S,learned,123,33,600,10,1,10,val,1,0.497315,0.25,0.15,2966,1996,0.67296,2785,1124,0.403591,13.0641,11.6,0.8,0.548297,4623,2003,2620,0.433268,31.44,13.7805,12,83.3333,35.592
GAT-S,learned,123,33,600,10,1,10,val,1,0.50404,0.25,0.15,2966,1945,0.655765,2785,1062,0.381329,12.6598,11.1,0.7,0.5359,4306,1952,2354,0.453321,28.248,13.5221,12,83.3333,35.592
GAT-S,learned,123,33,600,10,1,10,val,1,0.523799,0.25,0.15,2966,1797,0.605866,2785,890,0.319569,11.7186,9.8,0.5,0.510377,3532,1805,1727,0.511042,20.724,12.8176,11,83.3333,35.592
GAT-S,learned,123,33,600,10,1,10,val,1,0.547116,0.25,0.15,2966,1612,0.543493,2785,729,0.261759,10.7011,8.4,0.3,0.484377,2801,1619,1182,0.578008,14.184,12.2775,10,83.3333,35.592
GAT-S,learned,123,33,600,10,1,10,val,1,0.574252,0.25,0.15,2966,1365,0.460216,2785,562,0.201795,10.0198,7.5,0.2,0.47626,2130,1372,758,0.644131,9.096,11.6913,10,83.3333,35.592
GAT-S,learned,123,33,600,10,1,10,val,1,0.603596,0.25,0.15,2966,1121,0.37795,2785,415,0.149013,9.30616,6.8,0.2,0.466426,1597,1129,468,0.706951,5.616,10.7436,9,83.3333,35.592
GAT-S,learned,123,33,600,10,1,10,val,1,0.634491,0.25,0.15,2966,864,0.291301,2785,263,0.0944345,8.02234,5.5,0.1,0.440578,1119,869,250,0.776586,3,9.652,8,83.3333,35.592
GAT-S,learned,123,33,600,10,1,10,val,1,0.666912,0.25,0.15,2966,596,0.200944,2785,149,0.0535009,6.76913,4.4,0.15,0.434629,705,597,108,0.846809,1.296,9.00926,7,83.3333,35.592
GAT-S,learned,123,33,600,10,1,10,val,1,0.705786,0.25,0.15,2966,359,0.121038,2785,56,0.0201077,5.70724,3.9,0,0.44584,401,359,42,0.895262,0.504,8.61905,7,83.3333,35.592
GAT-S,learned,123,33,600,10,1,10,val,1,0.76646,0.25,0.15,2966,105,0.0354012,2785,5,0.00179533,3.11143,2.1,0,0.45717,110,105,5,0.954545,0.06,6.8,6,83.3333,35.592
GAT-S,learned,456,29,600,10,1,10,test,1,0.124124,1,0,3530,3519,0.996884,3389,3375,0.995869,27.3987,29.4,21.4,0.98957,113467,3835,109632,0.0337984,1315.58,8.07016,2,83.3333,42.36
GAT-S,learned,456,29,600,10,1,10,test,1,0.225913,1,0,3530,3502,0.992068,3389,3346,0.987312,26.8484,29.3,18.81,0.970827,69561,4429,65132,0.0636707,781.584,7.40677,3,83.3333,42.36
GAT-S,learned,456,29,600,10,1,10,test,1,0.285802,1,0,3530,3467,0.982153,3389,3296,0.972558,26.311,29.2,17.36,0.952969,56247,4934,51313,0.0877202,615.756,6.91599,3,83.3333,42.36
GAT-S,learned,456,29,600,10,1,10,test,1,0.324851,1,0,3530,3435,0.973088,3389,3239,0.955739,25.7007,29.1,15.5,0.932508,49696,5306,44390,0.106769,532.68,6.4052,3,83.3333,42.36
GAT-S,learned,456,29,600,10,1,10,test,1,0.353013,1,0,3530,3401,0.963456,3389,3176,0.93715,25.0433,28.6,13.4,0.910309,45159,5642,39517,0.124936,474.204,5.93787,3,83.3333,42.36
GAT-S,learned,456,29,600,10,1,10,test,1,0.374836,1,0,3530,3350,0.949008,3389,3083,0.909708,24.3599,27.5,11.6,0.887654,41652,5763,35889,0.138361,430.668,5.48371,3,83.3333,42.36
GAT-S,learned,456,29,600,10,1,10,test,1,0.394053,1,0,3530,3299,0.934561,3389,2999,0.884922,23.6587,26.5,10.6,0.864479,38091,5904,32187,0.154997,386.244,5.09948,2,83.3333,42.36
GAT-S,learned,456,29,600,10,1,10,test,1,0.410465,1,0,3530,3250,0.92068,3389,2914,0.859841,22.9308,25.4,9.7,0.839939,35146,5943,29203,0.169095,350.436,4.71438,2,83.3333,42.36
GAT-S,learned,456,29,600,10,1,10,test,1,0.426174,1,0,3530,3199,0.906232,3389,2803,0.827088,22.1337,24.4,8.2,0.813187,31988,5964,26024,0.186445,312.288,4.35556,2,83.3333,42.36
GAT-S,learned,456,29,600,10,1,10,test,1,0.440848,1,0,3530,3148,0.891785,3389,2681,0.791089,21.2176,23.6,6.07,0.782251,29029,5933,23096,0.204382,277.152,4.02109,2,83.3333,42.36
GAT-S,learned,456,29,600,10,1,10,test,1,0.455627,1,0,3530,3064,0.867989,3389,2512,0.741222,20.1512,22.8,4.6,0.746895,26122,5825,20297,0.222992,243.564,3.65606,2,83.3333,42.36
GAT-S,learned,456,29,600,10,1,10,test,1,0.470755,1,0,3530,2973,0.84221,3389,2333,0.688404,18.9761,21.8,3.7,0.708303,23144,5656,17488,0.244383,209.856,3.30347,2,83.3333,42.36
GAT-S,learned,456,29,600,10,1,10,test,1,0.48,1,0,3530,2918,0.826629,3389,2205,0.650634,18.1057,21,3.1,0.679572,21119,5467,15652,0.258866,187.824,3.13602,2,83.3333,42.36
GAT-S,learned,456,29,600,10,1,10,test,1,0.488107,1,0,3530,2852,0.807932,3389,2075,0.612275,17.369,20.3,2.6,0.655628,19473,5308,14165,0.272583,169.98,2.98376,2,83.3333,42.36
GAT-S,learned,456,29,600,10,1,10,test,1,0.508177,1,0,3530,2695,0.763456,3389,1754,0.517557,15.6043,15.5,2,0.598605,16057,4968,11089,0.309398,133.068,2.65245,1,83.3333,42.36
GAT-S,learned,456,29,600,10,1,10,test,1,0.534464,1,0,3530,2495,0.706799,3389,1384,0.40838,13.673,11.4,1.4,0.537176,12614,4580,8034,0.363089,96.408,2.36408,1,83.3333,42.36
GAT-S,learned,456,29,600,10,1,10,test,1,0.564257,1,0,3530,2308,0.653824,3389,1142,0.336973,12.3662,9.7,1.1,0.495622,10169,4460,5709,0.438588,68.508,2.10737,1,83.3333,42.36
GAT-S,learned,456,29,600,10,1,10,test,1,0.595266,1,0,3530,2116,0.599433,3389,938,0.276778,11.2405,8.1,0.8,0.461432,8212,4359,3853,0.530809,46.236,1.90553,1,83.3333,42.36
GAT-S,learned,456,29,600,10,1,10,test,1,0.623432,1,0,3530,1914,0.54221,3389,742,0.218944,9.99608,6.35,0.6,0.421824,6421,3930,2491,0.612054,29.892,1.74308,1,83.3333,42.36
GAT-S,learned,456,29,600,10,1,10,test,1,0.651275,1,0,3530,1619,0.45864,3389,563,0.166126,8.83811,5.2,0.4,0.388263,4679,3191,1488,0.681983,17.856,1.56922,1,83.3333,42.36
GAT-S,learned,456,29,600,10,1,10,test,1,0.681923,1,0,3530,1134,0.321246,3389,332,0.097964,7.57822,4.05,0.3,0.356764,2781,2095,686,0.753326,8.232,1.42274,1,83.3333,42.36
GAT-S,learned,456,29,600,10,1,10,test,1,0.729551,1,0,3530,406,0.115014,3389,85,0.0250811,5.91576,2.9,0,0.336043,777,672,105,0.864865,1.26,1.29524,1,83.3333,42.36
GAT-S,learned,456,29,600,10,1,10,val,1,0.124124,1,0,2966,2962,0.998651,2785,2780,0.998205,26.6858,29.4,17.61,0.987364,99825,3257,96568,0.0326271,1158.82,7.78496,2,83.3333,35.592
GAT-S,learned,456,29,600,10,1,10,val,1,0.225913,1,0,2966,2942,0.991908,2785,2746,0.985996,26.0612,29.3,14.81,0.966086,60576,3736,56840,0.0616746,682.08,7.12674,2,83.3333,35.592
GAT-S,learned,456,29,600,10,1,10,val,1,0.285802,1,0,2966,2919,0.984154,2785,2699,0.96912,25.4784,29.2,13.08,0.946333,48715,4128,44587,0.0847378,535.044,6.6344,3,83.3333,35.592
GAT-S,learned,456,29,600,10,1,10,val,1,0.324851,1,0,2966,2894,0.975725,2785,2644,0.949372,24.8059,28.95,11.2,0.923584,42673,4459,38214,0.104492,458.568,6.13137,3,83.3333,35.592
GAT-S,learned,456,29,600,10,1,10,val,1,0.353013,1,0,2966,2864,0.96561,2785,2585,0.928187,24.146,27.9,10.2,0.901135,38496,4695,33801,0.121961,405.612,5.68187,2,83.3333,35.592
GAT-S,learned,456,29,600,10,1,10,val,1,0.374836,1,0,2966,2830,0.954147,2785,2526,0.907002,23.4702,26.7,9.1,0.878215,35068,4881,30187,0.139187,362.244,5.29682,2,83.3333,35.592
GAT-S,learned,456,29,600,10,1,10,val,1,0.394053,1,0,2966,2785,0.938975,2785,2446,0.878276,22.7475,25.6,7.9,0.854312,32099,4974,27125,0.154958,325.5,4.88041,2,83.3333,35.592
GAT-S,learned,456,29,600,10,1,10,val,1,0.410465,1,0,2966,2749,0.926837,2785,2372,0.851706,22.0315,24.7,7,0.830767,29275,5034,24241,0.171956,290.892,4.53513,2,83.3333,35.592
GAT-S,learned,456,29,600,10,1,10,val,1,0.426174,1,0,2966,2694,0.908294,2785,2276,0.817235,21.2033,23.8,6,0.804117,26362,4898,21464,0.185798,257.568,4.20471,2,83.3333,35.592
GAT-S,learned,456,29,600,10,1,10,val,1,0.440848,1,0,2966,2642,0.890762,2785,2171,0.779533,20.3366,23.1,5.3,0.775243,23733,4853,18880,0.204483,226.56,3.88607,2,83.3333,35.592
GAT-S,learned,456,29,600,10,1,10,val,1,0.455627,1,0,2966,2575,0.868173,2785,2043,0.733573,19.295,22.2,4.4,0.741096,21329,4759,16570,0.223123,198.84,3.53705,2,83.3333,35.592
GAT-S,learned,456,29,600,10,1,10,val,1,0.470755,1,0,2966,2486,0.838166,2785,1864,0.6693,18.0968,21.1,3.5,0.702823,18607,4574,14033,0.245821,168.396,3.25169,2,83.3333,35.592
GAT-S,learned,456,29,600,10,1,10,val,1,0.48,1,0,2966,2426,0.817937,2785,1755,0.630162,17.3301,20.2,3,0.678442,17079,4444,12635,0.260203,151.62,3.0835,1,83.3333,35.592
GAT-S,learned,456,29,600,10,1,10,val,1,0.488107,1,0,2966,2385,0.804113,2785,1654,0.593896,16.5533,18.4,2.6,0.653419,15819,4316,11503,0.272836,138.036,2.95323,1,83.3333,35.592
GAT-S,learned,456,29,600,10,1,10,val,1,0.508177,1,0,2966,2278,0.768038,2785,1416,0.508438,14.9022,13.6,1.9,0.599946,13086,4089,8997,0.312471,107.964,2.71246,1,83.3333,35.592
GAT-S,learned,456,29,600,10,1,10,val,1,0.534464,1,0,2966,2133,0.71915,2785,1163,0.417594,13.3822,11.1,1.5,0.55322,10584,3854,6730,0.364135,80.76,2.4578,1,83.3333,35.592
GAT-S,learned,456,29,600,10,1,10,val,1,0.564257,1,0,2966,2004,0.675657,2785,956,0.343268,12.0513,9.4,1,0.51114,8871,3788,5083,0.427009,60.996,2.19437,1,83.3333,35.592
GAT-S,learned,456,29,600,10,1,10,val,1,0.595266,1,0,2966,1862,0.627782,2785,805,0.289048,10.9892,7.9,0.7,0.47698,7336,3699,3637,0.504226,43.644,1.97965,1,83.3333,35.592
GAT-S,learned,456,29,600,10,1,10,val,1,0.623432,1,0,2966,1686,0.568442,2785,672,0.241293,10.2056,6.75,0.6,0.452029,5934,3482,2452,0.586788,29.424,1.82055,1,83.3333,35.592
GAT-S,learned,456,29,600,10,1,10,val,1,0.651275,1,0,2966,1482,0.499663,2785,510,0.183124,9.08252,5.75,0.4,0.413487,4458,2990,1468,0.670704,17.616,1.67234,1,83.3333,35.592
GAT-S,learned,456,29,600,10,1,10,val,1,0.681923,1,0,2966,1091,0.367835,2785,325,0.116697,7.95564,4.9,0.3,0.385261,2760,2078,682,0.752899,8.184,1.56598,1,83.3333,35.592
GAT-S,learned,456,29,600,10,1,10,val,1,0.729551,1,0,2966,458,0.154417,2785,78,0.0280072,5.51769,2.9,0,0.322306,885,754,131,0.851977,1.572,1.61832,1,83.3333,35.592
GAT-S,learned,456,29,600,10,1,10,test,1,0.124124,1,0.15,3530,3524,0.9983,3389,3380,0.997344,27.4644,29.4,21.9,0.991714,49444,3500,45944,0.0707872,551.328,35.5511,37,83.3333,42.36
GAT-S,learned,456,29,600,10,1,10,test,1,0.225913,1,0.15,3530,3506,0.993201,3389,3351,0.988787,26.9433,29.4,19.25,0.973971,39033,3558,35475,0.0911536,425.7,19.4017,17,83.3333,42.36
GAT-S,learned,456,29,600,10,1,10,test,1,0.285802,1,0.15,3530,3480,0.985836,3389,3309,0.976394,26.4293,29.3,17.5,0.956741,33216,3654,29562,0.110007,354.744,16.2614,13,83.3333,42.36
GAT-S,learned,456,29,600,10,1,10,test,1,0.324851,1,0.15,3530,3445,0.975921,3389,3249,0.95869,25.8374,29.2,15.58,0.936962,29568,3697,25871,0.125034,310.452,14.8404,12,83.3333,42.36
GAT-S,learned,456,29,600,10,1,10,test,1,0.353013,1,0.15,3530,3410,0.966006,3389,3187,0.940395,25.206,29.1,13.5,0.915656,26816,3733,23083,0.139208,276.996,14.0106,11,83.3333,42.36
GAT-S,learned,456,29,600,10,1,10,test,1,0.374836,1,0.15,3530,3364,0.952975,3389,3098,0.914134,24.5573,28.2,11.63,0.894086,24607,3714,20893,0.150933,250.716,13.3396,10,83.3333,42.36
GAT-S,learned,456,29,600,10,1,10,test,1,0.394053,1,0.15,3530,3314,0.93881,3389,3014,0.889348,23.8585,27,10.6,0.870954,22610,3697,18913,0.163512,226.956,12.7434,10,83.3333,42.36
GAT-S,learned,456,29,600,10,1,10,test,1,0.410465,1,0.15,3530,3264,0.924646,3389,2929,0.864267,23.1366,25.8,9.73,0.84662,20878,3680,17198,0.176262,206.376,12.2329,9,83.3333,42.36
GAT-S,learned,456,29,600,10,1,10,test,1,0.426174,1,0.15,3530,3216,0.911048,3389,2823,0.832989,22.3645,24.6,8.4,0.820644,19076,3647,15429,0.191183,185.148,11.7446,8,83.3333,42.36
GAT-S,learned,456,29,600,10,1,10,test,1,0.440848,1,0.15,3530,3166,0.896884,3389,2699,0.7964,21.4138,23.8,6.1,0.788519,17406,3579,13827,0.205619,165.924,11.2107,8,83.3333,42.36
GAT-S,learned,456,29,600,10,1,10,test,1,0.455627,1,0.15,3530,3087,0.874504,3389,2538,0.748893,20.366,23,4.6,0.753689,15664,3503,12161,0.223634,145.932,10.7165,7,83.3333,42.36
GAT-S,learned,456,29,600,10,1,10,test,1,0.470755,1,0.15,3530,2992,0.847592,3389,2358,0.69578,19.2136,21.9,3.7,0.715933,13962,3405,10557,0.243876,126.684,10.1446,7,83.3333,42.36
GAT-S,learned,456,29,600,10,1,10,test,1,0.48,1,0.15,3530,2934,0.831161,3389,2226,0.656831,18.3271,21.2,3.1,0.686707,12962,3349,9613,0.258371,115.356,9.69624,6,83.3333,42.36
GAT-S,learned,456,29,600,10,1,10,test,1,0.488107,1,0.15,3530,2867,0.812181,3389,2099,0.619357,17.6343,20.5,2.66,0.66426,12003,3252,8751,0.270932,105.012,9.39127,6,83.3333,42.36
GAT-S,learned,456,29,600,10,1,10,test,1,0.508177,1,0.15,3530,2710,0.767705,3389,1776,0.524048,15.869,16,2,0.607181,10091,3053,7038,0.302547,84.456,8.51861,5,83.3333,42.36
GAT-S,learned,456,29,600,10,1,10,test,1,0.534464,1,0.15,3530,2512,0.711615,3389,1410,0.416052,13.9303,11.6,1.5,0.545391,8102,2809,5293,0.346705,63.516,7.52654,4,83.3333,42.36
GAT-S,learned,456,29,600,10,1,10,test,1,0.564257,1,0.15,3530,2319,0.656941,3389,1157,0.341399,12.5357,9.9,1.1,0.500989,6456,2584,3872,0.400248,46.464,6.63585,4,83.3333,42.36
GAT-S,learned,456,29,600,10,1,10,test,1,0.595266,1,0.15,3530,2127,0.60255,3389,953,0.281204,11.4127,8.3,0.8,0.466822,5101,2407,2694,0.471868,32.328,5.81143,3,83.3333,42.36
GAT-S,learned,456,29,600,10,1,10,test,1,0.623432,1,0.15,3530,1920,0.543909,3389,749,0.221009,10.0892,6.4,0.6,0.424689,3964,2152,1812,0.542886,21.744,5.29525,3,83.3333,42.36
GAT-S,learned,456,29,600,10,1,10,test,1,0.651275,1,0.15,3530,1624,0.460057,3389,569,0.167896,8.92691,5.2,0.4,0.390978,2929,1821,1108,0.621714,13.296,4.7509,3,83.3333,42.36
GAT-S,learned,456,29,600,10,1,10,test,1,0.681923,1,0.15,3530,1136,0.321813,3389,334,0.0985541,7.6272,4.1,0.3,0.358251,1772,1247,525,0.703725,6.3,4.36762,3,83.3333,42.36
GAT-S,learned,456,29,600,10,1,10,test,1,0.729551,1,0.15,3530,406,0.115014,3389,85,0.0250811,5.91576,2.9,0,0.336043,523,433,90,0.827916,1.08,4.17778,3,83.3333,42.36
GAT-S,learned,456,29,600,10,1,10,val,1,0.124124,1,0.15,2966,2963,0.998989,2785,2781,0.998564,26.7575,29.4,17.7,0.989769,43512,2947,40565,0.0677284,486.78,35.5196,37,83.3333,35.592
GAT-S,learned,456,29,600,10,1,10,val,1,0.225913,1,0.15,2966,2946,0.993257,2785,2751,0.987792,26.1672,29.3,14.95,0.969567,34169,2990,31179,0.0875062,374.148,18.7687,16,83.3333,35.592
GAT-S,learned,456,29,600,10,1,10,val,1,0.285802,1,0.15,2966,2923,0.985502,2785,2704,0.970916,25.5991,29.2,13.1,0.950308,29009,3084,25925,0.106312,311.1,15.5639,12,83.3333,35.592
GAT-S,learned,456,29,600,10,1,10,val,1,0.324851,1,0.15,2966,2899,0.977411,2785,2650,0.951526,24.9286,29.1,11.28,0.92761,25561,3130,22431,0.122452,269.172,14.2371,11,83.3333,35.592
GAT-S,learned,456,29,600,10,1,10,val,1,0.353013,1,0.15,2966,2875,0.969319,2785,2598,0.932855,24.3098,28.4,10.34,0.906363,23000,3155,19845,0.137174,238.14,13.4116,10,83.3333,35.592
GAT-S,learned,456,29,600,10,1,10,val,1,0.374836,1,0.15,2966,2841,0.957856,2785,2540,0.912029,23.6436,27.2,9.2,0.883774,21003,3150,17853,0.149979,214.236,12.7637,9,83.3333,35.592
GAT-S,learned,456,29,600,10,1,10,val,1,0.394053,1,0.15,2966,2798,0.943358,2785,2464,0.88474,22.9525,25.9,8.07,0.860877,19118,3110,16008,0.162674,192.096,12.2434,9,83.3333,35.592
GAT-S,learned,456,29,600,10,1,10,val,1,0.410465,1,0.15,2966,2760,0.930546,2785,2388,0.857451,22.2166,24.9,7.09,0.836706,17497,3079,14418,0.175973,173.016,11.7202,8,83.3333,35.592
GAT-S,learned,456,29,600,10,1,10,val,1,0.426174,1,0.15,2966,2703,0.911328,2785,2288,0.821544,21.3937,24,6.02,0.810281,15925,3053,12872,0.191711,154.464,11.2555,8,83.3333,35.592
GAT-S,learned,456,29,600,10,1,10,val,1,0.440848,1,0.15,2966,2654,0.894808,2785,2184,0.784201,20.5364,23.2,5.33,0.781633,14406,3001,11405,0.208316,136.86,10.8463,7,83.3333,35.592
GAT-S,learned,456,29,600,10,1,10,val,1,0.455627,1,0.15,2966,2585,0.871544,2785,2056,0.738241,19.5097,22.4,4.4,0.748035,12894,2930,9964,0.227237,119.568,10.3532,7,83.3333,35.592
GAT-S,learned,456,29,600,10,1,10,val,1,0.470755,1,0.15,2966,2495,0.8412,2785,1875,0.67325,18.2765,21.2,3.5,0.708589,11394,2826,8568,0.248025,102.816,9.82773,6,83.3333,35.592
GAT-S,learned,456,29,600,10,1,10,val,1,0.48,1,0.15,2966,2435,0.820971,2785,1766,0.634111,17.5269,20.3,3,0.684781,10553,2743,7810,0.259926,93.72,9.42996,6,83.3333,35.592
GAT-S,learned,456,29,600,10,1,10,val,1,0.488107,1,0.15,2966,2394,0.807148,2785,1666,0.598205,16.7307,18.7,2.6,0.659097,9849,2690,7159,0.273124,85.908,9.15631,6,83.3333,35.592
GAT-S,learned,456,29,600,10,1,10,val,1,0.508177,1,0.15,2966,2289,0.771746,2785,1429,0.513106,15.0933,13.8,1.9,0.605957,8319,2560,5759,0.307729,69.108,8.37368,5,83.3333,35.592
GAT-S,learned,456,29,600,10,1,10,val,1,0.534464,1,0.15,2966,2140,0.72151,2785,1173,0.421185,13.532,11.2,1.59,0.557965,6877,2397,4480,0.348553,53.76,7.33839,4,83.3333,35.592
GAT-S,learned,456,29,600,10,1,10,val,1,0.564257,1,0.15,2966,2008,0.677006,2785,963,0.345781,12.1698,9.5,1,0.514952,5694,2244,3450,0.394099,41.4,6.43014,4,83.3333,35.592
GAT-S,learned,456,29,600,10,1,10,val,1,0.595266,1,0.15,2966,1868,0.629804,2785,813,0.291921,11.1029,7.9,0.7,0.480504,4604,2119,2485,0.460252,29.82,5.8507,3,83.3333,35.592
GAT-S,learned,456,29,600,10,1,10,val,1,0.623432,1,0.15,2966,1690,0.569791,2785,676,0.242729,10.2588,6.9,0.6,0.453588,3627,1914,1713,0.527709,20.556,5.31932,3,83.3333,35.592
GAT-S,learned,456,29,600,10,1,10,val,1,0.651275,1,0.15,2966,1483,0.5,2785,511,0.183483,9.09804,5.8,0.4,0.413951,2715,1663,1052,0.612523,12.624,5.18916,3,83.3333,35.592
GAT-S,learned,456,29,600,10,1,10,val,1,0.681923,1,0.15,2966,1092,0.368173,2785,326,0.117056,7.98233,4.9,0.3,0.386072,1728,1208,520,0.699074,6.24,4.70577,3,83.3333,35.592
GAT-S,learned,456,29,600,10,1,10,val,1,0.729551,1,0.15,2966,458,0.154417,2785,78,0.0280072,5.51987,2.9,0,0.322381,586,487,99,0.831058,1.188,5.27273,4,83.3333,35.592
GAT-S,learned,456,29,600,10,1,10,test,1,0.124124,0.5,0,3530,3518,0.996601,3389,3374,0.995574,27.358,29.4,21.2,0.988202,68164,3591,64573,0.0526818,774.876,13.5242,7,83.3333,42.36
GAT-S,learned,456,29,600,10,1,10,test,1,0.225913,0.5,0,3530,3495,0.990085,3389,3336,0.984361,26.6496,29.3,18.2,0.964113,43652,3881,39771,0.0889077,477.252,11.7616,7,83.3333,42.36
GAT-S,learned,456,29,600,10,1,10,test,1,0.285802,0.5,0,3530,3445,0.975921,3389,3259,0.961641,25.8957,29.2,15.9,0.939101,35824,4131,31693,0.115314,380.316,10.6666,6,83.3333,42.36
GAT-S,learned,456,29,600,10,1,10,test,1,0.324851,0.5,0,3530,3395,0.961756,3389,3161,0.932724,25.0432,28.6,13.34,0.910618,31563,4295,27268,0.136077,327.216,9.76779,6,83.3333,42.36
GAT-S,learned,456,29,600,10,1,10,test,1,0.353013,0.5,0,3530,3335,0.944759,3389,3054,0.901151,24.2411,27.4,11.3,0.883975,28602,4470,24132,0.156283,289.584,8.99971,6,83.3333,42.36
GAT-S,learned,456,29,600,10,1,10,test,1,0.374836,0.5,0,3530,3276,0.928045,3389,2962,0.874004,23.4623,26.2,10.25,0.858256,26163,4549,21614,0.173871,259.368,8.32678,5,83.3333,42.36
GAT-S,learned,456,29,600,10,1,10,test,1,0.394053,0.5,0,3530,3220,0.912181,3389,2844,0.839186,22.5631,25.1,8.99,0.828182,23881,4589,19292,0.192161,231.504,7.69744,5,83.3333,42.36
GAT-S,learned,456,29,600,10,1,10,test,1,0.410465,0.5,0,3530,3167,0.897167,3389,2725,0.804072,21.6267,23.9,6.96,0.79642,21877,4585,17292,0.209581,207.504,7.11074,4,83.3333,42.36
GAT-S,learned,456,29,600,10,1,10,test,1,0.426174,0.5,0,3530,3085,0.873938,3389,2582,0.761877,20.658,23.2,5.1,0.764118,19556,4501,15055,0.23016,180.66,6.66091,4,83.3333,42.36
GAT-S,learned,456,29,600,10,1,10,test,1,0.440848,0.5,0,3530,3009,0.852408,3389,2416,0.712895,19.6766,22.2,4.1,0.731396,17435,4392,13043,0.251907,156.516,6.20831,4,83.3333,42.36
GAT-S,learned,456,29,600,10,1,10,test,1,0.455627,0.5,0,3530,2905,0.822946,3389,2227,0.657126,18.4635,21.3,3.04,0.691988,15324,4234,11090,0.276299,133.08,5.73787,3,83.3333,42.36
GAT-S,learned,456,29,600,10,1,10,test,1,0.470755,0.5,0,3530,2804,0.794334,3389,1994,0.588374,17.0012,20,2.2,0.644159,13156,3983,9173,0.302752,110.076,5.26633,3,83.3333,42.36
GAT-S,learned,456,29,600,10,1,10,test,1,0.48,0.5,0,3530,2710,0.767705,3389,1831,0.540277,16.1677,18.4,2,0.61758,11792,3818,7974,0.323779,95.688,5.08365,3,83.3333,42.36
GAT-S,learned,456,29,600,10,1,10,test,1,0.488107,0.5,0,3530,2624,0.743343,3389,1692,0.499262,15.4722,16.1,1.7,0.59583,10738,3672,7066,0.341963,84.792,4.90136,3,83.3333,42.36
GAT-S,learned,456,29,600,10,1,10,test,1,0.508177,0.5,0,3530,2460,0.696884,3389,1404,0.414281,13.7559,11.6,1.2,0.541278,8605,3368,5237,0.3914,62.844,4.45045,3,83.3333,42.36
GAT-S,learned,456,29,600,10,1,10,test,1,0.534464,0.5,0,3530,2227,0.630878,3389,1096,0.323399,12.1046,9.7,0.8,0.490798,6538,3028,3510,0.463139,42.12,4.05983,2,83.3333,42.36
GAT-S,learned,456,29,600,10,1,10,test,1,0.564257,0.5,0,3530,1975,0.55949,3389,854,0.251992,10.8186,8,0.5,0.453672,4953,2741,2212,0.553402,26.544,3.69937,2,83.3333,42.36
GAT-S,learned,456,29,600,10,1,10,test,1,0.595266,0.5,0,3530,1696,0.480453,3389,665,0.196223,9.86002,6.8,0.3,0.430539,3813,2507,1306,0.657488,15.672,3.34074,2,83.3333,42.36
GAT-S,learned,456,29,600,10,1,10,test,1,0.623432,0.5,0,3530,1385,0.392351,3389,481,0.14193,8.75249,5.4,0.2,0.40279,2824,2052,772,0.726629,9.264,2.92228,2,83.3333,42.36
GAT-S,learned,456,29,600,10,1,10,test,1,0.651275,0.5,0,3530,981,0.277904,3389,312,0.0920626,8.11081,5,0.2,0.404014,1824,1462,362,0.801535,4.344,2.76796,2,83.3333,42.36
GAT-S,learned,456,29,600,10,1,10,test,1,0.681923,0.5,0,3530,567,0.160623,3389,156,0.0460313,7.17125,4.1,0.1,0.403585,993,850,143,0.855992,1.716,2.26573,2,83.3333,42.36
GAT-S,learned,456,29,600,10,1,10,test,1,0.729551,0.5,0,3530,163,0.0461756,3389,27,0.00796695,5.43681,3.1,0,0.417271,243,224,19,0.921811,0.228,1.57895,1,83.3333,42.36
GAT-S,learned,456,29,600,10,1,10,val,1,0.124124,0.5,0,2966,2958,0.997303,2785,2776,0.996768,26.6288,29.4,16.87,0.985539,59957,3036,56921,0.0506363,683.052,13.0629,7,83.3333,35.592
GAT-S,learned,456,29,600,10,1,10,val,1,0.225913,0.5,0,2966,2933,0.988874,2785,2724,0.978097,25.8565,29.3,14,0.95926,38161,3271,34890,0.0857158,418.68,11.2644,6,83.3333,35.592
GAT-S,learned,456,29,600,10,1,10,val,1,0.285802,0.5,0,2966,2899,0.977411,2785,2659,0.954758,25.011,29.1,11.78,0.930575,30818,3469,27349,0.112564,328.188,10.2676,6,83.3333,35.592
GAT-S,learned,456,29,600,10,1,10,val,1,0.324851,0.5,0,2966,2862,0.964936,2785,2583,0.927469,24.1647,27.9,10.2,0.902029,26988,3620,23368,0.134134,280.416,9.3625,6,83.3333,35.592
GAT-S,learned,456,29,600,10,1,10,val,1,0.353013,0.5,0,2966,2815,0.94909,2785,2501,0.898025,23.3369,26.6,8.9,0.874213,24185,3752,20433,0.155137,245.196,8.65135,5,83.3333,35.592
GAT-S,learned,456,29,600,10,1,10,val,1,0.374836,0.5,0,2966,2759,0.930209,2785,2402,0.862478,22.506,25.3,7.5,0.846863,21910,3827,18083,0.174669,216.996,8.04098,5,83.3333,35.592
GAT-S,learned,456,29,600,10,1,10,val,1,0.394053,0.5,0,2966,2714,0.915037,2785,2311,0.829803,21.677,24.3,6.5,0.819478,19788,3832,15956,0.193653,191.472,7.4619,5,83.3333,35.592
GAT-S,learned,456,29,600,10,1,10,val,1,0.410465,0.5,0,2966,2656,0.895482,2785,2205,0.791741,20.7667,23.5,5.4,0.789983,17938,3808,14130,0.212287,169.56,6.93234,4,83.3333,35.592
GAT-S,learned,456,29,600,10,1,10,val,1,0.426174,0.5,0,2966,2586,0.871881,2785,2079,0.746499,19.8175,22.6,4.4,0.75954,15968,3717,12251,0.232778,147.012,6.47506,4,83.3333,35.592
GAT-S,learned,456,29,600,10,1,10,val,1,0.440848,0.5,0,2966,2517,0.848618,2785,1941,0.696948,18.7662,21.7,3.3,0.724799,14097,3619,10478,0.256721,125.736,6.07683,4,83.3333,35.592
GAT-S,learned,456,29,600,10,1,10,val,1,0.455627,0.5,0,2966,2430,0.819285,2785,1762,0.632675,17.5217,20.7,2.7,0.684748,12273,3418,8855,0.278498,106.26,5.65737,3,83.3333,35.592
GAT-S,learned,456,29,600,10,1,10,val,1,0.470755,0.5,0,2966,2328,0.784895,2785,1575,0.56553,16.1828,18.6,2.2,0.64229,10600,3259,7341,0.307453,88.092,5.2343,3,83.3333,35.592
GAT-S,learned,456,29,600,10,1,10,val,1,0.48,0.5,0,2966,2268,0.764666,2785,1461,0.524596,15.3834,16.3,1.8,0.616812,9464,3119,6345,0.329565,76.14,5.11032,3,83.3333,35.592
GAT-S,learned,456,29,600,10,1,10,val,1,0.488107,0.5,0,2966,2201,0.742077,2785,1361,0.488689,14.7545,14.1,1.6,0.597799,8703,3030,5673,0.348156,68.076,4.95364,3,83.3333,35.592
GAT-S,learned,456,29,600,10,1,10,val,1,0.508177,0.5,0,2966,2061,0.694875,2785,1127,0.404668,13.2366,11.2,1,0.550554,7040,2774,4266,0.394034,51.192,4.62189,3,83.3333,35.592
GAT-S,learned,456,29,600,10,1,10,val,1,0.534464,0.5,0,2966,1912,0.644639,2785,911,0.32711,11.778,9.35,0.7,0.507136,5527,2568,2959,0.464628,35.508,4.31058,2,83.3333,35.592
GAT-S,learned,456,29,600,10,1,10,val,1,0.564257,0.5,0,2966,1743,0.58766,2785,745,0.267504,10.7051,7.9,0.52,0.476728,4382,2410,1972,0.549977,23.664,4.00254,2,83.3333,35.592
GAT-S,learned,456,29,600,10,1,10,val,1,0.595266,0.5,0,2966,1494,0.503709,2785,581,0.208618,9.82577,6.7,0.4,0.455885,3408,2146,1262,0.629695,15.144,3.61014,2,83.3333,35.592
GAT-S,learned,456,29,600,10,1,10,val,1,0.623432,0.5,0,2966,1255,0.423129,2785,439,0.15763,9.06382,5.9,0.2,0.437977,2652,1885,767,0.710784,9.204,3.26336,2,83.3333,35.592
GAT-S,learned,456,29,600,10,1,10,val,1,0.651275,0.5,0,2966,941,0.317262,2785,297,0.106643,8.28374,5.5,0.2,0.427034,1821,1420,401,0.779791,4.812,2.91521,2,83.3333,35.592
GAT-S,learned,456,29,600,10,1,10,val,1,0.681923,0.5,0,2966,581,0.195887,2785,142,0.0509874,7.04217,4.6,0.1,0.413311,1015,861,154,0.848276,1.848,2.98052,2,83.3333,35.592
GAT-S,learned,456,29,600,10,1,10,val,1,0.729551,0.5,0,2966,188,0.063385,2785,26,0.00933573,5.10957,2.85,0,0.389416,309,269,40,0.87055,0.48,2.725,2,83.3333,35.592
GAT-S,learned,456,29,600,10,1,10,test,1,0.124124,0.5,0.15,3530,3521,0.99745,3389,3377,0.996459,27.4026,29.4,21.4,0.989667,44650,3497,41153,0.0783203,493.836,35.412,36,83.3333,42.36
GAT-S,learned,456,29,600,10,1,10,test,1,0.225913,0.5,0.15,3530,3500,0.991501,3389,3343,0.986427,26.7468,29.3,18.39,0.967316,30370,3487,26883,0.114817,322.596,24.5819,24,83.3333,42.36
GAT-S,learned,456,29,600,10,1,10,test,1,0.285802,0.5,0.15,3530,3460,0.98017,3389,3275,0.966362,26.0055,29.2,16,0.942545,25292,3474,21818,0.137356,261.816,20.947,20,83.3333,42.36
GAT-S,learned,456,29,600,10,1,10,test,1,0.324851,0.5,0.15,3530,3405,0.964589,3389,3172,0.935969,25.1547,28.9,13.4,0.914216,22217,3449,18768,0.155241,225.216,19.2285,18,83.3333,42.36
GAT-S,learned,456,29,600,10,1,10,test,1,0.353013,0.5,0.15,3530,3346,0.947875,3389,3067,0.904987,24.3761,27.7,11.45,0.888342,19971,3416,16555,0.171048,198.66,18.039,17,83.3333,42.36
GAT-S,learned,456,29,600,10,1,10,test,1,0.374836,0.5,0.15,3530,3294,0.933144,3389,2982,0.879906,23.6203,26.6,10.33,0.863252,18135,3393,14742,0.187097,176.904,17.2154,16,83.3333,42.36
GAT-S,learned,456,29,600,10,1,10,test,1,0.394053,0.5,0.15,3530,3240,0.917847,3389,2867,0.845972,22.77,25.4,9,0.834773,16466,3349,13117,0.203389,157.404,16.5244,15,83.3333,42.36
GAT-S,learned,456,29,600,10,1,10,test,1,0.410465,0.5,0.15,3530,3189,0.903399,3389,2750,0.811449,21.8436,24.2,7,0.803301,15076,3317,11759,0.220019,141.108,15.7732,14,83.3333,42.36
GAT-S,learned,456,29,600,10,1,10,test,1,0.426174,0.5,0.15,3530,3105,0.879603,3389,2606,0.768958,20.8878,23.3,5.2,0.771475,13582,3233,10349,0.238036,124.188,15.094,13,83.3333,42.36
GAT-S,learned,456,29,600,10,1,10,test,1,0.440848,0.5,0.15,3530,3028,0.85779,3389,2439,0.719681,19.8844,22.4,4.2,0.73802,12150,3158,8992,0.259918,107.904,14.4947,13,83.3333,42.36
GAT-S,learned,456,29,600,10,1,10,test,1,0.455627,0.5,0.15,3530,2925,0.828612,3389,2252,0.664503,18.6736,21.5,3.1,0.698624,10689,3053,7636,0.285621,91.632,13.929,12,83.3333,42.36
GAT-S,learned,456,29,600,10,1,10,test,1,0.470755,0.5,0.15,3530,2821,0.79915,3389,2017,0.595161,17.2091,20.2,2.3,0.650764,9316,2936,6380,0.315157,76.56,13.1738,11,83.3333,42.36
GAT-S,learned,456,29,600,10,1,10,test,1,0.48,0.5,0.15,3530,2727,0.772521,3389,1854,0.547064,16.3836,18.6,2,0.624428,8410,2836,5574,0.337218,66.888,12.9069,11,83.3333,42.36
GAT-S,learned,456,29,600,10,1,10,test,1,0.488107,0.5,0.15,3530,2641,0.748159,3389,1718,0.506934,15.7328,16.6,1.7,0.604156,7740,2742,4998,0.354264,59.976,12.516,10,83.3333,42.36
GAT-S,learned,456,29,600,10,1,10,test,1,0.508177,0.5,0.15,3530,2472,0.700283,3389,1422,0.419593,13.9838,12,1.2,0.548613,6275,2557,3718,0.40749,44.616,11.6705,9,83.3333,42.36
GAT-S,learned,456,29,600,10,1,10,test,1,0.534464,0.5,0.15,3530,2240,0.634561,3389,1113,0.328415,12.2793,9.9,0.8,0.496238,4818,2305,2513,0.478414,30.156,10.887,8,83.3333,42.36
GAT-S,learned,456,29,600,10,1,10,test,1,0.564257,0.5,0.15,3530,1985,0.562323,3389,865,0.255238,10.957,8.1,0.5,0.457902,3657,2041,1616,0.558108,19.392,10.013,7,83.3333,42.36
GAT-S,learned,456,29,600,10,1,10,test,1,0.595266,0.5,0.15,3530,1700,0.481586,3389,670,0.197698,9.94935,6.85,0.3,0.433322,2691,1747,944,0.649201,11.328,9.53814,7,83.3333,42.36
GAT-S,learned,456,29,600,10,1,10,test,1,0.623432,0.5,0.15,3530,1388,0.393201,3389,484,0.142815,8.80965,5.4,0.2,0.404472,1993,1428,565,0.716508,6.78,8.66903,6,83.3333,42.36
GAT-S,learned,456,29,600,10,1,10,test,1,0.651275,0.5,0.15,3530,983,0.27847,3389,314,0.0926527,8.15605,5.1,0.2,0.405261,1284,1003,281,0.781153,3.372,8.03203,6,83.3333,42.36
GAT-S,learned,456,29,600,10,1,10,test,1,0.681923,0.5,0.15,3530,567,0.160623,3389,156,0.0460313,7.17125,4.1,0.1,0.403585,692,576,116,0.83237,1.392,7.77586,6,83.3333,42.36
GAT-S,learned,456,29,600,10,1,10,test,1,0.729551,0.5,0.15,3530,163,0.0461756,3389,27,0.00796695,5.43681,3.1,0,0.417271,182,164,18,0.901099,0.216,5.77778,5,83.3333,42.36
GAT-S,learned,456,29,600,10,1,10,val,1,0.124124,0.5,0.15,2966,2961,0.998314,2785,2779,0.997846,26.6872,29.4,17.1,0.987444,39151,2945,36206,0.0752216,434.472,35.5545,37,83.3333,35.592
GAT-S,learned,456,29,600,10,1,10,val,1,0.225913,0.5,0.15,2966,2937,0.990223,2785,2731,0.98061,25.9739,29.3,14.2,0.963109,26554,2929,23625,0.110304,283.5,23.8948,23,83.3333,35.592
GAT-S,learned,456,29,600,10,1,10,val,1,0.285802,0.5,0.15,2966,2901,0.978085,2785,2662,0.955835,25.1238,29.1,11.8,0.934336,21993,2922,19071,0.13286,228.852,20.1774,19,83.3333,35.592
GAT-S,learned,456,29,600,10,1,10,val,1,0.324851,0.5,0.15,2966,2866,0.966285,2785,2589,0.929623,24.2772,28.3,10.3,0.905712,19192,2913,16279,0.151782,195.348,18.4175,17,83.3333,35.592
GAT-S,learned,456,29,600,10,1,10,val,1,0.353013,0.5,0.15,2966,2818,0.950101,2785,2506,0.89982,23.4474,26.8,8.97,0.877859,17088,2898,14190,0.169593,170.28,17.3643,16,83.3333,35.592
GAT-S,learned,456,29,600,10,1,10,val,1,0.374836,0.5,0.15,2966,2765,0.932232,2785,2411,0.865709,22.6457,25.6,7.6,0.851426,15354,2845,12509,0.185294,150.108,16.5698,15,83.3333,35.592
GAT-S,learned,456,29,600,10,1,10,val,1,0.394053,0.5,0.15,2966,2722,0.917734,2785,2322,0.833752,21.8033,24.4,6.51,0.823503,13864,2817,11047,0.203188,132.564,15.8572,14,83.3333,35.592
GAT-S,learned,456,29,600,10,1,10,val,1,0.410465,0.5,0.15,2966,2666,0.898854,2785,2218,0.796409,20.9151,23.6,5.45,0.794681,12576,2773,9803,0.220499,117.636,15.1388,13,83.3333,35.592
GAT-S,learned,456,29,600,10,1,10,val,1,0.426174,0.5,0.15,2966,2597,0.87559,2785,2092,0.751167,19.9621,22.7,4.4,0.764064,11209,2696,8513,0.240521,102.156,14.6545,13,83.3333,35.592
GAT-S,learned,456,29,600,10,1,10,val,1,0.440848,0.5,0.15,2966,2532,0.853675,2785,1958,0.703052,18.9382,21.9,3.3,0.730108,9913,2630,7283,0.265308,87.396,14.1461,12,83.3333,35.592
GAT-S,learned,456,29,600,10,1,10,val,1,0.455627,0.5,0.15,2966,2444,0.824005,2785,1779,0.638779,17.7151,20.8,2.7,0.690794,8745,2526,6219,0.288851,74.628,13.4457,11,83.3333,35.592
GAT-S,learned,456,29,600,10,1,10,val,1,0.470755,0.5,0.15,2966,2341,0.789278,2785,1590,0.570916,16.3383,18.9,2.2,0.647063,7578,2425,5153,0.320005,61.836,12.8331,11,83.3333,35.592
GAT-S,learned,456,29,600,10,1,10,val,1,0.48,0.5,0.15,2966,2281,0.769049,2785,1476,0.529982,15.5521,16.6,1.9,0.622,6895,2358,4537,0.341987,54.444,12.4598,10,83.3333,35.592
GAT-S,learned,456,29,600,10,1,10,val,1,0.488107,0.5,0.15,2966,2214,0.74646,2785,1375,0.493716,14.914,14.4,1.6,0.602639,6366,2285,4081,0.358938,48.972,12.1693,10,83.3333,35.592
GAT-S,learned,456,29,600,10,1,10,val,1,0.508177,0.5,0.15,2966,2076,0.699933,2785,1144,0.410772,13.4441,11.4,1.1,0.556856,5238,2138,3100,0.408171,37.2,11.4948,9,83.3333,35.592
GAT-S,learned,456,29,600,10,1,10,val,1,0.534464,0.5,0.15,2966,1918,0.646662,2785,919,0.329982,11.8977,9.4,0.7,0.510848,4135,1974,2161,0.477388,25.932,10.6571,8,83.3333,35.592
GAT-S,learned,456,29,600,10,1,10,val,1,0.564257,0.5,0.15,2966,1750,0.59002,2785,753,0.270377,10.8144,8,0.59,0.479982,3246,1803,1443,0.555453,17.316,10.0922,8,83.3333,35.592
GAT-S,learned,456,29,600,10,1,10,val,1,0.595266,0.5,0.15,2966,1497,0.50472,2785,585,0.210054,9.89198,6.8,0.4,0.457888,2446,1528,918,0.624693,11.016,9.31155,7,83.3333,35.592
GAT-S,learned,456,29,600,10,1,10,val,1,0.623432,0.5,0.15,2966,1257,0.423803,2785,441,0.158348,9.09753,5.9,0.2,0.438925,1842,1285,557,0.697611,6.684,8.87971,7,83.3333,35.592
GAT-S,learned,456,29,600,10,1,10,val,1,0.651275,0.5,0.15,2966,941,0.317262,2785,297,0.106643,8.28799,5.5,0.2,0.427178,1258,961,297,0.763911,3.564,8.19865,6,83.3333,35.592
GAT-S,learned,456,29,600,10,1,10,val,1,0.681923,0.5,0.15,2966,581,0.195887,2785,142,0.0509874,7.05077,4.6,0.1,0.413606,706,590,116,0.835694,1.392,8.48276,7,83.3333,35.592
GAT-S,learned,456,29,600,10,1,10,val,1,0.729551,0.5,0.15,2966,188,0.063385,2785,26,0.00933573,5.10957,2.85,0,0.389416,224,189,35,0.84375,0.42,7.62857,6,83.3333,35.592
GAT-S,learned,456,29,600,10,1,10,test,1,0.124124,0.25,0,3530,3518,0.996601,3389,3373,0.995279,27.2847,29.4,20.9,0.985674,50273,3532,46741,0.0702564,560.892,18.4236,15,83.3333,42.36
GAT-S,learned,456,29,600,10,1,10,test,1,0.225913,0.25,0,3530,3466,0.98187,3389,3292,0.971378,26.1908,29.2,17.3,0.94894,32268,3588,28680,0.111194,344.16,15.6274,12,83.3333,42.36
GAT-S,learned,456,29,600,10,1,10,test,1,0.285802,0.25,0,3530,3383,0.958357,3389,3158,0.931838,24.9539,28,14.1,0.908091,26174,3664,22510,0.139986,270.12,13.9558,11,83.3333,42.36
GAT-S,learned,456,29,600,10,1,10,test,1,0.324851,0.25,0,3530,3312,0.938244,3389,3029,0.893774,23.7965,26.5,11.3,0.869668,22798,3766,19032,0.16519,228.384,12.6444,9,83.3333,42.36
GAT-S,learned,456,29,600,10,1,10,test,1,0.353013,0.25,0,3530,3228,0.914448,3389,2889,0.852464,22.7194,25.1,9.67,0.83403,20235,3782,16453,0.186904,197.436,11.6364,8,83.3333,42.36
GAT-S,learned,456,29,600,10,1,10,test,1,0.374836,0.25,0,3530,3155,0.893768,3389,2754,0.812629,21.6382,23.8,8,0.798163,18235,3784,14451,0.207513,173.412,10.7447,7,83.3333,42.36
GAT-S,learned,456,29,600,10,1,10,test,1,0.394053,0.25,0,3530,3075,0.871105,3389,2587,0.763352,20.4874,22.8,5.7,0.76002,16251,3778,12473,0.232478,149.676,10.033,7,83.3333,42.36
GAT-S,learned,456,29,600,10,1,10,test,1,0.410465,0.25,0,3530,2979,0.843909,3389,2423,0.71496,19.4383,21.9,4.3,0.725011,14492,3694,10798,0.254899,129.576,9.35219,6,83.3333,42.36
GAT-S,learned,456,29,600,10,1,10,test,1,0.426174,0.25,0,3530,2866,0.811898,3389,2213,0.652995,18.247,21,3.2,0.686133,12534,3538,8996,0.282272,107.952,8.94787,6,83.3333,42.36
GAT-S,learned,456,29,600,10,1,10,test,1,0.440848,0.25,0,3530,2744,0.777337,3389,1982,0.584833,16.9543,19.65,2.3,0.6444,10876,3339,7537,0.307006,90.444,8.43678,6,83.3333,42.36
GAT-S,learned,456,29,600,10,1,10,test,1,0.455627,0.25,0,3530,2614,0.74051,3389,1753,0.517262,15.7272,17.8,1.7,0.605334,9320,3148,6172,0.337768,74.064,7.91283,5,83.3333,42.36
GAT-S,learned,456,29,600,10,1,10,test,1,0.470755,0.25,0,3530,2469,0.699433,3389,1520,0.44851,14.5246,14.5,1.38,0.568328,7828,2939,4889,0.375447,58.668,7.47924,5,83.3333,42.36
GAT-S,learned,456,29,600,10,1,10,test,1,0.48,0.25,0,3530,2380,0.674221,3389,1395,0.411626,13.8308,12.8,1.2,0.5465,7023,2816,4207,0.400968,50.484,7.22035,5,83.3333,42.36
GAT-S,learned,456,29,600,10,1,10,test,1,0.488107,0.25,0,3530,2297,0.650708,3389,1293,0.381528,13.3382,11.9,1,0.531813,6357,2702,3655,0.425043,43.86,7.02134,5,83.3333,42.36
GAT-S,learned,456,29,600,10,1,10,test,1,0.508177,0.25,0,3530,2071,0.586686,3389,1046,0.308646,12.0836,10.1,0.7,0.496989,5000,2388,2612,0.4776,31.344,6.49502,4,83.3333,42.36
GAT-S,learned,456,29,600,10,1,10,test,1,0.534464,0.25,0,3530,1810,0.512748,3389,811,0.239304,10.873,8.4,0.4,0.465586,3782,2084,1698,0.551031,20.376,5.91343,4,83.3333,42.36
GAT-S,learned,456,29,600,10,1,10,test,1,0.564257,0.25,0,3530,1500,0.424929,3389,626,0.184715,10.0398,7.3,0.2,0.451689,2775,1787,988,0.643964,11.856,5.47368,4,83.3333,42.36
GAT-S,learned,456,29,600,10,1,10,test,1,0.595266,0.25,0,3530,1136,0.321813,3389,445,0.131307,9.58178,7,0.4,0.461465,1995,1430,565,0.716792,6.78,4.76991,3,83.3333,42.36
GAT-S,learned,456,29,600,10,1,10,test,1,0.623432,0.25,0,3530,812,0.230028,3389,287,0.0846857,8.83313,6.45,0.3,0.469008,1313,1028,285,0.78294,3.42,4.47719,3,83.3333,42.36
GAT-S,learned,456,29,600,10,1,10,test,1,0.651275,0.25,0,3530,536,0.151841,3389,173,0.0510475,8.35765,6.15,0.25,0.497221,841,692,149,0.82283,1.788,3.77181,2,83.3333,42.36
GAT-S,learned,456,29,600,10,1,10,test,1,0.681923,0.25,0,3530,297,0.084136,3389,73,0.0215403,6.8165,4.6,0,0.495281,431,378,53,0.87703,0.636,2.75472,2,83.3333,42.36
GAT-S,learned,456,29,600,10,1,10,test,1,0.729551,0.25,0,3530,80,0.0226629,3389,15,0.00442608,6.3375,4.65,0,0.606926,98,93,5,0.94898,0.06,3.8,3,83.3333,42.36
GAT-S,learned,456,29,600,10,1,10,val,1,0.124124,0.25,0,2966,2957,0.996966,2785,2774,0.99605,26.5321,29.4,16.56,0.982218,44273,2982,41291,0.0673548,495.492,17.7854,14,83.3333,35.592
GAT-S,learned,456,29,600,10,1,10,val,1,0.225913,0.25,0,2966,2908,0.980445,2785,2691,0.966248,25.4028,29.1,13.27,0.944429,28062,3050,25012,0.108688,300.144,15.0531,12,83.3333,35.592
GAT-S,learned,456,29,600,10,1,10,val,1,0.285802,0.25,0,2966,2850,0.96089,2785,2579,0.926032,24.0575,27.4,10.59,0.899245,22476,3112,19364,0.138459,232.368,13.4185,10,83.3333,35.592
GAT-S,learned,456,29,600,10,1,10,val,1,0.324851,0.25,0,2966,2782,0.937964,2785,2464,0.88474,22.8804,25.8,8.7,0.86011,19370,3156,16214,0.162932,194.568,12.117,9,83.3333,35.592
GAT-S,learned,456,29,600,10,1,10,val,1,0.353013,0.25,0,2966,2705,0.912003,2785,2321,0.833393,21.7482,24.4,6.9,0.822876,16997,3163,13834,0.186092,166.008,11.1741,8,83.3333,35.592
GAT-S,learned,456,29,600,10,1,10,val,1,0.374836,0.25,0,2966,2642,0.890762,2785,2206,0.792101,20.7151,23.3,5.7,0.789016,15125,3197,11928,0.211372,143.136,10.4154,7,83.3333,35.592
GAT-S,learned,456,29,600,10,1,10,val,1,0.394053,0.25,0,2966,2553,0.860755,2785,2061,0.740036,19.6317,22.4,4.4,0.754346,13282,3123,10159,0.23513,121.908,9.79742,7,83.3333,35.592
GAT-S,learned,456,29,600,10,1,10,val,1,0.410465,0.25,0,2966,2467,0.83176,2785,1910,0.685817,18.5404,21.4,3.3,0.719608,11705,3042,8663,0.259889,103.956,9.23468,6,83.3333,35.592
GAT-S,learned,456,29,600,10,1,10,val,1,0.426174,0.25,0,2966,2379,0.80209,2785,1737,0.623698,17.3464,20.4,2.6,0.681387,10086,2901,7185,0.287626,86.22,8.7961,6,83.3333,35.592
GAT-S,learned,456,29,600,10,1,10,val,1,0.440848,0.25,0,2966,2282,0.769386,2785,1568,0.563016,16.1372,19,2,0.642934,8700,2763,5937,0.317586,71.244,8.44568,5,83.3333,35.592
GAT-S,learned,456,29,600,10,1,10,val,1,0.455627,0.25,0,2966,2176,0.733648,2785,1387,0.498025,14.8916,16,1.5,0.604175,7407,2587,4820,0.349264,57.84,8.03983,5,83.3333,35.592
GAT-S,learned,456,29,600,10,1,10,val,1,0.470755,0.25,0,2966,2045,0.689481,2785,1204,0.432316,13.8064,13.1,1.1,0.572429,6321,2409,3912,0.381111,46.944,7.5294,5,83.3333,35.592
GAT-S,learned,456,29,600,10,1,10,val,1,0.48,0.25,0,2966,1983,0.668577,2785,1110,0.398564,13.184,11.7,1,0.553715,5686,2296,3390,0.403799,40.68,7.31062,5,83.3333,35.592
GAT-S,learned,456,29,600,10,1,10,val,1,0.488107,0.25,0,2966,1917,0.646325,2785,1029,0.369479,12.6744,11,0.9,0.539547,5213,2215,2998,0.424899,35.976,7.06604,5,83.3333,35.592
GAT-S,learned,456,29,600,10,1,10,val,1,0.508177,0.25,0,2966,1762,0.594066,2785,875,0.314183,11.7141,9.9,0.6,0.513584,4189,2037,2152,0.486274,25.824,6.82156,5,83.3333,35.592
GAT-S,learned,456,29,600,10,1,10,val,1,0.534464,0.25,0,2966,1565,0.527647,2785,694,0.249192,10.7217,8.1,0.4,0.491198,3257,1799,1458,0.552349,17.496,6.3594,4,83.3333,35.592
GAT-S,learned,456,29,600,10,1,10,val,1,0.564257,0.25,0,2966,1321,0.445381,2785,547,0.196409,10.2234,7.8,0.2,0.489933,2479,1571,908,0.633723,10.896,6.06828,4,83.3333,35.592
GAT-S,learned,456,29,600,10,1,10,val,1,0.595266,0.25,0,2966,1046,0.352664,2785,406,0.145781,9.72887,7.1,0.4,0.496484,1880,1304,576,0.693617,6.912,5.15104,3,83.3333,35.592
GAT-S,learned,456,29,600,10,1,10,val,1,0.623432,0.25,0,2966,787,0.265341,2785,276,0.0991023,8.93367,6.4,0.4,0.49308,1320,1003,317,0.759848,3.804,4.70032,3,83.3333,35.592
GAT-S,learned,456,29,600,10,1,10,val,1,0.651275,0.25,0,2966,566,0.190829,2785,160,0.0574506,7.77261,5.65,0.3,0.483347,878,717,161,0.816629,1.932,4.19876,3,83.3333,35.592
GAT-S,learned,456,29,600,10,1,10,val,1,0.681923,0.25,0,2966,322,0.108564,2785,70,0.0251346,6.64503,4.7,0.3,0.496351,466,401,65,0.860515,0.78,3.90769,3,83.3333,35.592
GAT-S,learned,456,29,600,10,1,10,val,1,0.729551,0.25,0,2966,102,0.0343898,2785,10,0.00359066,4.46961,2.8,0,0.492245,135,119,16,0.881481,0.192,3.9375,3,83.3333,35.592
GAT-S,learned,456,29,600,10,1,10,test,1,0.124124,0.25,0.15,3530,3521,0.99745,3389,3376,0.996164,27.32,29.4,21,0.986823,40805,3497,37308,0.0857003,447.696,35.168,36,83.3333,42.36
GAT-S,learned,456,29,600,10,1,10,test,1,0.225913,0.25,0.15,3530,3473,0.983853,3389,3300,0.973739,26.2713,29.2,17.5,0.951551,26736,3449,23287,0.129002,279.444,26.5576,26,83.3333,42.36
GAT-S,learned,456,29,600,10,1,10,test,1,0.285802,0.25,0.15,3530,3397,0.962323,3389,3173,0.936264,25.0487,28.2,14.2,0.911041,21638,3385,18253,0.156438,219.036,23.0737,22,83.3333,42.36
GAT-S,learned,456,29,600,10,1,10,test,1,0.324851,0.25,0.15,3530,3326,0.94221,3389,3043,0.897905,23.9083,26.6,11.3,0.873203,18544,3322,15222,0.179142,182.664,21.1891,21,83.3333,42.36
GAT-S,learned,456,29,600,10,1,10,test,1,0.353013,0.25,0.15,3530,3247,0.91983,3389,2909,0.858365,22.8408,25.2,9.7,0.83776,16240,3249,12991,0.200062,155.892,20.0393,19,83.3333,42.36
GAT-S,learned,456,29,600,10,1,10,test,1,0.374836,0.25,0.15,3530,3171,0.8983,3389,2773,0.818235,21.7996,24,8.1,0.80328,14501,3173,11328,0.218812,135.936,19.0618,18,83.3333,42.36
GAT-S,learned,456,29,600,10,1,10,test,1,0.394053,0.25,0.15,3530,3091,0.875637,3389,2606,0.768958,20.6637,23,5.9,0.765624,12890,3107,9783,0.24104,117.396,18.1611,17,83.3333,42.36
GAT-S,learned,456,29,600,10,1,10,test,1,0.410465,0.25,0.15,3530,2996,0.848725,3389,2441,0.720271,19.601,22,4.4,0.730125,11467,3013,8454,0.262754,101.448,17.3698,16,83.3333,42.36
GAT-S,learned,456,29,600,10,1,10,test,1,0.426174,0.25,0.15,3530,2884,0.816997,3389,2232,0.658601,18.3904,21,3.23,0.690557,9999,2895,7104,0.289529,85.248,16.7525,15,83.3333,42.36
GAT-S,learned,456,29,600,10,1,10,test,1,0.440848,0.25,0.15,3530,2765,0.783286,3389,2006,0.591915,17.1181,19.8,2.4,0.649395,8790,2781,6009,0.316382,72.108,15.9205,14,83.3333,42.36
GAT-S,learned,456,29,600,10,1,10,test,1,0.455627,0.25,0.15,3530,2633,0.745892,3389,1776,0.524048,15.9092,18.1,1.8,0.610953,7555,2646,4909,0.350232,58.908,15.3571,14,83.3333,42.36
GAT-S,learned,456,29,600,10,1,10,test,1,0.470755,0.25,0.15,3530,2485,0.703966,3389,1540,0.454411,14.7022,14.8,1.4,0.573834,6420,2498,3922,0.389097,47.064,14.6795,13,83.3333,42.36
GAT-S,learned,456,29,600,10,1,10,test,1,0.48,0.25,0.15,3530,2399,0.679603,3389,1416,0.417822,14.0211,13.2,1.2,0.5523,5789,2407,3382,0.415789,40.584,14.372,12,83.3333,42.36
GAT-S,learned,456,29,600,10,1,10,test,1,0.488107,0.25,0.15,3530,2310,0.654391,3389,1309,0.38625,13.4973,12.1,1,0.536721,5293,2322,2971,0.438693,35.652,14.0323,12,83.3333,42.36
GAT-S,learned,456,29,600,10,1,10,test,1,0.508177,0.25,0.15,3530,2084,0.590368,3389,1063,0.313662,12.2766,10.2,0.7,0.502946,4190,2092,2098,0.499284,25.176,13.5043,11,83.3333,42.36
GAT-S,learned,456,29,600,10,1,10,test,1,0.534464,0.25,0.15,3530,1823,0.516431,3389,826,0.24373,11.0541,8.5,0.4,0.470986,3185,1827,1358,0.573626,16.296,12.8689,10,83.3333,42.36
GAT-S,learned,456,29,600,10,1,10,test,1,0.564257,0.25,0.15,3530,1508,0.427195,3389,636,0.187666,10.2018,7.35,0.27,0.456537,2335,1509,826,0.646253,9.912,11.9564,10,83.3333,42.36
GAT-S,learned,456,29,600,10,1,10,test,1,0.595266,0.25,0.15,3530,1141,0.323229,3389,451,0.133078,9.70175,7.2,0.4,0.464899,1594,1142,452,0.716437,5.424,11.3341,9,83.3333,42.36
GAT-S,learned,456,29,600,10,1,10,test,1,0.623432,0.25,0.15,3530,817,0.231445,3389,292,0.0861611,8.97993,6.5,0.3,0.472913,1051,817,234,0.777355,2.808,10.8889,8.5,83.3333,42.36
GAT-S,learned,456,29,600,10,1,10,test,1,0.651275,0.25,0.15,3530,538,0.152408,3389,175,0.0516377,8.43699,6.25,0.27,0.49909,658,537,121,0.816109,1.452,10.6529,8,83.3333,42.36
GAT-S,learned,456,29,600,10,1,10,test,1,0.681923,0.25,0.15,3530,297,0.084136,3389,73,0.0215403,6.8165,4.6,0,0.495281,337,297,40,0.881306,0.48,10.625,8,83.3333,42.36
GAT-S,learned,456,29,600,10,1,10,test,1,0.729551,0.25,0.15,3530,80,0.0226629,3389,15,0.00442608,6.3375,4.65,0,0.606926,86,81,5,0.94186,0.06,11,13,83.3333,42.36
GAT-S,learned,456,29,600,10,1,10,val,1,0.124124,0.25,0.15,2966,2960,0.997977,2785,2777,0.997127,26.5785,29.4,16.79,0.98371,35732,2944,32788,0.0823911,393.456,35.3957,37,83.3333,35.592
GAT-S,learned,456,29,600,10,1,10,val,1,0.225913,0.25,0.15,2966,2915,0.982805,2785,2702,0.970197,25.5302,29.1,13.7,0.948525,23268,2901,20367,0.124678,244.404,26.0395,25,83.3333,35.592
GAT-S,learned,456,29,600,10,1,10,val,1,0.285802,0.25,0.15,2966,2856,0.962913,2785,2588,0.929264,24.1928,27.6,10.65,0.903649,18706,2852,15854,0.152464,190.248,22.366,22,83.3333,35.592
GAT-S,learned,456,29,600,10,1,10,val,1,0.324851,0.25,0.15,2966,2789,0.940324,2785,2472,0.887612,22.984,26,8.7,0.863389,15866,2791,13075,0.175911,156.9,20.5556,20,83.3333,35.592
GAT-S,learned,456,29,600,10,1,10,val,1,0.353013,0.25,0.15,2966,2709,0.913351,2785,2325,0.834829,21.8439,24.5,6.9,0.82599,13782,2712,11070,0.196778,132.84,19.3881,19,83.3333,35.592
GAT-S,learned,456,29,600,10,1,10,val,1,0.374836,0.25,0.15,2966,2647,0.892448,2785,2213,0.794614,20.8396,23.4,5.7,0.793069,12122,2658,9464,0.219271,113.568,18.4811,18,83.3333,35.592
GAT-S,learned,456,29,600,10,1,10,val,1,0.394053,0.25,0.15,2966,2559,0.862778,2785,2069,0.742908,19.7482,22.4,4.4,0.758061,10608,2567,8041,0.241987,96.492,17.7061,17,83.3333,35.592
GAT-S,learned,456,29,600,10,1,10,val,1,0.410465,0.25,0.15,2966,2474,0.83412,2785,1920,0.689408,18.6553,21.5,3.33,0.723233,9359,2485,6874,0.26552,82.488,17.0634,16,83.3333,35.592
GAT-S,learned,456,29,600,10,1,10,val,1,0.426174,0.25,0.15,2966,2389,0.805462,2785,1753,0.629443,17.5076,20.5,2.6,0.686445,8122,2397,5725,0.295124,68.7,16.4735,15,83.3333,35.592
GAT-S,learned,456,29,600,10,1,10,val,1,0.440848,0.25,0.15,2966,2294,0.773432,2785,1584,0.568761,16.3061,19.2,2.1,0.648171,7104,2302,4802,0.324043,57.624,15.6764,14,83.3333,35.592
GAT-S,learned,456,29,600,10,1,10,val,1,0.455627,0.25,0.15,2966,2188,0.737694,2785,1400,0.502693,15.0269,16.2,1.5,0.608222,6093,2194,3899,0.360085,46.788,15.1416,13,83.3333,35.592
GAT-S,learned,456,29,600,10,1,10,val,1,0.470755,0.25,0.15,2966,2058,0.693864,2785,1220,0.438061,13.9791,13.3,1.17,0.577623,5218,2063,3155,0.395362,37.86,14.4532,12,83.3333,35.592
GAT-S,learned,456,29,600,10,1,10,val,1,0.48,0.25,0.15,2966,1995,0.672623,2785,1125,0.40395,13.3535,11.8,1,0.558815,4758,2001,2757,0.420555,33.084,14.1201,12,83.3333,35.592
GAT-S,learned,456,29,600,10,1,10,val,1,0.488107,0.25,0.15,2966,1930,0.650708,2785,1044,0.374865,12.8483,11.15,0.9,0.544699,4380,1939,2441,0.442694,29.292,13.8783,12,83.3333,35.592
GAT-S,learned,456,29,600,10,1,10,val,1,0.508177,0.25,0.15,2966,1772,0.597438,2785,886,0.318133,11.8713,9.95,0.6,0.518232,3547,1783,1764,0.502678,21.168,13.3112,11,83.3333,35.592
GAT-S,learned,456,29,600,10,1,10,val,1,0.534464,0.25,0.15,2966,1573,0.530344,2785,703,0.252424,10.8422,8.3,0.4,0.494631,2781,1579,1202,0.567781,14.424,12.4958,10,83.3333,35.592
GAT-S,learned,456,29,600,10,1,10,val,1,0.564257,0.25,0.15,2966,1324,0.446392,2785,552,0.198205,10.3224,7.8,0.2,0.492969,2097,1331,766,0.634716,9.192,11.9112,10,83.3333,35.592
GAT-S,learned,456,29,600,10,1,10,val,1,0.595266,0.25,0.15,2966,1050,0.354012,2785,411,0.147576,9.83029,7.2,0.4,0.499309,1537,1058,479,0.688354,5.748,11.0459,9,83.3333,35.592
GAT-S,learned,456,29,600,10,1,10,val,1,0.623432,0.25,0.15,2966,791,0.266689,2785,280,0.100539,9.03818,6.4,0.4,0.495686,1059,797,262,0.752597,3.144,10.2595,9,83.3333,35.592
GAT-S,learned,456,29,600,10,1,10,val,1,0.651275,0.25,0.15,2966,567,0.191167,2785,161,0.0578097,7.81235,5.7,0.3,0.484318,701,571,130,0.814551,1.56,10.0538,8,83.3333,35.592
GAT-S,learned,456,29,600,10,1,10,val,1,0.681923,0.25,0.15,2966,322,0.108564,2785,70,0.0251346,6.64503,4.7,0.3,0.496351,378,323,55,0.854497,0.66,10.3455,8,83.3333,35.592
GAT-S,learned,456,29,600,10,1,10,val,1,0.729551,0.25,0.15,2966,102,0.0343898,2785,10,0.00359066,4.46961,2.8,0,0.492245,116,102,14,0.87931,0.168,9.85714,6.5,83.3333,35.592
LSTM-P,learned,42,27,600,10,1,10,test,1,0.160424,1,0,3530,3519,0.996884,3389,3374,0.995574,27.3587,29.4,21,0.988269,90084,3758,86326,0.0417166,1035.91,9.05488,3,83.3333,42.36
LSTM-P,learned,42,27,600,10,1,10,test,1,0.264302,1,0,3530,3494,0.989802,3389,3336,0.984361,26.7781,29.3,18.33,0.968544,55033,4220,50813,0.0766813,609.756,8.59902,3,83.3333,42.36
LSTM-P,learned,42,27,600,10,1,10,test,1,0.323032,1,0,3530,3469,0.98272,3389,3283,0.968722,26.1328,29.2,16.4,0.946506,45296,4608,40688,0.101731,488.256,7.84922,3,83.3333,42.36
LSTM-P,learned,42,27,600,10,1,10,test,1,0.358257,1,0,3530,3419,0.968555,3389,3200,0.944231,25.4754,29.1,14.4,0.924529,40218,4953,35265,0.123154,423.18,7.26315,3,83.3333,42.36
LSTM-P,learned,42,27,600,10,1,10,test,1,0.383194,1,0,3530,3386,0.959207,3389,3123,0.921511,24.7652,28.4,12.2,0.900582,36903,5158,31745,0.139772,380.94,6.70398,3,83.3333,42.36
LSTM-P,learned,42,27,600,10,1,10,test,1,0.403174,1,0,3530,3330,0.943343,3389,3040,0.89702,24.1038,27.3,11,0.878927,34181,5305,28876,0.155203,346.512,6.16799,3,83.3333,42.36
LSTM-P,learned,42,27,600,10,1,10,test,1,0.419986,1,0,3530,3280,0.929178,3389,2966,0.875184,23.4539,26.3,10.3,0.857623,31835,5459,26376,0.171478,316.512,5.67057,3,83.3333,42.36
LSTM-P,learned,42,27,600,10,1,10,test,1,0.434754,1,0,3530,3219,0.911898,3389,2868,0.846267,22.741,25.3,9.2,0.834307,29688,5565,24123,0.187449,289.476,5.20454,3,83.3333,42.36
LSTM-P,learned,42,27,600,10,1,10,test,1,0.448557,1,0,3530,3162,0.895751,3389,2769,0.817055,21.9732,24.2,7.9,0.808949,27754,5679,22075,0.204619,264.9,4.7142,3,83.3333,42.36
LSTM-P,learned,42,27,600,10,1,10,test,1,0.461883,1,0,3530,3100,0.878187,3389,2654,0.783122,21.0195,23.2,6.39,0.776921,25659,5636,20023,0.21965,240.276,4.24537,2,83.3333,42.36
LSTM-P,learned,42,27,600,10,1,10,test,1,0.47488,1,0,3530,3035,0.859773,3389,2524,0.744762,19.9946,22.2,5.1,0.742439,23535,5601,17934,0.237986,215.208,3.79837,2,83.3333,42.36
LSTM-P,learned,42,27,600,10,1,10,test,1,0.488439,1,0,3530,2959,0.838244,3389,2353,0.694305,18.8522,21.3,4,0.70451,21109,5513,15596,0.261168,187.152,3.39016,2,83.3333,42.36
LSTM-P,learned,42,27,600,10,1,10,test,1,0.488789,1,0,3530,2955,0.83711,3389,2349,0.693125,18.8345,21.3,4,0.704003,21065,5515,15550,0.261809,186.6,3.3773,2,83.3333,42.36
LSTM-P,learned,42,27,600,10,1,10,test,1,0.503504,1,0,3530,2847,0.806516,3389,2134,0.629684,17.4367,20.1,3.1,0.658062,18350,5277,13073,0.287575,156.876,2.99656,2,83.3333,42.36
LSTM-P,learned,42,27,600,10,1,10,test,1,0.520876,1,0,3530,2719,0.770255,3389,1838,0.542343,15.6025,15.3,2.2,0.596618,15349,4992,10357,0.325233,124.284,2.64053,1,83.3333,42.36
LSTM-P,learned,42,27,600,10,1,10,test,1,0.542633,1,0,3530,2543,0.720397,3389,1467,0.432871,13.6932,11.7,1.5,0.53506,12419,4693,7726,0.377889,92.712,2.33368,1,83.3333,42.36
LSTM-P,learned,42,27,600,10,1,10,test,1,0.572429,1,0,3530,2359,0.668272,3389,1160,0.342284,12.0735,9.6,1,0.482791,9841,4547,5294,0.462047,63.528,2.11069,1,83.3333,42.36
LSTM-P,learned,42,27,600,10,1,10,test,1,0.60617,1,0,3530,2172,0.615297,3389,956,0.282089,10.9819,7.9,0.7,0.448625,8082,4430,3652,0.548132,43.824,1.87842,1,83.3333,42.36
LSTM-P,learned,42,27,600,10,1,10,test,1,0.639638,1,0,3530,1984,0.56204,3389,790,0.233107,9.9442,6.7,0.5,0.414025,6440,4081,2359,0.633696,28.308,1.71556,1,83.3333,42.36
LSTM-P,learned,42,27,600,10,1,10,test,1,0.67513,1,0,3530,1687,0.477904,3389,566,0.167011,8.44588,5.4,0.4,0.366393,4672,3354,1318,0.717894,15.816,1.52504,1,83.3333,42.36
LSTM-P,learned,42,27,600,10,1,10,test,1,0.717286,1,0,3530,1218,0.345042,3389,297,0.0876365,6.54901,3.7,0.1,0.30898,2703,2191,512,0.810581,6.144,1.45508,1,83.3333,42.36
LSTM-P,learned,42,27,600,10,1,10,test,1,0.777619,1,0,3530,456,0.129178,3389,52,0.0153438,4.07544,2.15,0,0.249078,785,699,86,0.890446,1.032,1.31395,1,83.3333,42.36
LSTM-P,learned,42,27,600,10,1,10,val,1,0.160424,1,0,2966,2962,0.998651,2785,2780,0.998205,26.6568,29.4,16.81,0.986447,78933,3211,75722,0.0406801,908.664,8.78968,3,83.3333,35.592
LSTM-P,learned,42,27,600,10,1,10,val,1,0.264302,1,0,2966,2943,0.992245,2785,2739,0.983483,25.9504,29.3,14,0.962268,47827,3546,44281,0.0741422,531.372,8.24586,3,83.3333,35.592
LSTM-P,learned,42,27,600,10,1,10,val,1,0.323032,1,0,2966,2908,0.980445,2785,2670,0.958707,25.2488,29.2,11.6,0.938167,38431,3835,34596,0.0997892,415.152,7.62698,3,83.3333,35.592
LSTM-P,learned,42,27,600,10,1,10,val,1,0.358257,1,0,2966,2878,0.97033,2785,2607,0.936086,24.5847,28.85,10.4,0.915763,33964,4154,29810,0.122306,357.72,7.02754,3,83.3333,35.592
LSTM-P,learned,42,27,600,10,1,10,val,1,0.383194,1,0,2966,2850,0.96089,2785,2548,0.914901,23.9461,27.7,9.5,0.894401,31019,4356,26663,0.14043,319.956,6.4651,3,83.3333,35.592
LSTM-P,learned,42,27,600,10,1,10,val,1,0.403174,1,0,2966,2813,0.948415,2785,2480,0.890485,23.2365,26.6,8.8,0.870675,28446,4506,23940,0.158405,287.28,5.9901,3,83.3333,35.592
LSTM-P,learned,42,27,600,10,1,10,val,1,0.419986,1,0,2966,2771,0.934255,2785,2404,0.863196,22.4942,25.5,7.7,0.846099,26180,4563,21617,0.174293,259.404,5.53495,3,83.3333,35.592
LSTM-P,learned,42,27,600,10,1,10,val,1,0.434754,1,0,2966,2730,0.920432,2785,2331,0.836984,21.7179,24.4,6.9,0.820484,24372,4604,19768,0.188905,237.216,5.05438,3,83.3333,35.592
LSTM-P,learned,42,27,600,10,1,10,val,1,0.448557,1,0,2966,2675,0.901888,2785,2231,0.801077,20.8528,23.5,5.8,0.792186,22480,4627,17853,0.205827,214.236,4.61323,2,83.3333,35.592
LSTM-P,learned,42,27,600,10,1,10,val,1,0.461883,1,0,2966,2623,0.884356,2785,2141,0.768761,19.9323,22.4,4.8,0.762016,20601,4591,16010,0.222853,192.12,4.19038,2,83.3333,35.592
LSTM-P,learned,42,27,600,10,1,10,val,1,0.47488,1,0,2966,2562,0.86379,2785,2025,0.72711,18.9023,21.6,4.01,0.727792,18842,4568,14274,0.242437,171.288,3.76377,2,83.3333,35.592
LSTM-P,learned,42,27,600,10,1,10,val,1,0.488439,1,0,2966,2476,0.834794,2785,1857,0.666786,17.7714,20.6,3.3,0.691439,16767,4428,12339,0.26409,148.068,3.39436,2,83.3333,35.592
LSTM-P,learned,42,27,600,10,1,10,val,1,0.488789,1,0,2966,2473,0.833783,2785,1853,0.66535,17.7246,20.6,3.2,0.689941,16703,4425,12278,0.264922,147.336,3.38988,2,83.3333,35.592
LSTM-P,learned,42,27,600,10,1,10,val,1,0.503504,1,0,2966,2380,0.802428,2785,1670,0.599641,16.3451,17.95,2.7,0.645334,14563,4279,10284,0.293827,123.408,3.03821,2,83.3333,35.592
LSTM-P,learned,42,27,600,10,1,10,val,1,0.520876,1,0,2966,2278,0.768038,2785,1445,0.518851,14.7724,13.5,2.2,0.594603,12257,4028,8229,0.328629,98.748,2.68064,1,83.3333,35.592
LSTM-P,learned,42,27,600,10,1,10,val,1,0.542633,1,0,2966,2137,0.720499,2785,1172,0.420826,13.1285,11,1.4,0.54358,10000,3806,6194,0.3806,74.328,2.38796,1,83.3333,35.592
LSTM-P,learned,42,27,600,10,1,10,val,1,0.572429,1,0,2966,1970,0.664194,2785,935,0.335727,11.7858,9.2,0.9,0.502586,8203,3762,4441,0.458613,53.292,2.12182,1,83.3333,35.592
LSTM-P,learned,42,27,600,10,1,10,val,1,0.60617,1,0,2966,1849,0.623399,2785,779,0.279713,10.6419,7.4,0.7,0.465066,6829,3704,3125,0.542393,37.5,1.88896,1,83.3333,35.592
LSTM-P,learned,42,27,600,10,1,10,val,1,0.639638,1,0,2966,1682,0.567094,2785,645,0.231598,9.60315,6.2,0.5,0.430439,5440,3431,2009,0.630699,24.108,1.74664,1,83.3333,35.592
LSTM-P,learned,42,27,600,10,1,10,val,1,0.67513,1,0,2966,1459,0.491908,2785,488,0.175224,8.35545,5.1,0.28,0.391626,4045,2906,1139,0.718418,13.668,1.59526,1,83.3333,35.592
LSTM-P,learned,42,27,600,10,1,10,val,1,0.717286,1,0,2966,1109,0.373904,2785,265,0.0951526,6.52867,3.7,0.1,0.334123,2469,2033,436,0.82341,5.232,1.49312,1,83.3333,35.592
LSTM-P,learned,42,27,600,10,1,10,val,1,0.777619,1,0,2966,474,0.159811,2785,57,0.0204668,4.10633,1.9,0,0.269307,853,777,76,0.910903,0.912,1.57895,1,83.3333,35.592
LSTM-P,learned,42,27,600,10,1,10,test,1,0.160424,1,0.15,3530,3524,0.9983,3389,3379,0.997049,27.431,29.4,21.53,0.990643,48600,3501,45099,0.072037,541.188,28.5565,28,83.3333,42.36
LSTM-P,learned,42,27,600,10,1,10,test,1,0.264302,1,0.15,3530,3500,0.991501,3389,3343,0.986427,26.8518,29.4,18.4,0.970937,34880,3559,31321,0.102036,375.852,18.7306,16,83.3333,42.36
LSTM-P,learned,42,27,600,10,1,10,test,1,0.323032,1,0.15,3530,3476,0.984703,3389,3290,0.970788,26.2324,29.2,16.75,0.949748,29129,3613,25516,0.124034,306.192,16.5154,14,83.3333,42.36
LSTM-P,learned,42,27,600,10,1,10,test,1,0.358257,1,0.15,3530,3431,0.971955,3389,3213,0.948067,25.5971,29.1,14.6,0.928433,25765,3621,22144,0.140539,265.728,15.4746,13,83.3333,42.36
LSTM-P,learned,42,27,600,10,1,10,test,1,0.383194,1,0.15,3530,3397,0.962323,3389,3137,0.925642,24.9433,28.9,12.36,0.906412,23364,3635,19729,0.155581,236.748,14.8303,12,83.3333,42.36
LSTM-P,learned,42,27,600,10,1,10,test,1,0.403174,1,0.15,3530,3342,0.946742,3389,3054,0.901151,24.2767,27.7,11.1,0.884557,21361,3602,17759,0.168625,213.108,14.2835,12,83.3333,42.36
LSTM-P,learned,42,27,600,10,1,10,test,1,0.419986,1,0.15,3530,3291,0.932295,3389,2978,0.878725,23.6373,26.7,10.4,0.863608,19615,3571,16044,0.182055,192.528,13.7699,11,83.3333,42.36
LSTM-P,learned,42,27,600,10,1,10,test,1,0.434754,1,0.15,3530,3236,0.916714,3389,2887,0.851874,22.9449,25.6,9.35,0.84087,18077,3521,14556,0.194778,174.672,13.2874,11,83.3333,42.36
LSTM-P,learned,42,27,600,10,1,10,test,1,0.448557,1,0.15,3530,3176,0.899717,3389,2783,0.821186,22.1779,24.4,7.95,0.815599,16684,3470,13214,0.207984,158.568,12.7549,10,83.3333,42.36
LSTM-P,learned,42,27,600,10,1,10,test,1,0.461883,1,0.15,3530,3117,0.883003,3389,2672,0.788433,21.239,23.4,6.4,0.784028,15360,3409,11951,0.22194,143.412,12.1735,10,83.3333,42.36
LSTM-P,learned,42,27,600,10,1,10,test,1,0.47488,1,0.15,3530,3054,0.865156,3389,2544,0.750664,20.2208,22.4,5.1,0.749735,14018,3331,10687,0.237623,128.244,11.5521,9,83.3333,42.36
LSTM-P,learned,42,27,600,10,1,10,test,1,0.488439,1,0.15,3530,2976,0.843059,3389,2372,0.699911,19.0678,21.4,4,0.711454,12641,3268,9373,0.258524,112.476,10.817,8,83.3333,42.36
LSTM-P,learned,42,27,600,10,1,10,test,1,0.488789,1,0.15,3530,2973,0.84221,3389,2369,0.699026,19.0552,21.4,4,0.711091,12614,3266,9348,0.258919,112.176,10.8061,8,83.3333,42.36
LSTM-P,learned,42,27,600,10,1,10,test,1,0.503504,1,0.15,3530,2864,0.811331,3389,2153,0.635291,17.6566,20.2,3.1,0.665097,11129,3157,7972,0.283673,95.664,10.031,7,83.3333,42.36
LSTM-P,learned,42,27,600,10,1,10,test,1,0.520876,1,0.15,3530,2735,0.774788,3389,1859,0.548539,15.8389,15.7,2.2,0.604219,9420,2977,6443,0.31603,77.316,9.10476,6,83.3333,42.36
LSTM-P,learned,42,27,600,10,1,10,test,1,0.542633,1,0.15,3530,2558,0.724646,3389,1491,0.439953,13.9402,11.9,1.5,0.542997,7706,2766,4940,0.358941,59.28,8.10486,5,83.3333,42.36
LSTM-P,learned,42,27,600,10,1,10,test,1,0.572429,1,0.15,3530,2369,0.671105,3389,1177,0.3473,12.278,9.8,1,0.489375,6101,2569,3532,0.421079,42.384,6.97112,4,83.3333,42.36
LSTM-P,learned,42,27,600,10,1,10,test,1,0.60617,1,0.15,3530,2180,0.617564,3389,968,0.28563,11.1393,8.1,0.7,0.453651,4933,2388,2545,0.484087,30.54,5.91434,4,83.3333,42.36
LSTM-P,learned,42,27,600,10,1,10,test,1,0.639638,1,0.15,3530,1989,0.563456,3389,795,0.234582,10.0146,6.7,0.5,0.416202,3960,2230,1730,0.563131,20.76,4.94971,3,83.3333,42.36
LSTM-P,learned,42,27,600,10,1,10,test,1,0.67513,1,0.15,3530,1689,0.47847,3389,568,0.167601,8.47608,5.4,0.4,0.367302,2923,1894,1029,0.647964,12.348,4.11856,3,83.3333,42.36
LSTM-P,learned,42,27,600,10,1,10,test,1,0.717286,1,0.15,3530,1218,0.345042,3389,297,0.0876365,6.54901,3.7,0.1,0.30898,1745,1340,405,0.767908,4.86,3.78519,3,83.3333,42.36
LSTM-P,learned,42,27,600,10,1,10,test,1,0.777619,1,0.15,3530,456,0.129178,3389,52,0.0153438,4.07544,2.15,0,0.249078,553,480,73,0.867993,0.876,3.31507,2,83.3333,42.36
LSTM-P,learned,42,27,600,10,1,10,val,1,0.160424,1,0.15,2966,2962,0.998651,2785,2780,0.998205,26.7341,29.4,17.5,0.989069,42646,2947,39699,0.0691038,476.388,28.457,28,83.3333,35.592
LSTM-P,learned,42,27,600,10,1,10,val,1,0.264302,1,0.15,2966,2945,0.99292,2785,2742,0.98456,26.0402,29.3,14.14,0.965243,30439,3012,27427,0.098952,329.124,18.1256,15,83.3333,35.592
LSTM-P,learned,42,27,600,10,1,10,val,1,0.323032,1,0.15,2966,2910,0.981119,2785,2672,0.959425,25.3429,29.2,11.69,0.941293,25006,3044,21962,0.121731,263.544,15.942,13,83.3333,35.592
LSTM-P,learned,42,27,600,10,1,10,val,1,0.358257,1,0.15,2966,2883,0.972016,2785,2612,0.937882,24.6885,29.1,10.42,0.919139,21849,3056,18793,0.139869,225.516,15.0036,12,83.3333,35.592
LSTM-P,learned,42,27,600,10,1,10,val,1,0.383194,1,0.15,2966,2858,0.963587,2785,2556,0.917774,24.0685,28,9.5,0.898304,19700,3054,16646,0.155025,199.752,14.3271,12,83.3333,35.592
LSTM-P,learned,42,27,600,10,1,10,val,1,0.403174,1,0.15,2966,2821,0.951113,2785,2488,0.893357,23.3495,26.9,8.8,0.874271,17885,3027,14858,0.169248,178.296,13.8445,11,83.3333,35.592
LSTM-P,learned,42,27,600,10,1,10,val,1,0.419986,1,0.15,2966,2783,0.938301,2785,2417,0.867864,22.6507,25.8,7.7,0.851032,16330,2986,13344,0.182854,160.128,13.3066,11,83.3333,35.592
LSTM-P,learned,42,27,600,10,1,10,val,1,0.434754,1,0.15,2966,2742,0.924477,2785,2345,0.842011,21.9205,24.7,6.9,0.826976,14966,2955,12011,0.197448,144.132,12.8526,10,83.3333,35.592
LSTM-P,learned,42,27,600,10,1,10,val,1,0.448557,1,0.15,2966,2690,0.906945,2785,2251,0.808259,21.0868,23.7,5.9,0.799635,13716,2904,10812,0.211724,129.744,12.3194,10,83.3333,35.592
LSTM-P,learned,42,27,600,10,1,10,val,1,0.461883,1,0.15,2966,2633,0.887728,2785,2157,0.774506,20.1973,22.6,4.9,0.770663,12469,2855,9614,0.228968,115.368,11.8662,9,83.3333,35.592
LSTM-P,learned,42,27,600,10,1,10,val,1,0.47488,1,0.15,2966,2574,0.867835,2785,2039,0.732136,19.0822,21.7,4.1,0.733495,11355,2785,8570,0.245266,102.84,11.2786,8,83.3333,35.592
LSTM-P,learned,42,27,600,10,1,10,val,1,0.488439,1,0.15,2966,2483,0.837154,2785,1866,0.670018,17.9459,20.7,3.3,0.697114,10171,2706,7465,0.266051,89.58,10.7035,8,83.3333,35.592
LSTM-P,learned,42,27,600,10,1,10,val,1,0.488789,1,0.15,2966,2481,0.83648,2785,1863,0.668941,17.9064,20.7,3.3,0.695832,10144,2704,7440,0.266562,89.28,10.6762,8,83.3333,35.592
LSTM-P,learned,42,27,600,10,1,10,val,1,0.503504,1,0.15,2966,2391,0.806136,2785,1683,0.604309,16.5391,18.2,2.7,0.651503,8889,2595,6294,0.291934,75.528,9.92691,7,83.3333,35.592
LSTM-P,learned,42,27,600,10,1,10,val,1,0.520876,1,0.15,2966,2288,0.771409,2785,1462,0.524955,15.0292,14.1,2.2,0.602893,7603,2471,5132,0.325003,61.584,9.00136,6,83.3333,35.592
LSTM-P,learned,42,27,600,10,1,10,val,1,0.542633,1,0.15,2966,2145,0.723196,2785,1184,0.425135,13.294,11.2,1.5,0.548831,6257,2292,3965,0.36631,47.58,8.02926,5,83.3333,35.592
LSTM-P,learned,42,27,600,10,1,10,val,1,0.572429,1,0.15,2966,1975,0.66588,2785,941,0.337882,11.8769,9.3,0.94,0.505424,5052,2120,2932,0.419636,35.184,6.88165,4,83.3333,35.592
LSTM-P,learned,42,27,600,10,1,10,val,1,0.60617,1,0.15,2966,1854,0.625084,2785,785,0.281867,10.7513,7.5,0.7,0.468508,4114,2016,2098,0.490034,25.176,6.00524,3,83.3333,35.592
LSTM-P,learned,42,27,600,10,1,10,val,1,0.639638,1,0.15,2966,1687,0.56878,2785,650,0.233393,9.6671,6.2,0.5,0.432329,3289,1856,1433,0.564305,17.196,5.11514,3,83.3333,35.592
LSTM-P,learned,42,27,600,10,1,10,val,1,0.67513,1,0.15,2966,1462,0.49292,2785,491,0.176302,8.39918,5.15,0.3,0.392898,2492,1628,864,0.653291,10.368,4.40509,3,83.3333,35.592
LSTM-P,learned,42,27,600,10,1,10,val,1,0.717286,1,0.15,2966,1109,0.373904,2785,265,0.0951526,6.53228,3.7,0.1,0.334245,1584,1238,346,0.781566,4.152,3.90462,3,83.3333,35.592
LSTM-P,learned,42,27,600,10,1,10,val,1,0.777619,1,0.15,2966,474,0.159811,2785,57,0.0204668,4.10633,1.9,0,0.269307,560,500,60,0.892857,0.72,3.83333,3,83.3333,35.592
LSTM-P,learned,42,27,600,10,1,10,test,1,0.160424,0.5,0,3530,3517,0.996317,3389,3372,0.994984,27.3208,29.4,20.9,0.986982,58377,3590,54787,0.0614968,657.444,14.0129,8,83.3333,42.36
LSTM-P,learned,42,27,600,10,1,10,test,1,0.264302,0.5,0,3530,3486,0.987535,3389,3321,0.979935,26.5939,29.3,18.2,0.962266,37363,3796,33567,0.101598,402.804,12.5943,8,83.3333,42.36
LSTM-P,learned,42,27,600,10,1,10,test,1,0.323032,0.5,0,3530,3433,0.972521,3389,3223,0.951018,25.7192,29.1,15.5,0.932944,30632,4006,26626,0.130778,319.512,11.4054,7,83.3333,42.36
LSTM-P,learned,42,27,600,10,1,10,test,1,0.358257,0.5,0,3530,3381,0.95779,3389,3129,0.923281,24.813,28.3,12.8,0.902537,27118,4149,22969,0.152998,275.628,10.4637,7,83.3333,42.36
LSTM-P,learned,42,27,600,10,1,10,test,1,0.383194,0.5,0,3530,3319,0.940227,3389,3019,0.890823,23.9978,27.1,10.7,0.875463,24774,4269,20505,0.172318,246.06,9.63053,6,83.3333,42.36
LSTM-P,learned,42,27,600,10,1,10,test,1,0.403174,0.5,0,3530,3250,0.92068,3389,2918,0.861021,23.2129,26,9.7,0.849723,22933,4378,18555,0.190904,222.66,8.82819,5,83.3333,42.36
LSTM-P,learned,42,27,600,10,1,10,test,1,0.419986,0.5,0,3530,3181,0.901133,3389,2801,0.826497,22.4215,25,8.4,0.823821,21289,4444,16845,0.208746,202.14,8.10561,5,83.3333,42.36
LSTM-P,learned,42,27,600,10,1,10,test,1,0.434754,0.5,0,3530,3127,0.885836,3389,2699,0.7964,21.5488,23.8,6.76,0.794624,19721,4431,15290,0.224684,183.48,7.41014,5,83.3333,42.36
LSTM-P,learned,42,27,600,10,1,10,test,1,0.448557,0.5,0,3530,3061,0.867139,3389,2581,0.761582,20.5811,22.8,5.5,0.762369,18108,4415,13693,0.243815,164.316,6.7766,4,83.3333,42.36
LSTM-P,learned,42,27,600,10,1,10,test,1,0.461883,0.5,0,3530,2985,0.845609,3389,2427,0.71614,19.4918,21.9,4.4,0.72613,16317,4328,11989,0.265245,143.868,6.23113,4,83.3333,42.36
LSTM-P,learned,42,27,600,10,1,10,test,1,0.47488,0.5,0,3530,2903,0.82238,3389,2267,0.668929,18.3462,20.9,3.32,0.688295,14559,4195,10364,0.288138,124.368,5.67397,4,83.3333,42.36
LSTM-P,learned,42,27,600,10,1,10,test,1,0.488439,0.5,0,3530,2792,0.790935,3389,2049,0.604603,17.0178,19.7,2.4,0.644918,12660,4012,8648,0.316904,103.776,5.18016,3,83.3333,42.36
LSTM-P,learned,42,27,600,10,1,10,test,1,0.488789,0.5,0,3530,2785,0.788952,3389,2039,0.601652,16.971,19.6,2.4,0.643505,12599,3996,8603,0.317168,103.236,5.1675,3,83.3333,42.36
LSTM-P,learned,42,27,600,10,1,10,test,1,0.503504,0.5,0,3530,2668,0.755807,3389,1783,0.526114,15.4087,15.9,1.8,0.591905,10633,3716,6917,0.349478,83.004,4.64985,3,83.3333,42.36
LSTM-P,learned,42,27,600,10,1,10,test,1,0.520876,0.5,0,3530,2495,0.706799,3389,1453,0.42874,13.6278,11.9,1.2,0.53352,8559,3386,5173,0.395607,62.076,4.23333,3,83.3333,42.36
LSTM-P,learned,42,27,600,10,1,10,test,1,0.542633,0.5,0,3530,2320,0.657224,3389,1170,0.345235,12.0744,10.1,0.8,0.484613,6662,3101,3561,0.465476,42.732,3.9194,2,83.3333,42.36
LSTM-P,learned,42,27,600,10,1,10,test,1,0.572429,0.5,0,3530,2093,0.592918,3389,907,0.267631,10.6255,7.9,0.5,0.439927,5196,2899,2297,0.557929,27.564,3.45842,2,83.3333,42.36
LSTM-P,learned,42,27,600,10,1,10,test,1,0.60617,0.5,0,3530,1825,0.516997,3389,722,0.213042,9.62833,6.9,0.3,0.413202,4062,2708,1354,0.666667,16.248,3.11152,2,83.3333,42.36
LSTM-P,learned,42,27,600,10,1,10,test,1,0.639638,0.5,0,3530,1505,0.426346,3389,518,0.152847,8.42678,5.4,0.14,0.379884,2966,2232,734,0.752529,8.808,2.83379,2,83.3333,42.36
LSTM-P,learned,42,27,600,10,1,10,test,1,0.67513,0.5,0,3530,1112,0.315014,3389,320,0.0944231,7.30063,4.45,0.1,0.354578,1942,1626,316,0.837281,3.792,2.73101,2,83.3333,42.36
LSTM-P,learned,42,27,600,10,1,10,test,1,0.717286,0.5,0,3530,637,0.180453,3389,125,0.036884,5.68477,3,0,0.327351,1032,913,119,0.88469,1.428,2.31933,2,83.3333,42.36
LSTM-P,learned,42,27,600,10,1,10,test,1,0.777619,0.5,0,3530,183,0.0518414,3389,21,0.00619652,3.75246,1.5,0,0.299039,256,244,12,0.953125,0.144,1.83333,1.5,83.3333,42.36
LSTM-P,learned,42,27,600,10,1,10,val,1,0.160424,0.5,0,2966,2962,0.998651,2785,2777,0.997127,26.6007,29.4,16.8,0.984494,51021,3031,47990,0.0594069,575.88,13.6462,8,83.3333,35.592
LSTM-P,learned,42,27,600,10,1,10,val,1,0.264302,0.5,0,2966,2924,0.98584,2785,2714,0.974506,25.7361,29.2,13.3,0.955309,32241,3203,29038,0.0993456,348.456,12.1343,7,83.3333,35.592
LSTM-P,learned,42,27,600,10,1,10,val,1,0.323032,0.5,0,2966,2886,0.973028,2785,2628,0.943627,24.8095,29,10.9,0.923611,25913,3349,22564,0.12924,270.768,11.066,7,83.3333,35.592
LSTM-P,learned,42,27,600,10,1,10,val,1,0.358257,0.5,0,2966,2842,0.958193,2785,2545,0.913824,23.9426,27.6,9.51,0.894321,22895,3501,19394,0.152915,232.728,10.1022,6,83.3333,35.592
LSTM-P,learned,42,27,600,10,1,10,val,1,0.383194,0.5,0,2966,2805,0.945718,2785,2466,0.885458,23.0988,26.4,8.6,0.866099,20763,3607,17156,0.173722,205.872,9.28392,6,83.3333,35.592
LSTM-P,learned,42,27,600,10,1,10,val,1,0.403174,0.5,0,2966,2751,0.927512,2785,2368,0.850269,22.2424,25.3,7.2,0.837813,19021,3684,15337,0.193681,184.044,8.55839,5,83.3333,35.592
LSTM-P,learned,42,27,600,10,1,10,val,1,0.419986,0.5,0,2966,2695,0.908631,2785,2272,0.815799,21.3754,24.2,6.2,0.809545,17337,3697,13640,0.213243,163.68,7.97977,5,83.3333,35.592
LSTM-P,learned,42,27,600,10,1,10,val,1,0.434754,0.5,0,2966,2633,0.887728,2785,2164,0.77702,20.4231,23.2,4.9,0.77847,15884,3661,12223,0.230484,146.676,7.3581,5,83.3333,35.592
LSTM-P,learned,42,27,600,10,1,10,val,1,0.448557,0.5,0,2966,2569,0.86615,2785,2068,0.742549,19.5765,22.3,4.28,0.751038,14403,3617,10786,0.251128,129.432,6.78889,4,83.3333,35.592
LSTM-P,learned,42,27,600,10,1,10,val,1,0.461883,0.5,0,2966,2499,0.842549,2785,1930,0.692998,18.4316,21.3,3.3,0.713769,13017,3530,9487,0.271184,113.844,6.21461,4,83.3333,35.592
LSTM-P,learned,42,27,600,10,1,10,val,1,0.47488,0.5,0,2966,2413,0.813554,2785,1763,0.633034,17.3078,20.1,2.7,0.677888,11544,3424,8120,0.296604,97.44,5.71453,3,83.3333,35.592
LSTM-P,learned,42,27,600,10,1,10,val,1,0.488439,0.5,0,2966,2312,0.779501,2785,1580,0.567325,16.0899,18.2,2.2,0.639009,9920,3205,6715,0.323085,80.58,5.29322,3,83.3333,35.592
LSTM-P,learned,42,27,600,10,1,10,val,1,0.488789,0.5,0,2966,2311,0.779164,2785,1580,0.567325,16.0781,18.2,2.2,0.638652,9889,3209,6680,0.324502,80.16,5.28578,3,83.3333,35.592
LSTM-P,learned,42,27,600,10,1,10,val,1,0.503504,0.5,0,2966,2202,0.742414,2785,1385,0.497307,14.5658,13.9,1.7,0.590321,8442,2992,5450,0.354418,65.4,4.78661,3,83.3333,35.592
LSTM-P,learned,42,27,600,10,1,10,val,1,0.520876,0.5,0,2966,2079,0.700944,2785,1144,0.410772,13.0859,11.3,1.2,0.544319,6864,2768,4096,0.403263,49.152,4.38062,3,83.3333,35.592
LSTM-P,learned,42,27,600,10,1,10,val,1,0.542633,0.5,0,2966,1943,0.655091,2785,943,0.3386,11.6196,9.4,0.8,0.498855,5485,2570,2915,0.468551,34.98,4.02916,2,83.3333,35.592
LSTM-P,learned,42,27,600,10,1,10,val,1,0.572429,0.5,0,2966,1758,0.592717,2785,739,0.26535,10.379,7.3,0.5,0.46273,4307,2394,1913,0.555839,22.956,3.61892,2,83.3333,35.592
LSTM-P,learned,42,27,600,10,1,10,val,1,0.60617,0.5,0,2966,1552,0.523264,2785,598,0.214722,9.31939,6.2,0.3,0.434132,3432,2261,1171,0.6588,14.052,3.21435,2,83.3333,35.592
LSTM-P,learned,42,27,600,10,1,10,val,1,0.639638,0.5,0,2966,1310,0.441672,2785,452,0.162298,8.34863,5.4,0.2,0.408698,2564,1930,634,0.75273,7.608,2.98896,2,83.3333,35.592
LSTM-P,learned,42,27,600,10,1,10,val,1,0.67513,0.5,0,2966,1005,0.33884,2785,279,0.10018,7.2004,4.6,0.1,0.384945,1775,1479,296,0.833239,3.552,2.67905,2,83.3333,35.592
LSTM-P,learned,42,27,600,10,1,10,val,1,0.717286,0.5,0,2966,622,0.20971,2785,123,0.0441652,5.72219,3.3,0.1,0.355386,979,881,98,0.899898,1.176,2.5102,2,83.3333,35.592
LSTM-P,learned,42,27,600,10,1,10,val,1,0.777619,0.5,0,2966,204,0.0687795,2785,21,0.00754039,3.97598,2.25,0,0.342917,308,289,19,0.938312,0.228,2.57895,1,83.3333,35.592
LSTM-P,learned,42,27,600,10,1,10,test,1,0.160424,0.5,0.15,3530,3523,0.998017,3389,3378,0.996754,27.3805,29.4,21.12,0.988911,40454,3499,36955,0.0864933,443.46,32.8838,33,83.3333,42.36
LSTM-P,learned,42,27,600,10,1,10,test,1,0.264302,0.5,0.15,3530,3492,0.989235,3389,3328,0.982001,26.65,29.3,18.2,0.964067,27733,3483,24250,0.12559,291,23.2708,22,83.3333,42.36
LSTM-P,learned,42,27,600,10,1,10,test,1,0.323032,0.5,0.15,3530,3442,0.975071,3389,3233,0.953969,25.8146,29.1,15.71,0.936005,22738,3458,19280,0.15208,231.36,20.6251,20,83.3333,42.36
LSTM-P,learned,42,27,600,10,1,10,test,1,0.358257,0.5,0.15,3530,3393,0.96119,3389,3143,0.927412,24.9487,28.5,12.92,0.906897,19984,3433,16551,0.171787,198.612,19.2361,18,83.3333,42.36
LSTM-P,learned,42,27,600,10,1,10,test,1,0.383194,0.5,0.15,3530,3336,0.945042,3389,3038,0.89643,24.1496,27.4,11,0.880267,17972,3390,14582,0.188627,174.984,18.3264,18,83.3333,42.36
LSTM-P,learned,42,27,600,10,1,10,test,1,0.403174,0.5,0.15,3530,3271,0.926629,3389,2940,0.867513,23.3772,26.3,9.8,0.854858,16355,3330,13025,0.203607,156.3,17.5766,17,83.3333,42.36
LSTM-P,learned,42,27,600,10,1,10,test,1,0.419986,0.5,0.15,3530,3201,0.906799,3389,2822,0.832694,22.6036,25.3,8.5,0.829547,14979,3277,11702,0.218773,140.424,16.8566,16,83.3333,42.36
LSTM-P,learned,42,27,600,10,1,10,test,1,0.434754,0.5,0.15,3530,3145,0.890935,3389,2720,0.802597,21.7558,24,6.94,0.801253,13740,3228,10512,0.234934,126.144,16.1596,15,83.3333,42.36
LSTM-P,learned,42,27,600,10,1,10,test,1,0.448557,0.5,0.15,3530,3077,0.871671,3389,2599,0.766893,20.7762,23,5.5,0.768638,12511,3163,9348,0.252818,112.176,15.4985,14,83.3333,42.36
LSTM-P,learned,42,27,600,10,1,10,test,1,0.461883,0.5,0.15,3530,3001,0.850142,3389,2448,0.722337,19.6941,22.1,4.5,0.732631,11265,3086,8179,0.273946,98.148,14.8541,13,83.3333,42.36
LSTM-P,learned,42,27,600,10,1,10,test,1,0.47488,0.5,0.15,3530,2919,0.826912,3389,2287,0.67483,18.5368,21.1,3.4,0.69439,10119,3008,7111,0.297263,85.332,14.1153,13,83.3333,42.36
LSTM-P,learned,42,27,600,10,1,10,test,1,0.488439,0.5,0.15,3530,2805,0.794618,3389,2064,0.609029,17.1757,19.8,2.4,0.649929,8856,2888,5968,0.326107,71.616,13.3815,12,83.3333,42.36
LSTM-P,learned,42,27,600,10,1,10,test,1,0.488789,0.5,0.15,3530,2797,0.792351,3389,2053,0.605783,17.1238,19.7,2.4,0.648372,8822,2880,5942,0.326457,71.304,13.357,12,83.3333,42.36
LSTM-P,learned,42,27,600,10,1,10,test,1,0.503504,0.5,0.15,3530,2683,0.760057,3389,1800,0.53113,15.5889,16.2,1.9,0.597598,7564,2750,4814,0.363564,57.768,12.4811,11,83.3333,42.36
LSTM-P,learned,42,27,600,10,1,10,test,1,0.520876,0.5,0.15,3530,2510,0.711048,3389,1474,0.434937,13.8417,12.15,1.2,0.540302,6215,2565,3650,0.412711,43.8,11.5674,9,83.3333,42.36
LSTM-P,learned,42,27,600,10,1,10,test,1,0.542633,0.5,0.15,3530,2331,0.66034,3389,1185,0.349661,12.2225,10.2,0.8,0.489238,4985,2371,2614,0.475627,31.368,10.5226,8,83.3333,42.36
LSTM-P,learned,42,27,600,10,1,10,test,1,0.572429,0.5,0.15,3530,2100,0.594901,3389,915,0.269991,10.719,8,0.5,0.442808,3789,2140,1649,0.564793,19.788,9.81868,7,83.3333,42.36
LSTM-P,learned,42,27,600,10,1,10,test,1,0.60617,0.5,0.15,3530,1830,0.518414,3389,727,0.214518,9.69585,7,0.3,0.415232,2866,1872,994,0.653175,11.928,8.7666,7,83.3333,42.36
LSTM-P,learned,42,27,600,10,1,10,test,1,0.639638,0.5,0.15,3530,1510,0.427762,3389,523,0.154323,8.49921,5.4,0.19,0.382005,2072,1533,539,0.739865,6.468,8.25603,6,83.3333,42.36
LSTM-P,learned,42,27,600,10,1,10,test,1,0.67513,0.5,0.15,3530,1113,0.315297,3389,321,0.0947182,7.32102,4.5,0.1,0.355158,1369,1127,242,0.823229,2.904,7.83058,6,83.3333,42.36
LSTM-P,learned,42,27,600,10,1,10,test,1,0.717286,0.5,0.15,3530,637,0.180453,3389,125,0.036884,5.68477,3,0,0.327351,735,644,91,0.87619,1.092,7.13187,6,83.3333,42.36
LSTM-P,learned,42,27,600,10,1,10,test,1,0.777619,0.5,0.15,3530,183,0.0518414,3389,21,0.00619652,3.75246,1.5,0,0.299039,197,185,12,0.939086,0.144,4.91667,4.5,83.3333,42.36
LSTM-P,learned,42,27,600,10,1,10,val,1,0.160424,0.5,0.15,2966,2962,0.998651,2785,2777,0.997127,26.6602,29.4,16.81,0.986513,35390,2947,32443,0.0832721,389.316,32.9012,33,83.3333,35.592
LSTM-P,learned,42,27,600,10,1,10,val,1,0.264302,0.5,0.15,2966,2930,0.987862,2785,2721,0.97702,25.8184,29.3,13.39,0.957904,23903,2929,20974,0.122537,251.688,22.7807,22,83.3333,35.592
LSTM-P,learned,42,27,600,10,1,10,val,1,0.323032,0.5,0.15,2966,2889,0.974039,2785,2631,0.944704,24.9047,29.1,10.9,0.926755,19379,2903,16476,0.149801,197.712,20.0215,19,83.3333,35.592
LSTM-P,learned,42,27,600,10,1,10,val,1,0.358257,0.5,0.15,2966,2850,0.96089,2785,2553,0.916697,24.0362,27.9,9.59,0.897235,16932,2883,14049,0.170269,168.588,18.6447,18,83.3333,35.592
LSTM-P,learned,42,27,600,10,1,10,val,1,0.383194,0.5,0.15,2966,2809,0.947067,2785,2470,0.886894,23.1772,26.5,8.6,0.868614,15168,2854,12314,0.188159,147.768,17.73,17,83.3333,35.592
LSTM-P,learned,42,27,600,10,1,10,val,1,0.403174,0.5,0.15,2966,2758,0.929872,2785,2375,0.852783,22.3501,25.4,7.27,0.841235,13687,2811,10876,0.205377,130.512,17.0001,16,83.3333,35.592
LSTM-P,learned,42,27,600,10,1,10,val,1,0.419986,0.5,0.15,2966,2705,0.912003,2785,2283,0.819749,21.5206,24.3,6.2,0.814133,12412,2763,9649,0.222607,115.788,16.3696,15,83.3333,35.592
LSTM-P,learned,42,27,600,10,1,10,val,1,0.434754,0.5,0.15,2966,2647,0.892448,2785,2182,0.783483,20.6143,23.4,5.06,0.784488,11252,2701,8551,0.240046,102.612,15.7898,14,83.3333,35.592
LSTM-P,learned,42,27,600,10,1,10,val,1,0.448557,0.5,0.15,2966,2582,0.870533,2785,2085,0.748654,19.7704,22.4,4.4,0.757182,10136,2642,7494,0.260655,89.928,15.261,14,83.3333,35.592
LSTM-P,learned,42,27,600,10,1,10,val,1,0.461883,0.5,0.15,2966,2511,0.846595,2785,1945,0.698384,18.6029,21.4,3.4,0.719152,9131,2564,6567,0.280802,78.804,14.6086,13,83.3333,35.592
LSTM-P,learned,42,27,600,10,1,10,val,1,0.47488,0.5,0.15,2966,2427,0.818274,2785,1779,0.638779,17.4835,20.3,2.7,0.683334,8116,2476,5640,0.305076,67.68,13.9234,12,83.3333,35.592
LSTM-P,learned,42,27,600,10,1,10,val,1,0.488439,0.5,0.15,2966,2322,0.782873,2785,1593,0.571993,16.2456,18.55,2.2,0.643892,7064,2367,4697,0.335079,56.364,13.1639,11,83.3333,35.592
LSTM-P,learned,42,27,600,10,1,10,val,1,0.488789,0.5,0.15,2966,2321,0.782535,2785,1593,0.571993,16.234,18.5,2.2,0.643539,7048,2367,4681,0.33584,56.172,13.1448,11,83.3333,35.592
LSTM-P,learned,42,27,600,10,1,10,val,1,0.503504,0.5,0.15,2966,2213,0.746123,2785,1400,0.502693,14.7276,14.1,1.7,0.595331,6058,2254,3804,0.37207,45.648,12.4435,10,83.3333,35.592
LSTM-P,learned,42,27,600,10,1,10,val,1,0.520876,0.5,0.15,2966,2087,0.703641,2785,1157,0.41544,13.2617,11.4,1.26,0.549889,5026,2121,2905,0.422006,34.86,11.5294,9,83.3333,35.592
LSTM-P,learned,42,27,600,10,1,10,val,1,0.542633,0.5,0.15,2966,1952,0.658125,2785,956,0.343268,11.7838,9.5,0.8,0.503945,4078,1989,2089,0.487739,25.068,10.6065,8,83.3333,35.592
LSTM-P,learned,42,27,600,10,1,10,val,1,0.572429,0.5,0.15,2966,1764,0.59474,2785,746,0.267864,10.493,7.4,0.5,0.466231,3174,1796,1378,0.565848,16.536,9.7402,7,83.3333,35.592
LSTM-P,learned,42,27,600,10,1,10,val,1,0.60617,0.5,0.15,2966,1557,0.524949,2785,604,0.216876,9.40411,6.2,0.3,0.436648,2429,1585,844,0.652532,10.128,9.02133,7,83.3333,35.592
LSTM-P,learned,42,27,600,10,1,10,val,1,0.639638,0.5,0.15,2966,1314,0.443021,2785,456,0.163734,8.41225,5.4,0.2,0.410498,1807,1335,472,0.738794,5.664,8.48305,7,83.3333,35.592
LSTM-P,learned,42,27,600,10,1,10,val,1,0.67513,0.5,0.15,2966,1005,0.33884,2785,279,0.10018,7.20139,4.6,0.1,0.38498,1251,1016,235,0.81215,2.82,7.10213,5,83.3333,35.592
LSTM-P,learned,42,27,600,10,1,10,val,1,0.717286,0.5,0.15,2966,623,0.210047,2785,124,0.0445242,5.75987,3.3,0.1,0.35642,703,625,78,0.889047,0.936,6.94872,5,83.3333,35.592
LSTM-P,learned,42,27,600,10,1,10,val,1,0.777619,0.5,0.15,2966,204,0.0687795,2785,21,0.00754039,3.97598,2.25,0,0.342917,218,204,14,0.93578,0.168,7.07143,5,83.3333,35.592
LSTM-P,learned,42,27,600,10,1,10,test,1,0.160424,0.25,0,3530,3512,0.994901,3389,3366,0.993213,27.2249,29.4,20.5,0.983808,44600,3539,41061,0.0793498,492.732,18.3186,15,83.3333,42.36
LSTM-P,learned,42,27,600,10,1,10,test,1,0.264302,0.25,0,3530,3459,0.979887,3389,3277,0.966952,26.0401,29.1,16.9,0.943918,28584,3593,24991,0.1257,299.892,16.0357,14,83.3333,42.36
LSTM-P,learned,42,27,600,10,1,10,test,1,0.323032,0.25,0,3530,3365,0.953258,3389,3130,0.923576,24.6382,27.5,13.4,0.897182,22972,3619,19353,0.15754,232.236,14.398,12,83.3333,42.36
LSTM-P,learned,42,27,600,10,1,10,test,1,0.358257,0.25,0,3530,3281,0.929462,3389,2983,0.880201,23.4511,26,10.7,0.857783,19948,3660,16288,0.183477,195.456,13.2115,10,83.3333,42.36
LSTM-P,learned,42,27,600,10,1,10,test,1,0.383194,0.25,0,3530,3192,0.904249,3389,2846,0.839776,22.3836,24.7,9.21,0.822585,18000,3666,14334,0.203667,172.008,12.0799,9,83.3333,42.36
LSTM-P,learned,42,27,600,10,1,10,test,1,0.403174,0.25,0,3530,3109,0.880737,3389,2705,0.798171,21.3549,23.6,7.5,0.788824,16355,3680,12675,0.225008,152.1,11.0971,8,83.3333,42.36
LSTM-P,learned,42,27,600,10,1,10,test,1,0.419986,0.25,0,3530,3032,0.858924,3389,2568,0.757746,20.3165,22.5,5.8,0.754748,14807,3668,11139,0.247721,133.668,10.2718,7,83.3333,42.36
LSTM-P,learned,42,27,600,10,1,10,test,1,0.434754,0.25,0,3530,2940,0.832861,3389,2404,0.709354,19.1696,21.5,4.4,0.716951,13392,3601,9791,0.268892,117.492,9.47043,6,83.3333,42.36
LSTM-P,learned,42,27,600,10,1,10,test,1,0.448557,0.25,0,3530,2853,0.808215,3389,2231,0.658306,17.9597,20.4,3.4,0.676912,11845,3473,8372,0.293204,100.464,8.84448,6,83.3333,42.36
LSTM-P,learned,42,27,600,10,1,10,test,1,0.461883,0.25,0,3530,2757,0.78102,3389,2037,0.601062,16.7303,19.3,2.5,0.636557,10438,3355,7083,0.321422,84.996,8.2194,5,83.3333,42.36
LSTM-P,learned,42,27,600,10,1,10,test,1,0.47488,0.25,0,3530,2639,0.747592,3389,1820,0.537032,15.5181,17.2,2,0.597364,8958,3174,5784,0.35432,69.408,7.75847,5,83.3333,42.36
LSTM-P,learned,42,27,600,10,1,10,test,1,0.488439,0.25,0,3530,2517,0.713031,3389,1590,0.469165,14.2154,13.9,1.36,0.555322,7690,2996,4694,0.389597,56.328,7.11206,5,83.3333,42.36
LSTM-P,learned,42,27,600,10,1,10,test,1,0.488789,0.25,0,3530,2514,0.712181,3389,1584,0.467395,14.181,13.8,1.3,0.554139,7653,2991,4662,0.390827,55.944,7.10725,5,83.3333,42.36
LSTM-P,learned,42,27,600,10,1,10,test,1,0.503504,0.25,0,3530,2364,0.669688,3389,1338,0.394807,12.8703,11.5,1,0.512693,6265,2745,3520,0.438148,42.24,6.67301,4,83.3333,42.36
LSTM-P,learned,42,27,600,10,1,10,test,1,0.520876,0.25,0,3530,2178,0.616997,3389,1099,0.324284,11.7155,10.1,0.6,0.477035,5023,2495,2528,0.496715,30.336,6.21915,4,83.3333,42.36
LSTM-P,learned,42,27,600,10,1,10,test,1,0.542633,0.25,0,3530,1943,0.550425,3389,868,0.256123,10.5785,8.5,0.3,0.445637,3924,2217,1707,0.564985,20.484,5.70123,4,83.3333,42.36
LSTM-P,learned,42,27,600,10,1,10,test,1,0.572429,0.25,0,3530,1639,0.464306,3389,676,0.199469,9.80952,7.5,0.3,0.430886,2953,1919,1034,0.649848,12.408,5.11412,3,83.3333,42.36
LSTM-P,learned,42,27,600,10,1,10,test,1,0.60617,0.25,0,3530,1303,0.369122,3389,506,0.149307,9.02164,6.7,0.2,0.421898,2097,1572,525,0.749642,6.3,4.80381,3,83.3333,42.36
LSTM-P,learned,42,27,600,10,1,10,test,1,0.639638,0.25,0,3530,958,0.271388,3389,334,0.0985541,8.17317,5.5,0.2,0.412708,1452,1194,258,0.822314,3.096,4.53876,3,83.3333,42.36
LSTM-P,learned,42,27,600,10,1,10,test,1,0.67513,0.25,0,3530,625,0.177054,3389,176,0.0519327,7.1248,5.1,0.3,0.412748,896,780,116,0.870536,1.392,4.13793,3,83.3333,42.36
LSTM-P,learned,42,27,600,10,1,10,test,1,0.717286,0.25,0,3530,317,0.0898017,3389,59,0.0174093,5.72429,3.3,0,0.429531,439,397,42,0.904328,0.504,3.04762,2,83.3333,42.36
LSTM-P,learned,42,27,600,10,1,10,test,1,0.777619,0.25,0,3530,77,0.021813,3389,11,0.0032458,4.34026,2,0,0.48874,100,97,3,0.97,0.036,2.33333,3,83.3333,42.36
LSTM-P,learned,42,27,600,10,1,10,val,1,0.160424,0.25,0,2966,2957,0.996966,2785,2771,0.994973,26.4909,29.4,16.4,0.980917,39098,2985,36113,0.0763466,433.356,17.804,14,83.3333,35.592
LSTM-P,learned,42,27,600,10,1,10,val,1,0.264302,0.25,0,2966,2892,0.975051,2785,2664,0.956553,25.1961,28.9,12.1,0.937651,24626,3015,21611,0.122432,259.332,15.4329,13,83.3333,35.592
LSTM-P,learned,42,27,600,10,1,10,val,1,0.323032,0.25,0,2966,2828,0.953473,2785,2538,0.911311,23.7484,26.9,9.6,0.888782,19471,3056,16415,0.156951,196.98,13.9181,11,83.3333,35.592
LSTM-P,learned,42,27,600,10,1,10,val,1,0.358257,0.25,0,2966,2756,0.929198,2785,2409,0.864991,22.5327,25.3,7.9,0.848456,16784,3067,13717,0.182734,164.604,12.721,10,83.3333,35.592
LSTM-P,learned,42,27,600,10,1,10,val,1,0.383194,0.25,0,2966,2675,0.901888,2785,2286,0.820826,21.4227,24,6.9,0.812399,14984,3066,11918,0.204618,143.016,11.6448,9,83.3333,35.592
LSTM-P,learned,42,27,600,10,1,10,val,1,0.403174,0.25,0,2966,2602,0.877276,2785,2167,0.778097,20.3427,22.9,5.51,0.777089,13433,3065,10368,0.228169,124.416,10.7511,7,83.3333,35.592
LSTM-P,learned,42,27,600,10,1,10,val,1,0.419986,0.25,0,2966,2523,0.850641,2785,2032,0.729623,19.3205,21.9,4.4,0.744314,11917,3040,8877,0.255098,106.524,10.1799,7,83.3333,35.592
LSTM-P,learned,42,27,600,10,1,10,val,1,0.434754,0.25,0,2966,2451,0.826365,2785,1905,0.684022,18.1683,20.9,3.4,0.707072,10599,2942,7657,0.277573,91.884,9.54943,6,83.3333,35.592
LSTM-P,learned,42,27,600,10,1,10,val,1,0.448557,0.25,0,2966,2381,0.802765,2785,1747,0.627289,16.9742,19.8,2.6,0.668225,9395,2863,6532,0.304737,78.384,8.95545,6,83.3333,35.592
LSTM-P,learned,42,27,600,10,1,10,val,1,0.461883,0.25,0,2966,2271,0.765678,2785,1563,0.561221,15.8095,18.1,2,0.632137,8162,2717,5445,0.332884,65.34,8.4977,6,83.3333,35.592
LSTM-P,learned,42,27,600,10,1,10,val,1,0.47488,0.25,0,2966,2178,0.734322,2785,1396,0.501257,14.6044,15.1,1.47,0.593758,7064,2572,4492,0.3641,53.904,7.98776,5,83.3333,35.592
LSTM-P,learned,42,27,600,10,1,10,val,1,0.488439,0.25,0,2966,2059,0.694201,2785,1222,0.438779,13.5247,12.6,1.2,0.561019,6064,2406,3658,0.396768,43.896,7.40787,5,83.3333,35.592
LSTM-P,learned,42,27,600,10,1,10,val,1,0.488789,0.25,0,2966,2058,0.693864,2785,1219,0.437702,13.4861,12.6,1.2,0.559763,6035,2398,3637,0.397349,43.644,7.39731,5,83.3333,35.592
LSTM-P,learned,42,27,600,10,1,10,val,1,0.503504,0.25,0,2966,1951,0.657788,2785,1063,0.381688,12.4169,11,0.9,0.527343,5112,2246,2866,0.439358,34.392,6.79902,4,83.3333,35.592
LSTM-P,learned,42,27,600,10,1,10,val,1,0.520876,0.25,0,2966,1824,0.61497,2785,885,0.317774,11.2311,9.4,0.6,0.491969,4093,2062,2031,0.503787,24.372,6.51699,4,83.3333,35.592
LSTM-P,learned,42,27,600,10,1,10,val,1,0.542633,0.25,0,2966,1654,0.557653,2785,731,0.262478,10.3556,7.8,0.3,0.470715,3308,1884,1424,0.569528,17.088,6.08638,4,83.3333,35.592
LSTM-P,learned,42,27,600,10,1,10,val,1,0.572429,0.25,0,2966,1410,0.475388,2785,587,0.210772,9.59298,6.95,0.2,0.459205,2507,1599,908,0.637814,10.896,5.37004,4,83.3333,35.592
LSTM-P,learned,42,27,600,10,1,10,val,1,0.60617,0.25,0,2966,1142,0.38503,2785,438,0.157271,9.04851,6.8,0.1,0.46077,1891,1380,511,0.729773,6.132,4.73386,3,83.3333,35.592
LSTM-P,learned,42,27,600,10,1,10,val,1,0.639638,0.25,0,2966,853,0.287593,2785,308,0.110592,8.52509,6.6,0.3,0.469277,1349,1084,265,0.803558,3.18,4.23396,3,83.3333,35.592
LSTM-P,learned,42,27,600,10,1,10,val,1,0.67513,0.25,0,2966,608,0.20499,2785,166,0.059605,7.05263,5,0.2,0.450498,858,748,110,0.871795,1.32,4,2,83.3333,35.592
LSTM-P,learned,42,27,600,10,1,10,val,1,0.717286,0.25,0,2966,335,0.112947,2785,64,0.0229803,5.8397,3.7,0,0.456107,458,422,36,0.921397,0.432,3.83333,2,83.3333,35.592
LSTM-P,learned,42,27,600,10,1,10,val,1,0.777619,0.25,0,2966,105,0.0354012,2785,10,0.00359066,3.64571,1.5,0,0.457663,136,125,11,0.919118,0.132,3,2,83.3333,35.592
LSTM-P,learned,42,27,600,10,1,10,test,1,0.160424,0.25,0.15,3530,3518,0.996601,3389,3372,0.994984,27.278,29.4,20.8,0.985518,36994,3494,33500,0.0944477,402,33.2955,33,83.3333,42.36
LSTM-P,learned,42,27,600,10,1,10,test,1,0.264302,0.25,0.15,3530,3465,0.981586,3389,3285,0.969312,26.1061,29.1,17.14,0.946051,24372,3442,20930,0.141228,251.16,25.2522,25,83.3333,42.36
LSTM-P,learned,42,27,600,10,1,10,test,1,0.323032,0.25,0.15,3530,3373,0.955524,3389,3138,0.925937,24.7275,27.6,13.5,0.900047,19453,3361,16092,0.172775,193.104,22.4542,22,83.3333,42.36
LSTM-P,learned,42,27,600,10,1,10,test,1,0.358257,0.25,0.15,3530,3296,0.933711,3389,3000,0.885217,23.5693,26.2,10.95,0.861482,16739,3290,13449,0.196547,161.388,20.8838,20,83.3333,42.36
LSTM-P,learned,42,27,600,10,1,10,test,1,0.383194,0.25,0.15,3530,3210,0.909348,3389,2865,0.845382,22.5062,24.85,9.3,0.826362,14839,3212,11627,0.216457,139.524,19.7899,19,83.3333,42.36
LSTM-P,learned,42,27,600,10,1,10,test,1,0.403174,0.25,0.15,3530,3130,0.886686,3389,2727,0.804662,21.5209,23.7,7.5,0.793983,13309,3139,10170,0.235855,122.04,18.8164,18,83.3333,42.36
LSTM-P,learned,42,27,600,10,1,10,test,1,0.419986,0.25,0.15,3530,3052,0.864589,3389,2589,0.763942,20.4579,22.6,5.91,0.759078,11933,3065,8868,0.256851,106.416,17.9594,17,83.3333,42.36
LSTM-P,learned,42,27,600,10,1,10,test,1,0.434754,0.25,0.15,3530,2957,0.837677,3389,2424,0.715255,19.3376,21.6,4.5,0.722239,10698,2966,7732,0.277248,92.784,17.2012,16,83.3333,42.36
LSTM-P,learned,42,27,600,10,1,10,test,1,0.448557,0.25,0.15,3530,2870,0.813031,3389,2251,0.664208,18.1333,20.5,3.5,0.682378,9551,2880,6671,0.301539,80.052,16.3802,15,83.3333,42.36
LSTM-P,learned,42,27,600,10,1,10,test,1,0.461883,0.25,0.15,3530,2775,0.786119,3389,2057,0.606964,16.911,19.4,2.5,0.64221,8427,2781,5646,0.330011,67.752,15.5854,14,83.3333,42.36
LSTM-P,learned,42,27,600,10,1,10,test,1,0.47488,0.25,0.15,3530,2653,0.751558,3389,1836,0.541753,15.6624,17.4,2,0.601857,7336,2659,4677,0.362459,56.124,14.8061,13,83.3333,42.36
LSTM-P,learned,42,27,600,10,1,10,test,1,0.488439,0.25,0.15,3530,2527,0.715864,3389,1601,0.472411,14.3405,14.1,1.4,0.559231,6333,2535,3798,0.400284,45.576,14.0674,12,83.3333,42.36
LSTM-P,learned,42,27,600,10,1,10,test,1,0.488789,0.25,0.15,3530,2524,0.715014,3389,1595,0.47064,14.3068,14,1.33,0.558071,6303,2532,3771,0.401713,45.252,14.0626,12,83.3333,42.36
LSTM-P,learned,42,27,600,10,1,10,test,1,0.503504,0.25,0.15,3530,2378,0.673654,3389,1353,0.399233,13.0238,11.6,1,0.517402,5243,2385,2858,0.454892,34.296,13.5644,12,83.3333,42.36
LSTM-P,learned,42,27,600,10,1,10,test,1,0.520876,0.25,0.15,3530,2190,0.620397,3389,1113,0.328415,11.8637,10.2,0.6,0.481558,4281,2198,2083,0.513431,24.996,12.8761,11,83.3333,42.36
LSTM-P,learned,42,27,600,10,1,10,test,1,0.542633,0.25,0.15,3530,1954,0.553541,3389,880,0.259664,10.7079,8.5,0.3,0.449492,3337,1956,1381,0.586155,16.572,12.3266,10,83.3333,42.36
LSTM-P,learned,42,27,600,10,1,10,test,1,0.572429,0.25,0.15,3530,1648,0.466856,3389,685,0.202125,9.93732,7.6,0.3,0.434654,2485,1646,839,0.662374,10.068,11.2992,9,83.3333,42.36
LSTM-P,learned,42,27,600,10,1,10,test,1,0.60617,0.25,0.15,3530,1309,0.370822,3389,512,0.151077,9.1165,6.8,0.2,0.424548,1737,1307,430,0.752447,5.16,10.9279,9,83.3333,42.36
LSTM-P,learned,42,27,600,10,1,10,test,1,0.639638,0.25,0.15,3530,964,0.273088,3389,340,0.100325,8.30705,5.6,0.2,0.416363,1182,966,216,0.817259,2.592,10.4954,8,83.3333,42.36
LSTM-P,learned,42,27,600,10,1,10,test,1,0.67513,0.25,0.15,3530,626,0.177337,3389,177,0.0522278,7.16038,5.15,0.3,0.413686,728,626,102,0.85989,1.224,9.71569,8,83.3333,42.36
LSTM-P,learned,42,27,600,10,1,10,test,1,0.717286,0.25,0.15,3530,317,0.0898017,3389,59,0.0174093,5.72429,3.3,0,0.429531,355,318,37,0.895775,0.444,8.91892,8,83.3333,42.36
LSTM-P,learned,42,27,600,10,1,10,test,1,0.777619,0.25,0.15,3530,77,0.021813,3389,11,0.0032458,4.34026,2,0,0.48874,81,78,3,0.962963,0.036,8.66667,10,83.3333,42.36
LSTM-P,learned,42,27,600,10,1,10,val,1,0.160424,0.25,0.15,2966,2958,0.997303,2785,2772,0.995332,26.543,29.4,16.57,0.982657,32338,2943,29395,0.0910075,352.74,33.4622,34,83.3333,35.592
LSTM-P,learned,42,27,600,10,1,10,val,1,0.264302,0.25,0.15,2966,2900,0.977748,2785,2674,0.960144,25.2917,29.1,12.47,0.940632,20966,2893,18073,0.137985,216.876,24.731,24,83.3333,35.592
LSTM-P,learned,42,27,600,10,1,10,val,1,0.323032,0.25,0.15,2966,2835,0.955833,2785,2546,0.914183,23.8529,27.1,9.74,0.89211,16538,2828,13710,0.171,164.52,21.87,21,83.3333,35.592
LSTM-P,learned,42,27,600,10,1,10,val,1,0.358257,0.25,0.15,2966,2762,0.93122,2785,2415,0.867145,22.6257,25.4,7.9,0.851398,14168,2760,11408,0.194805,136.896,20.2816,20,83.3333,35.592
LSTM-P,learned,42,27,600,10,1,10,val,1,0.383194,0.25,0.15,2966,2682,0.904248,2785,2293,0.823339,21.5354,24.2,6.9,0.815957,12446,2686,9760,0.215812,117.12,19.2136,18.5,83.3333,35.592
LSTM-P,learned,42,27,600,10,1,10,val,1,0.403174,0.25,0.15,2966,2609,0.879636,2785,2175,0.780969,20.4709,23,5.58,0.781176,10993,2613,8380,0.237697,100.56,18.4086,17,83.3333,35.592
LSTM-P,learned,42,27,600,10,1,10,val,1,0.419986,0.25,0.15,2966,2532,0.853675,2785,2041,0.732855,19.4426,22,4.4,0.748118,9746,2538,7208,0.260415,86.496,17.5984,16,83.3333,35.592
LSTM-P,learned,42,27,600,10,1,10,val,1,0.434754,0.25,0.15,2966,2460,0.8294,2785,1916,0.687971,18.3236,21.05,3.4,0.712003,8661,2467,6194,0.28484,74.328,16.963,16,83.3333,35.592
LSTM-P,learned,42,27,600,10,1,10,val,1,0.448557,0.25,0.15,2966,2387,0.804788,2785,1758,0.631239,17.1296,19.9,2.66,0.67326,7664,2392,5272,0.312109,63.264,16.2494,15,83.3333,35.592
LSTM-P,learned,42,27,600,10,1,10,val,1,0.461883,0.25,0.15,2966,2280,0.768712,2785,1578,0.566607,15.9854,18.35,2,0.637707,6733,2282,4451,0.338928,53.412,15.5383,14,83.3333,35.592
LSTM-P,learned,42,27,600,10,1,10,val,1,0.47488,0.25,0.15,2966,2189,0.738031,2785,1412,0.507002,14.7873,15.5,1.5,0.599466,5841,2189,3652,0.374765,43.824,14.9482,13,83.3333,35.592
LSTM-P,learned,42,27,600,10,1,10,val,1,0.488439,0.25,0.15,2966,2071,0.698247,2785,1237,0.444165,13.6755,12.9,1.2,0.565535,5031,2073,2958,0.412045,35.496,14.3168,13,83.3333,35.592
LSTM-P,learned,42,27,600,10,1,10,val,1,0.488789,0.25,0.15,2966,2070,0.69791,2785,1234,0.443088,13.6372,12.85,1.2,0.564289,5018,2073,2945,0.413113,35.34,14.2873,13,83.3333,35.592
LSTM-P,learned,42,27,600,10,1,10,val,1,0.503504,0.25,0.15,2966,1962,0.661497,2785,1079,0.387433,12.5972,11.2,0.9,0.532844,4275,1965,2310,0.459649,27.72,13.6589,12,83.3333,35.592
LSTM-P,learned,42,27,600,10,1,10,val,1,0.520876,0.25,0.15,2966,1833,0.618004,2785,898,0.322442,11.4031,9.6,0.6,0.497245,3505,1835,1670,0.523538,20.04,12.9754,11,83.3333,35.592
LSTM-P,learned,42,27,600,10,1,10,val,1,0.542633,0.25,0.15,2966,1659,0.559339,2785,738,0.264991,10.4674,7.9,0.3,0.474137,2824,1666,1158,0.589943,13.896,12.3592,10,83.3333,35.592
LSTM-P,learned,42,27,600,10,1,10,val,1,0.572429,0.25,0.15,2966,1414,0.476736,2785,592,0.212567,9.68126,7,0.2,0.461819,2147,1419,728,0.660922,8.736,11.728,10,83.3333,35.592
LSTM-P,learned,42,27,600,10,1,10,val,1,0.60617,0.25,0.15,2966,1147,0.386716,2785,443,0.159066,9.1374,6.9,0.1,0.463121,1567,1150,417,0.733886,5.004,11,9,83.3333,35.592
LSTM-P,learned,42,27,600,10,1,10,val,1,0.639638,0.25,0.15,2966,855,0.288267,2785,310,0.111311,8.57357,6.6,0.3,0.470519,1079,859,220,0.796108,2.64,9.32273,8,83.3333,35.592
LSTM-P,learned,42,27,600,10,1,10,val,1,0.67513,0.25,0.15,2966,610,0.205664,2785,168,0.0603232,7.12705,5.05,0.2,0.452356,705,611,94,0.866667,1.128,9.41489,7,83.3333,35.592
LSTM-P,learned,42,27,600,10,1,10,val,1,0.717286,0.25,0.15,2966,335,0.112947,2785,64,0.0229803,5.8397,3.7,0,0.456107,369,335,34,0.907859,0.408,8.38235,6,83.3333,35.592
LSTM-P,learned,42,27,600,10,1,10,val,1,0.777619,0.25,0.15,2966,105,0.0354012,2785,10,0.00359066,3.64571,1.5,0,0.457663,112,105,7,0.9375,0.084,9.71429,7,83.3333,35.592
LSTM-P,learned,123,33,600,10,1,10,test,1,0.146453,1,0,3530,3519,0.996884,3389,3374,0.995574,27.3652,29.4,21.38,0.988522,92944,3788,89156,0.0407557,1069.87,8.63106,3,83.3333,42.36
LSTM-P,learned,123,33,600,10,1,10,test,1,0.247709,1,0,3530,3496,0.990368,3389,3335,0.984066,26.7578,29.3,18.4,0.967897,56506,4248,52258,0.0751779,627.096,8.29081,3,83.3333,42.36
LSTM-P,learned,123,33,600,10,1,10,test,1,0.307452,1,0,3530,3468,0.982436,3389,3284,0.969017,26.1175,29.2,16.27,0.946279,46121,4626,41495,0.100301,497.94,7.7271,3,83.3333,42.36
LSTM-P,learned,123,33,600,10,1,10,test,1,0.347503,1,0,3530,3432,0.972238,3389,3209,0.946887,25.4705,29.1,14.11,0.924502,41071,4964,36107,0.120864,433.284,7.08815,3,83.3333,42.36
LSTM-P,learned,123,33,600,10,1,10,test,1,0.376038,1,0,3530,3382,0.958074,3389,3131,0.923871,24.8388,28.5,12.61,0.903441,37629,5227,32402,0.138909,388.824,6.53725,3,83.3333,42.36
LSTM-P,learned,123,33,600,10,1,10,test,1,0.398166,1,0,3530,3337,0.945326,3389,3052,0.900561,24.1943,27.4,11.26,0.882092,34909,5400,29509,0.154688,354.108,6.02718,3,83.3333,42.36
LSTM-P,learned,123,33,600,10,1,10,test,1,0.417177,1,0,3530,3293,0.932861,3389,2963,0.874299,23.492,26.4,9.92,0.858606,32423,5548,26875,0.171113,322.5,5.55725,3,83.3333,42.36
LSTM-P,learned,123,33,600,10,1,10,test,1,0.434142,1,0,3530,3230,0.915014,3389,2864,0.845087,22.7671,25.5,9,0.834801,30127,5612,24515,0.186278,294.18,5.0806,3,83.3333,42.36
LSTM-P,learned,123,33,600,10,1,10,test,1,0.449485,1,0,3530,3173,0.898867,3389,2765,0.815875,21.9375,24.4,7.7,0.80719,28081,5746,22335,0.204622,268.02,4.61478,2,83.3333,42.36
LSTM-P,learned,123,33,600,10,1,10,test,1,0.463946,1,0,3530,3109,0.880737,3389,2648,0.781351,21.0125,23.4,5.9,0.776371,25641,5731,19910,0.223509,238.92,4.22481,2,83.3333,42.36
LSTM-P,learned,123,33,600,10,1,10,test,1,0.477867,1,0,3530,3039,0.860907,3389,2499,0.737386,19.9702,22.5,5,0.741829,23354,5655,17699,0.242143,212.388,3.80016,2,83.3333,42.36
LSTM-P,learned,123,33,600,10,1,10,test,1,0.490546,1,0,3530,2971,0.841643,3389,2341,0.690764,18.8364,21.5,3.8,0.703931,21069,5506,15563,0.261332,186.756,3.46816,2,83.3333,42.36
LSTM-P,learned,123,33,600,10,1,10,test,1,0.492491,1,0,3530,2949,0.835411,3389,2307,0.680732,18.682,21.3,3.78,0.699132,20700,5471,15229,0.2643,182.748,3.42518,2,83.3333,42.36
LSTM-P,learned,123,33,600,10,1,10,test,1,0.507831,1,0,3530,2843,0.805382,3389,2075,0.612275,17.2474,19.8,2.82,0.65157,17992,5244,12748,0.291463,152.976,3.05922,2,83.3333,42.36
LSTM-P,learned,123,33,600,10,1,10,test,1,0.526289,1,0,3530,2696,0.763739,3389,1792,0.52877,15.6078,15.3,2.1,0.597513,15075,4962,10113,0.329154,121.356,2.72659,1,83.3333,42.36
LSTM-P,learned,123,33,600,10,1,10,test,1,0.549849,1,0,3530,2541,0.71983,3389,1469,0.433461,13.8017,12,1.5,0.538341,12194,4694,7500,0.384943,90,2.40907,1,83.3333,42.36
LSTM-P,learned,123,33,600,10,1,10,test,1,0.579799,1,0,3530,2372,0.671955,3389,1183,0.349071,12.3094,9.9,1.1,0.490154,9903,4594,5309,0.4639,63.708,2.10153,1,83.3333,42.36
LSTM-P,learned,123,33,600,10,1,10,test,1,0.614515,1,0,3530,2189,0.620113,3389,952,0.280909,10.9954,7.7,0.6,0.448551,8009,4465,3544,0.557498,42.528,1.90068,1,83.3333,42.36
LSTM-P,learned,123,33,600,10,1,10,test,1,0.648356,1,0,3530,1994,0.564873,3389,752,0.221894,9.71805,5.9,0.4,0.408771,6387,4097,2290,0.641459,27.48,1.70786,1,83.3333,42.36
LSTM-P,learned,123,33,600,10,1,10,test,1,0.686645,1,0,3530,1730,0.490085,3389,528,0.155798,8.28561,4.5,0.3,0.36115,4665,3345,1320,0.717042,15.84,1.52803,1,83.3333,42.36
LSTM-P,learned,123,33,600,10,1,10,test,1,0.731857,1,0,3530,1270,0.359773,3389,258,0.0761287,6.18835,3.2,0.2,0.297805,2742,2197,545,0.80124,6.54,1.43303,1,83.3333,42.36
LSTM-P,learned,123,33,600,10,1,10,test,1,0.802611,1,0,3530,508,0.143909,3389,31,0.00914724,3.43819,2,0,0.221377,797,730,67,0.915935,0.804,1.23881,1,83.3333,42.36
LSTM-P,learned,123,33,600,10,1,10,val,1,0.146453,1,0,2966,2960,0.997977,2785,2777,0.997127,26.6529,29.4,17.08,0.986391,82311,3227,79084,0.039205,949.008,8.34021,3,83.3333,35.592
LSTM-P,learned,123,33,600,10,1,10,val,1,0.247709,1,0,2966,2945,0.99292,2785,2745,0.985637,25.9698,29.3,14.2,0.962938,49207,3588,45619,0.0729165,547.428,7.96096,3,83.3333,35.592
LSTM-P,learned,123,33,600,10,1,10,val,1,0.307452,1,0,2966,2910,0.981119,2785,2676,0.960862,25.2431,29.2,11.69,0.938364,39470,3844,35626,0.0973904,427.512,7.43404,3,83.3333,35.592
LSTM-P,learned,123,33,600,10,1,10,val,1,0.347503,1,0,2966,2884,0.972353,2785,2613,0.938241,24.5315,28.8,10.4,0.914416,34692,4090,30602,0.117895,367.224,6.83514,3,83.3333,35.592
LSTM-P,learned,123,33,600,10,1,10,val,1,0.376038,1,0,2966,2853,0.961902,2785,2548,0.914901,23.866,27.7,9.4,0.891693,31445,4358,27087,0.138591,325.044,6.32052,3,83.3333,35.592
LSTM-P,learned,123,33,600,10,1,10,val,1,0.398166,1,0,2966,2822,0.95145,2785,2484,0.891921,23.2053,26.7,8.5,0.869206,28903,4531,24372,0.156766,292.464,5.85295,3,83.3333,35.592
LSTM-P,learned,123,33,600,10,1,10,val,1,0.417177,1,0,2966,2775,0.935604,2785,2403,0.862837,22.4896,25.7,7.4,0.845729,26617,4636,21981,0.174174,263.772,5.40781,3,83.3333,35.592
LSTM-P,learned,123,33,600,10,1,10,val,1,0.434142,1,0,2966,2731,0.920769,2785,2333,0.837702,21.7464,24.7,6.6,0.821098,24621,4719,19902,0.191666,238.824,4.93895,3,83.3333,35.592
LSTM-P,learned,123,33,600,10,1,10,val,1,0.449485,1,0,2966,2675,0.901888,2785,2244,0.805745,20.987,23.9,5.9,0.796462,22661,4712,17949,0.207934,215.388,4.50694,2,83.3333,35.592
LSTM-P,learned,123,33,600,10,1,10,val,1,0.463946,1,0,2966,2628,0.886042,2785,2132,0.76553,19.9705,22.85,4.8,0.762795,20694,4667,16027,0.225524,192.324,4.0944,2,83.3333,35.592
LSTM-P,learned,123,33,600,10,1,10,val,1,0.477867,1,0,2966,2565,0.864801,2785,2004,0.719569,18.8798,21.7,3.8,0.727251,18694,4575,14119,0.244731,169.428,3.72526,2,83.3333,35.592
LSTM-P,learned,123,33,600,10,1,10,val,1,0.490546,1,0,2966,2501,0.843223,2785,1866,0.670018,17.7898,20.5,3.4,0.691806,16806,4464,12342,0.265619,148.104,3.42465,2,83.3333,35.592
LSTM-P,learned,123,33,600,10,1,10,val,1,0.492491,1,0,2966,2493,0.840526,2785,1847,0.663196,17.6393,20.3,3.3,0.686854,16562,4462,12100,0.269412,145.2,3.37942,2,83.3333,35.592
LSTM-P,learned,123,33,600,10,1,10,val,1,0.507831,1,0,2966,2378,0.801753,2785,1639,0.58851,16.2159,17.4,2.6,0.640832,14447,4295,10152,0.297294,121.824,3.07634,2,83.3333,35.592
LSTM-P,learned,123,33,600,10,1,10,val,1,0.526289,1,0,2966,2284,0.770061,2785,1431,0.513824,14.6854,13.4,1.9,0.591153,12197,4039,8158,0.331147,97.896,2.73682,1,83.3333,35.592
LSTM-P,learned,123,33,600,10,1,10,val,1,0.549849,1,0,2966,2139,0.721173,2785,1155,0.414722,13.0647,11,1.4,0.540895,9956,3854,6102,0.387103,73.224,2.44444,1,83.3333,35.592
LSTM-P,learned,123,33,600,10,1,10,val,1,0.579799,1,0,2966,1992,0.671612,2785,936,0.336086,11.7611,9,1,0.500758,8122,3793,4329,0.467003,51.948,2.20698,1,83.3333,35.592
LSTM-P,learned,123,33,600,10,1,10,val,1,0.614515,1,0,2966,1854,0.625084,2785,768,0.275763,10.6792,6.9,0.63,0.467083,6653,3699,2954,0.55599,35.448,1.95735,1,83.3333,35.592
LSTM-P,learned,123,33,600,10,1,10,val,1,0.648356,1,0,2966,1694,0.57114,2785,651,0.233752,9.82662,5.95,0.43,0.441066,5437,3437,2000,0.63215,24,1.7625,1,83.3333,35.592
LSTM-P,learned,123,33,600,10,1,10,val,1,0.686645,1,0,2966,1485,0.500674,2785,463,0.166248,8.31589,4.4,0.3,0.391023,4061,2923,1138,0.719773,13.656,1.5993,1,83.3333,35.592
LSTM-P,learned,123,33,600,10,1,10,val,1,0.731857,1,0,2966,1158,0.390425,2785,242,0.0868941,6.24965,3.2,0,0.322846,2499,2054,445,0.821929,5.34,1.53933,1,83.3333,35.592
LSTM-P,learned,123,33,600,10,1,10,val,1,0.802611,1,0,2966,514,0.173297,2785,35,0.0125673,3.45914,1.9,0,0.252625,844,762,82,0.902844,0.984,1.35366,1,83.3333,35.592
LSTM-P,learned,123,33,600,10,1,10,test,1,0.146453,1,0.15,3530,3525,0.998584,3389,3380,0.997344,27.4335,29.4,21.7,0.990742,45044,3501,41543,0.077724,498.516,34.5359,35,83.3333,42.36
LSTM-P,learned,123,33,600,10,1,10,test,1,0.247709,1,0.15,3530,3500,0.991501,3389,3340,0.985541,26.8575,29.4,18.88,0.9712,35318,3557,31761,0.100714,381.132,18.5096,16,83.3333,42.36
LSTM-P,learned,123,33,600,10,1,10,test,1,0.307452,1,0.15,3530,3473,0.983853,3389,3291,0.971083,26.2351,29.3,16.6,0.95016,29755,3621,26134,0.121694,313.608,16.1049,13,83.3333,42.36
LSTM-P,learned,123,33,600,10,1,10,test,1,0.347503,1,0.15,3530,3440,0.974504,3389,3219,0.949838,25.597,29.2,14.2,0.928644,26287,3649,22638,0.138814,271.656,15.0099,12,83.3333,42.36
LSTM-P,learned,123,33,600,10,1,10,test,1,0.376038,1,0.15,3530,3392,0.960907,3389,3142,0.927117,24.9909,28.9,12.71,0.908401,23727,3642,20085,0.153496,241.02,14.341,12,83.3333,42.36
LSTM-P,learned,123,33,600,10,1,10,test,1,0.398166,1,0.15,3530,3350,0.949008,3389,3065,0.904397,24.3825,27.9,11.3,0.888229,21735,3642,18093,0.167564,217.116,13.8085,11,83.3333,42.36
LSTM-P,learned,123,33,600,10,1,10,test,1,0.417177,1,0.15,3530,3307,0.936827,3389,2978,0.878725,23.6832,26.8,10.1,0.864811,19950,3615,16335,0.181203,196.02,13.3106,11,83.3333,42.36
LSTM-P,learned,123,33,600,10,1,10,test,1,0.434142,1,0.15,3530,3246,0.919547,3389,2883,0.850693,22.9966,25.8,9.05,0.842271,18450,3577,14873,0.193875,178.476,12.6881,10,83.3333,42.36
LSTM-P,learned,123,33,600,10,1,10,test,1,0.449485,1,0.15,3530,3189,0.903399,3389,2785,0.821776,22.1717,24.7,7.78,0.814819,16987,3528,13459,0.207688,161.508,12.1522,9,83.3333,42.36
LSTM-P,learned,123,33,600,10,1,10,test,1,0.463946,1,0.15,3530,3126,0.885552,3389,2671,0.788138,21.2798,23.7,6.1,0.785095,15508,3485,12023,0.224723,144.276,11.6238,9,83.3333,42.36
LSTM-P,learned,123,33,600,10,1,10,test,1,0.477867,1,0.15,3530,3060,0.866856,3389,2524,0.744762,20.2112,22.7,5,0.749573,14089,3417,10672,0.24253,128.064,11.0032,8,83.3333,42.36
LSTM-P,learned,123,33,600,10,1,10,test,1,0.490546,1,0.15,3530,2988,0.846459,3389,2362,0.696961,19.0859,21.6,3.9,0.712015,12764,3345,9419,0.262065,113.028,10.4893,7,83.3333,42.36
LSTM-P,learned,123,33,600,10,1,10,test,1,0.492491,1,0.15,3530,2967,0.84051,3389,2330,0.687518,18.938,21.4,3.8,0.707404,12558,3328,9230,0.26501,110.76,10.4027,7,83.3333,42.36
LSTM-P,learned,123,33,600,10,1,10,test,1,0.507831,1,0.15,3530,2859,0.809915,3389,2095,0.618176,17.4672,20.1,2.9,0.658636,11007,3182,7825,0.289089,93.9,9.63578,7,83.3333,42.36
LSTM-P,learned,123,33,600,10,1,10,test,1,0.526289,1,0.15,3530,2707,0.766856,3389,1806,0.532901,15.8098,15.6,2.1,0.604076,9319,2990,6329,0.32085,75.948,8.81261,6,83.3333,42.36
LSTM-P,learned,123,33,600,10,1,10,test,1,0.549849,1,0.15,3530,2552,0.722946,3389,1490,0.439658,14.0269,12.2,1.6,0.545636,7648,2806,4842,0.366893,58.104,7.87588,5,83.3333,42.36
LSTM-P,learned,123,33,600,10,1,10,test,1,0.579799,1,0.15,3530,2382,0.674788,3389,1202,0.354677,12.5271,10.1,1.1,0.497221,6149,2619,3530,0.425923,42.36,6.86346,4,83.3333,42.36
LSTM-P,learned,123,33,600,10,1,10,test,1,0.614515,1,0.15,3530,2197,0.62238,3389,962,0.28386,11.1233,7.8,0.7,0.452589,4923,2430,2493,0.493601,29.916,5.84236,3,83.3333,42.36
LSTM-P,learned,123,33,600,10,1,10,test,1,0.648356,1,0.15,3530,2000,0.566572,3389,759,0.22396,9.81855,6,0.4,0.411926,3958,2263,1695,0.571753,20.34,4.81357,3,83.3333,42.36
LSTM-P,learned,123,33,600,10,1,10,test,1,0.686645,1,0.15,3530,1732,0.490652,3389,530,0.156388,8.31611,4.5,0.3,0.362082,3017,1981,1036,0.656613,12.432,3.95946,2,83.3333,42.36
LSTM-P,learned,123,33,600,10,1,10,test,1,0.731857,1,0.15,3530,1271,0.360057,3389,259,0.0764237,6.20771,3.2,0.2,0.298384,1860,1411,449,0.758602,5.388,3.30735,2,83.3333,42.36
LSTM-P,learned,123,33,600,10,1,10,test,1,0.802611,1,0.15,3530,508,0.143909,3389,31,0.00914724,3.43819,2,0,0.221377,593,536,57,0.903879,0.684,3.10526,2,83.3333,42.36
LSTM-P,learned,123,33,600,10,1,10,val,1,0.146453,1,0.15,2966,2963,0.998989,2785,2780,0.998205,26.7332,29.4,17.14,0.989039,39730,2947,36783,0.0741757,441.396,34.8237,36,83.3333,35.592
LSTM-P,learned,123,33,600,10,1,10,val,1,0.247709,1,0.15,2966,2946,0.993257,2785,2747,0.986355,26.0622,29.3,14.45,0.966034,30808,3005,27803,0.0975396,333.636,17.9566,15,83.3333,35.592
LSTM-P,learned,123,33,600,10,1,10,val,1,0.307452,1,0.15,2966,2917,0.983479,2785,2683,0.963375,25.3569,29.2,11.76,0.94201,25561,3048,22513,0.119244,270.156,15.5766,12,83.3333,35.592
LSTM-P,learned,123,33,600,10,1,10,val,1,0.347503,1,0.15,2966,2888,0.973702,2785,2619,0.940395,24.6536,29.1,10.47,0.918439,22393,3074,19319,0.137275,231.828,14.4782,11,83.3333,35.592
LSTM-P,learned,123,33,600,10,1,10,val,1,0.376038,1,0.15,2966,2862,0.964936,2785,2558,0.918492,24.0026,28.1,9.4,0.896047,20097,3074,17023,0.152958,204.276,13.79,11,83.3333,35.592
LSTM-P,learned,123,33,600,10,1,10,val,1,0.398166,1,0.15,2966,2831,0.954484,2785,2494,0.895512,23.3445,27,8.5,0.873654,18222,3070,15152,0.168478,181.824,13.3306,11,83.3333,35.592
LSTM-P,learned,123,33,600,10,1,10,val,1,0.417177,1,0.15,2966,2787,0.939649,2785,2415,0.867145,22.643,25.9,7.46,0.850569,16559,3040,13519,0.183586,162.228,12.8699,10,83.3333,35.592
LSTM-P,learned,123,33,600,10,1,10,val,1,0.434142,1,0.15,2966,2743,0.924815,2785,2347,0.842729,21.922,24.9,6.7,0.82667,15137,2986,12151,0.197265,145.812,12.369,10,83.3333,35.592
LSTM-P,learned,123,33,600,10,1,10,val,1,0.449485,1,0.15,2966,2689,0.906608,2785,2258,0.810772,21.1754,24,5.9,0.802397,13771,2948,10823,0.214073,129.876,11.9126,9,83.3333,35.592
LSTM-P,learned,123,33,600,10,1,10,val,1,0.463946,1,0.15,2966,2640,0.890088,2785,2150,0.771993,20.201,23,4.8,0.770224,12534,2900,9634,0.231371,115.608,11.4067,8,83.3333,35.592
LSTM-P,learned,123,33,600,10,1,10,val,1,0.477867,1,0.15,2966,2574,0.867835,2785,2018,0.724596,19.0769,21.8,3.9,0.733648,11378,2832,8546,0.248901,102.552,10.809,8,83.3333,35.592
LSTM-P,learned,123,33,600,10,1,10,val,1,0.490546,1,0.15,2966,2512,0.846932,2785,1881,0.675404,17.9802,20.7,3.4,0.697875,10260,2754,7506,0.268421,90.072,10.2838,7,83.3333,35.592
LSTM-P,learned,123,33,600,10,1,10,val,1,0.492491,1,0.15,2966,2503,0.843898,2785,1860,0.667864,17.8071,20.5,3.3,0.69219,10096,2743,7353,0.271692,88.236,10.2271,7,83.3333,35.592
LSTM-P,learned,123,33,600,10,1,10,val,1,0.507831,1,0.15,2966,2384,0.803776,2785,1648,0.591741,16.3826,17.6,2.6,0.646257,8857,2596,6261,0.293102,75.132,9.54752,6,83.3333,35.592
LSTM-P,learned,123,33,600,10,1,10,val,1,0.526289,1,0.15,2966,2289,0.771746,2785,1441,0.517415,14.872,13.6,1.9,0.597269,7557,2489,5068,0.329364,60.816,8.88635,6,83.3333,35.592
LSTM-P,learned,123,33,600,10,1,10,val,1,0.549849,1,0.15,2966,2143,0.722522,2785,1164,0.417953,13.2284,11,1.4,0.546248,6231,2311,3920,0.370887,47.04,7.9227,5,83.3333,35.592
LSTM-P,learned,123,33,600,10,1,10,val,1,0.579799,1,0.15,2966,1995,0.672623,2785,941,0.337882,11.863,9.1,1,0.504067,5052,2169,2883,0.429335,34.596,6.83906,4,83.3333,35.592
LSTM-P,learned,123,33,600,10,1,10,val,1,0.614515,1,0.15,2966,1857,0.626096,2785,772,0.277199,10.7415,7,0.66,0.469046,4087,2051,2036,0.501835,24.432,5.89637,3,83.3333,35.592
LSTM-P,learned,123,33,600,10,1,10,val,1,0.648356,1,0.15,2966,1697,0.572151,2785,655,0.235189,9.89411,6,0.5,0.443184,3376,1913,1463,0.566647,17.556,4.92071,3,83.3333,35.592
LSTM-P,learned,123,33,600,10,1,10,val,1,0.686645,1,0.15,2966,1489,0.502023,2785,467,0.167684,8.37421,4.4,0.3,0.392728,2569,1696,873,0.660179,10.476,4.36999,3,83.3333,35.592
LSTM-P,learned,123,33,600,10,1,10,val,1,0.731857,1,0.15,2966,1158,0.390425,2785,242,0.0868941,6.26088,3.2,0,0.323227,1669,1311,358,0.7855,4.296,3.58659,2,83.3333,35.592
LSTM-P,learned,123,33,600,10,1,10,val,1,0.802611,1,0.15,2966,514,0.173297,2785,35,0.0125673,3.45914,1.9,0,0.252625,607,544,63,0.896211,0.756,3.44444,2,83.3333,35.592
LSTM-P,learned,123,33,600,10,1,10,test,1,0.146453,0.5,0,3530,3518,0.996601,3389,3372,0.994984,27.3235,29.4,21,0.987109,59523,3597,55926,0.0604304,671.112,13.5371,7,83.3333,42.36
LSTM-P,learned,123,33,600,10,1,10,test,1,0.247709,0.5,0,3530,3487,0.987819,3389,3319,0.979345,26.5584,29.3,18,0.961207,37887,3801,34086,0.100325,409.032,12.3247,8,83.3333,42.36
LSTM-P,learned,123,33,600,10,1,10,test,1,0.307452,0.5,0,3530,3444,0.975637,3389,3240,0.956034,25.7256,29.1,15.2,0.933307,31037,3991,27046,0.128588,324.552,11.3153,7,83.3333,42.36
LSTM-P,learned,123,33,600,10,1,10,test,1,0.347503,0.5,0,3530,3388,0.959773,3389,3135,0.925052,24.8794,28.3,12.8,0.904866,27508,4164,23344,0.151374,280.128,10.3288,6,83.3333,42.36
LSTM-P,learned,123,33,600,10,1,10,test,1,0.376038,0.5,0,3530,3325,0.941926,3389,3027,0.893184,24.0765,27.3,10.9,0.878272,25129,4320,20809,0.171913,249.708,9.47037,6,83.3333,42.36
LSTM-P,learned,123,33,600,10,1,10,test,1,0.398166,0.5,0,3530,3269,0.926062,3389,2923,0.862496,23.2591,26.2,9.5,0.851279,23210,4400,18810,0.189573,225.72,8.69282,5,83.3333,42.36
LSTM-P,learned,123,33,600,10,1,10,test,1,0.417177,0.5,0,3530,3211,0.909632,3389,2822,0.832694,22.4499,25.2,8.2,0.8243,21548,4482,17066,0.208001,204.792,7.95693,5,83.3333,42.36
LSTM-P,learned,123,33,600,10,1,10,test,1,0.434142,0.5,0,3530,3135,0.888102,3389,2699,0.7964,21.5696,24.1,6.8,0.795367,19829,4451,15378,0.224469,184.536,7.26317,5,83.3333,42.36
LSTM-P,learned,123,33,600,10,1,10,test,1,0.449485,0.5,0,3530,3069,0.869405,3389,2578,0.760696,20.6192,23.1,5.4,0.76333,17978,4451,13527,0.24758,162.324,6.72056,4,83.3333,42.36
LSTM-P,learned,123,33,600,10,1,10,test,1,0.463946,0.5,0,3530,2974,0.842493,3389,2393,0.706108,19.4704,22.1,4.2,0.725499,16064,4330,11734,0.269547,140.808,6.21902,4,83.3333,42.36
LSTM-P,learned,123,33,600,10,1,10,test,1,0.477867,0.5,0,3530,2883,0.816714,3389,2208,0.65152,18.2028,20.9,3.1,0.683773,14227,4134,10093,0.290574,121.116,5.71842,4,83.3333,42.36
LSTM-P,learned,123,33,600,10,1,10,test,1,0.490546,0.5,0,3530,2780,0.787535,3389,2012,0.593685,17.0353,19.7,2.4,0.645626,12547,3957,8590,0.315374,103.08,5.30419,3,83.3333,42.36
LSTM-P,learned,123,33,600,10,1,10,test,1,0.492491,0.5,0,3530,2760,0.78187,3389,1979,0.583948,16.8829,19.4,2.3,0.640884,12287,3927,8360,0.319606,100.32,5.24868,3,83.3333,42.36
LSTM-P,learned,123,33,600,10,1,10,test,1,0.507831,0.5,0,3530,2641,0.748159,3389,1732,0.511065,15.3244,15.4,1.8,0.589716,10445,3672,6773,0.351556,81.276,4.77602,3,83.3333,42.36
LSTM-P,learned,123,33,600,10,1,10,test,1,0.526289,0.5,0,3530,2507,0.710198,3389,1464,0.431986,13.7361,12.2,1.3,0.53772,8507,3411,5096,0.400964,61.152,4.36617,3,83.3333,42.36
LSTM-P,learned,123,33,600,10,1,10,test,1,0.549849,0.5,0,3530,2337,0.66204,3389,1191,0.351431,12.2228,10.2,0.8,0.489287,6707,3171,3536,0.47279,42.432,3.96946,2,83.3333,42.36
LSTM-P,learned,123,33,600,10,1,10,test,1,0.579799,0.5,0,3530,2111,0.598017,3389,916,0.270286,10.7704,7.9,0.4,0.44496,5305,2984,2321,0.562488,27.852,3.44205,2,83.3333,42.36
LSTM-P,learned,123,33,600,10,1,10,test,1,0.614515,0.5,0,3530,1858,0.526346,3389,692,0.20419,9.41938,6,0.2,0.405102,4052,2722,1330,0.671767,15.96,3.12105,2,83.3333,42.36
LSTM-P,learned,123,33,600,10,1,10,test,1,0.648356,0.5,0,3530,1531,0.433711,3389,498,0.146946,8.30888,5.1,0.1,0.377457,3016,2272,744,0.753316,8.928,2.82258,2,83.3333,42.36
LSTM-P,learned,123,33,600,10,1,10,test,1,0.686645,0.5,0,3530,1138,0.32238,3389,277,0.081735,6.77812,3.85,0.1,0.335607,1955,1641,314,0.839386,3.768,2.66879,2,83.3333,42.36
LSTM-P,learned,123,33,600,10,1,10,test,1,0.731857,0.5,0,3530,695,0.196884,3389,113,0.0333432,5.26921,2.8,0,0.314533,1062,945,117,0.889831,1.404,2.24786,2,83.3333,42.36
LSTM-P,learned,123,33,600,10,1,10,test,1,0.802611,0.5,0,3530,208,0.0589235,3389,11,0.0032458,2.86971,1.7,0,0.266019,261,254,7,0.97318,0.084,1.14286,1,83.3333,42.36
LSTM-P,learned,123,33,600,10,1,10,val,1,0.146453,0.5,0,2966,2961,0.998314,2785,2776,0.996768,26.5994,29.4,16.8,0.984508,52414,3037,49377,0.0579425,592.524,13.1459,7,83.3333,35.592
LSTM-P,learned,123,33,600,10,1,10,val,1,0.247709,0.5,0,2966,2927,0.986851,2785,2716,0.975224,25.7391,29.2,13.3,0.955374,32816,3192,29624,0.0972696,355.488,11.8623,7,83.3333,35.592
LSTM-P,learned,123,33,600,10,1,10,val,1,0.307452,0.5,0,2966,2887,0.973365,2785,2632,0.945063,24.818,29,10.86,0.924392,26474,3345,23129,0.12635,277.548,10.9041,7,83.3333,35.592
LSTM-P,learned,123,33,600,10,1,10,val,1,0.347503,0.5,0,2966,2855,0.962576,2785,2553,0.916697,23.9277,27.7,9.44,0.894229,23233,3495,19738,0.150433,236.856,9.93241,6,83.3333,35.592
LSTM-P,learned,123,33,600,10,1,10,val,1,0.376038,0.5,0,2966,2808,0.94673,2785,2462,0.884022,23.0833,26.4,8.4,0.865846,20832,3603,17229,0.172955,206.748,9.20065,6,83.3333,35.592
LSTM-P,learned,123,33,600,10,1,10,val,1,0.398166,0.5,0,2966,2758,0.929872,2785,2371,0.851346,22.2463,25.4,6.9,0.837702,19036,3687,15349,0.193686,184.188,8.51808,5,83.3333,35.592
LSTM-P,learned,123,33,600,10,1,10,val,1,0.417177,0.5,0,2966,2695,0.908631,2785,2275,0.816876,21.4297,24.3,6.1,0.811469,17498,3716,13782,0.212367,165.384,7.81396,5,83.3333,35.592
LSTM-P,learned,123,33,600,10,1,10,val,1,0.434142,0.5,0,2966,2629,0.886379,2785,2176,0.781329,20.6023,23.4,5.2,0.78472,15884,3670,12214,0.23105,146.568,7.21107,4,83.3333,35.592
LSTM-P,learned,123,33,600,10,1,10,val,1,0.449485,0.5,0,2966,2574,0.867835,2785,2051,0.736445,19.5093,22.4,4.13,0.748662,14316,3605,10711,0.251816,128.532,6.66726,4,83.3333,35.592
LSTM-P,learned,123,33,600,10,1,10,val,1,0.463946,0.5,0,2966,2495,0.8412,2785,1898,0.681508,18.3896,21.3,3.3,0.71234,12747,3525,9222,0.276536,110.664,6.1941,4,83.3333,35.592
LSTM-P,learned,123,33,600,10,1,10,val,1,0.477867,0.5,0,2966,2411,0.812879,2785,1733,0.622262,17.1438,20.1,2.7,0.672459,11271,3382,7889,0.300062,94.668,5.72417,3,83.3333,35.592
LSTM-P,learned,123,33,600,10,1,10,val,1,0.490546,0.5,0,2966,2323,0.78321,2785,1563,0.561221,15.9547,17.6,2.2,0.634382,9906,3204,6702,0.32344,80.424,5.37899,3,83.3333,35.592
LSTM-P,learned,123,33,600,10,1,10,val,1,0.492491,0.5,0,2966,2316,0.78085,2785,1548,0.555835,15.8013,17.1,2.2,0.62943,9714,3203,6511,0.32973,78.132,5.34818,3,83.3333,35.592
LSTM-P,learned,123,33,600,10,1,10,val,1,0.507831,0.5,0,2966,2210,0.745111,2785,1361,0.488689,14.5018,13.5,1.7,0.587286,8327,3000,5327,0.360274,63.924,4.87423,3,83.3333,35.592
LSTM-P,learned,123,33,600,10,1,10,val,1,0.526289,0.5,0,2966,2064,0.695887,2785,1123,0.403232,12.9686,11,1.2,0.54059,6807,2720,4087,0.399589,49.044,4.4781,3,83.3333,35.592
LSTM-P,learned,123,33,600,10,1,10,val,1,0.549849,0.5,0,2966,1925,0.649022,2785,918,0.329623,11.6416,9.2,0.7,0.500315,5471,2591,2880,0.473588,34.56,4.05104,2,83.3333,35.592
LSTM-P,learned,123,33,600,10,1,10,val,1,0.579799,0.5,0,2966,1772,0.597438,2785,746,0.267864,10.5242,7.3,0.5,0.467162,4367,2451,1916,0.561255,22.992,3.6858,2,83.3333,35.592
LSTM-P,learned,123,33,600,10,1,10,val,1,0.614515,0.5,0,2966,1588,0.535401,2785,600,0.21544,9.43344,5.9,0.3,0.437229,3501,2297,1204,0.656098,14.448,3.16777,2,83.3333,35.592
LSTM-P,learned,123,33,600,10,1,10,val,1,0.648356,0.5,0,2966,1348,0.454484,2785,458,0.164452,8.43323,4.8,0.17,0.414038,2645,1971,674,0.74518,8.088,2.95846,2,83.3333,35.592
LSTM-P,learned,123,33,600,10,1,10,val,1,0.686645,0.5,0,2966,1031,0.347606,2785,267,0.0958707,6.96227,3.9,0,0.378225,1814,1519,295,0.837376,3.54,2.75932,2,83.3333,35.592
LSTM-P,learned,123,33,600,10,1,10,val,1,0.731857,0.5,0,2966,636,0.21443,2785,111,0.0398564,5.40031,3,0,0.354314,980,881,99,0.89898,1.188,2.65657,2,83.3333,35.592
LSTM-P,learned,123,33,600,10,1,10,val,1,0.802611,0.5,0,2966,230,0.0775455,2785,13,0.00466786,2.98609,1.7,0,0.320185,320,304,16,0.95,0.192,2.4375,1,83.3333,35.592
LSTM-P,learned,123,33,600,10,1,10,test,1,0.146453,0.5,0.15,3530,3523,0.998017,3389,3377,0.996459,27.3766,29.4,21.3,0.988833,40510,3499,37011,0.0863737,444.132,34.655,35,83.3333,42.36
LSTM-P,learned,123,33,600,10,1,10,test,1,0.247709,0.5,0.15,3530,3493,0.989518,3389,3327,0.981706,26.6461,29.3,18.2,0.964075,27743,3480,24263,0.125437,291.156,23.3461,23,83.3333,42.36
LSTM-P,learned,123,33,600,10,1,10,test,1,0.307452,0.5,0.15,3530,3449,0.977054,3389,3246,0.957805,25.8086,29.2,15.2,0.936023,22993,3461,19532,0.150524,234.384,20.4689,20,83.3333,42.36
LSTM-P,learned,123,33,600,10,1,10,test,1,0.347503,0.5,0.15,3530,3402,0.963739,3389,3149,0.929183,25.0038,28.6,12.91,0.908811,20093,3443,16650,0.171353,199.8,19.0629,18,83.3333,42.36
LSTM-P,learned,123,33,600,10,1,10,test,1,0.376038,0.5,0.15,3530,3345,0.947592,3389,3049,0.899675,24.2406,27.6,11.04,0.883425,18009,3405,14604,0.189072,175.248,18.1658,17,83.3333,42.36
LSTM-P,learned,123,33,600,10,1,10,test,1,0.398166,0.5,0.15,3530,3286,0.930878,3389,2941,0.867808,23.4223,26.45,9.6,0.856458,16431,3360,13071,0.204492,156.852,17.3715,16,83.3333,42.36
LSTM-P,learned,123,33,600,10,1,10,test,1,0.417177,0.5,0.15,3530,3225,0.913598,3389,2839,0.83771,22.6156,25.4,8.3,0.829619,15054,3304,11750,0.219477,141,16.5696,15,83.3333,42.36
LSTM-P,learned,123,33,600,10,1,10,test,1,0.434142,0.5,0.15,3530,3153,0.893201,3389,2722,0.803187,21.7656,24.3,7,0.801624,13771,3238,10533,0.235132,126.396,15.7987,14,83.3333,42.36
LSTM-P,learned,123,33,600,10,1,10,test,1,0.449485,0.5,0.15,3530,3089,0.875071,3389,2605,0.768663,20.8397,23.3,5.4,0.770377,12483,3194,9289,0.255868,111.468,15.0495,13,83.3333,42.36
LSTM-P,learned,123,33,600,10,1,10,test,1,0.463946,0.5,0.15,3530,2993,0.847875,3389,2418,0.713485,19.7017,22.3,4.3,0.732928,11164,3105,8059,0.278126,96.708,14.4611,13,83.3333,42.36
LSTM-P,learned,123,33,600,10,1,10,test,1,0.477867,0.5,0.15,3530,2898,0.820963,3389,2229,0.657716,18.4313,21.1,3.2,0.691162,9910,2997,6913,0.302422,82.956,13.8568,12,83.3333,42.36
LSTM-P,learned,123,33,600,10,1,10,test,1,0.490546,0.5,0.15,3530,2796,0.792068,3389,2032,0.599587,17.2309,19.8,2.5,0.651849,8828,2881,5947,0.326348,71.364,13.1776,11,83.3333,42.36
LSTM-P,learned,123,33,600,10,1,10,test,1,0.492491,0.5,0.15,3530,2776,0.786402,3389,1999,0.58985,17.0754,19.7,2.4,0.646995,8671,2864,5807,0.330296,69.684,13.0522,11,83.3333,42.36
LSTM-P,learned,123,33,600,10,1,10,test,1,0.507831,0.5,0.15,3530,2653,0.751558,3389,1749,0.516081,15.4973,15.7,1.9,0.595261,7471,2733,4738,0.365814,56.856,12.1319,10,83.3333,42.36
LSTM-P,learned,123,33,600,10,1,10,test,1,0.526289,0.5,0.15,3530,2516,0.712748,3389,1474,0.434937,13.8451,12.3,1.3,0.541146,6199,2577,3622,0.415712,43.464,11.333,9,83.3333,42.36
LSTM-P,learned,123,33,600,10,1,10,test,1,0.549849,0.5,0.15,3530,2346,0.664589,3389,1203,0.354972,12.3749,10.3,0.85,0.494121,4949,2402,2547,0.485351,30.564,10.4397,8,83.3333,42.36
LSTM-P,learned,123,33,600,10,1,10,test,1,0.579799,0.5,0.15,3530,2119,0.600283,3389,926,0.273237,10.895,7.9,0.4,0.448855,3882,2169,1713,0.558733,20.556,9.40514,7,83.3333,42.36
LSTM-P,learned,123,33,600,10,1,10,test,1,0.614515,0.5,0.15,3530,1863,0.527762,3389,699,0.206256,9.52866,6.1,0.22,0.408547,2897,1914,983,0.660683,11.796,8.43642,6,83.3333,42.36
LSTM-P,learned,123,33,600,10,1,10,test,1,0.648356,0.5,0.15,3530,1536,0.435127,3389,504,0.148716,8.39753,5.1,0.1,0.380129,2130,1570,560,0.737089,6.72,7.85536,6,83.3333,42.36
LSTM-P,learned,123,33,600,10,1,10,test,1,0.686645,0.5,0.15,3530,1138,0.32238,3389,278,0.0820301,6.80712,3.85,0.1,0.336598,1403,1156,247,0.823949,2.964,7.32389,5,83.3333,42.36
LSTM-P,learned,123,33,600,10,1,10,test,1,0.731857,0.5,0.15,3530,695,0.196884,3389,113,0.0333432,5.26921,2.8,0,0.314533,793,702,91,0.885246,1.092,6.21978,5,83.3333,42.36
LSTM-P,learned,123,33,600,10,1,10,test,1,0.802611,0.5,0.15,3530,208,0.0589235,3389,11,0.0032458,2.86971,1.7,0,0.266019,215,208,7,0.967442,0.084,5.42857,4,83.3333,42.36
LSTM-P,learned,123,33,600,10,1,10,val,1,0.146453,0.5,0.15,2966,2962,0.998651,2785,2777,0.997127,26.6649,29.4,16.9,0.986703,35618,2946,32672,0.082711,392.064,34.9964,36,83.3333,35.592
LSTM-P,learned,123,33,600,10,1,10,val,1,0.247709,0.5,0.15,2966,2932,0.988537,2785,2722,0.977379,25.836,29.3,13.41,0.958498,24081,2929,21152,0.121631,253.824,22.7203,22,83.3333,35.592
LSTM-P,learned,123,33,600,10,1,10,val,1,0.307452,0.5,0.15,2966,2892,0.975051,2785,2638,0.947217,24.9171,29.1,10.9,0.927597,19684,2905,16779,0.147582,201.348,19.8772,19,83.3333,35.592
LSTM-P,learned,123,33,600,10,1,10,val,1,0.347503,0.5,0.15,2966,2862,0.964936,2785,2561,0.919569,24.0398,28,9.51,0.897793,17072,2889,14183,0.169224,170.196,18.4261,17,83.3333,35.592
LSTM-P,learned,123,33,600,10,1,10,val,1,0.376038,0.5,0.15,2966,2815,0.94909,2785,2470,0.886894,23.198,26.6,8.4,0.869511,15175,2855,12320,0.188138,147.84,17.529,16,83.3333,35.592
LSTM-P,learned,123,33,600,10,1,10,val,1,0.398166,0.5,0.15,2966,2767,0.932906,2785,2380,0.854578,22.3788,25.6,6.9,0.841905,13719,2825,10894,0.205919,130.728,16.7377,16,83.3333,35.592
LSTM-P,learned,123,33,600,10,1,10,val,1,0.417177,0.5,0.15,2966,2706,0.91234,2785,2287,0.821185,21.5767,24.5,6.1,0.816081,12425,2779,9646,0.223662,115.752,16.1786,15,83.3333,35.592
LSTM-P,learned,123,33,600,10,1,10,val,1,0.434142,0.5,0.15,2966,2641,0.890425,2785,2190,0.786355,20.7735,23.7,5.2,0.790125,11223,2719,8504,0.24227,102.048,15.5065,14,83.3333,35.592
LSTM-P,learned,123,33,600,10,1,10,val,1,0.449485,0.5,0.15,2966,2584,0.871207,2785,2064,0.741113,19.6716,22.6,4.2,0.753819,10076,2654,7422,0.263398,89.064,14.9243,13,83.3333,35.592
LSTM-P,learned,123,33,600,10,1,10,val,1,0.463946,0.5,0.15,2966,2505,0.844572,2785,1912,0.686535,18.5292,21.4,3.3,0.716723,8994,2570,6424,0.285746,77.088,14.2441,12,83.3333,35.592
LSTM-P,learned,123,33,600,10,1,10,val,1,0.477867,0.5,0.15,2966,2420,0.815914,2785,1745,0.626571,17.2686,20.2,2.7,0.676359,7963,2478,5485,0.311189,65.82,13.5624,12,83.3333,35.592
LSTM-P,learned,123,33,600,10,1,10,val,1,0.490546,0.5,0.15,2966,2333,0.786581,2785,1575,0.56553,16.0919,17.9,2.2,0.638628,7050,2383,4667,0.338014,56.004,13.0167,11,83.3333,35.592
LSTM-P,learned,123,33,600,10,1,10,val,1,0.492491,0.5,0.15,2966,2325,0.783884,2785,1560,0.560144,15.9479,17.5,2.2,0.63403,6920,2375,4545,0.343208,54.54,12.9204,11,83.3333,35.592
LSTM-P,learned,123,33,600,10,1,10,val,1,0.507831,0.5,0.15,2966,2218,0.747808,2785,1372,0.492639,14.6556,13.75,1.7,0.592153,6021,2277,3744,0.378176,44.928,12.27,10,83.3333,35.592
LSTM-P,learned,123,33,600,10,1,10,val,1,0.526289,0.5,0.15,2966,2068,0.697235,2785,1133,0.406822,13.1266,11.2,1.2,0.545753,5025,2117,2908,0.421294,34.896,11.4801,9,83.3333,35.592
LSTM-P,learned,123,33,600,10,1,10,val,1,0.549849,0.5,0.15,2966,1931,0.651045,2785,927,0.332855,11.7517,9.3,0.7,0.503726,4041,1965,2076,0.486266,24.912,10.5626,8,83.3333,35.592
LSTM-P,learned,123,33,600,10,1,10,val,1,0.579799,0.5,0.15,2966,1775,0.598449,2785,750,0.2693,10.5835,7.3,0.5,0.469001,3207,1808,1399,0.563767,16.788,9.68763,7,83.3333,35.592
LSTM-P,learned,123,33,600,10,1,10,val,1,0.614515,0.5,0.15,2966,1591,0.536413,2785,603,0.216517,9.48429,5.9,0.3,0.438739,2492,1624,868,0.651685,10.416,8.79378,6,83.3333,35.592
LSTM-P,learned,123,33,600,10,1,10,val,1,0.648356,0.5,0.15,2966,1349,0.454821,2785,459,0.164811,8.44952,4.8,0.18,0.414498,1892,1383,509,0.730973,6.108,8.04126,6,83.3333,35.592
LSTM-P,learned,123,33,600,10,1,10,val,1,0.686645,0.5,0.15,2966,1032,0.347943,2785,268,0.0962298,6.98382,3.9,0,0.378828,1293,1054,239,0.815159,2.868,6.54812,5,83.3333,35.592
LSTM-P,learned,123,33,600,10,1,10,val,1,0.731857,0.5,0.15,2966,637,0.214767,2785,112,0.0402154,5.43768,3,0,0.355327,732,646,86,0.882514,1.032,5.86047,4.5,83.3333,35.592
LSTM-P,learned,123,33,600,10,1,10,val,1,0.802611,0.5,0.15,2966,230,0.0775455,2785,13,0.00466786,2.98609,1.7,0,0.320185,242,230,12,0.950413,0.144,7,7,83.3333,35.592
LSTM-P,learned,123,33,600,10,1,10,test,1,0.146453,0.25,0,3530,3515,0.995751,3389,3367,0.993508,27.2339,29.4,20.4,0.984093,45036,3542,41494,0.0786482,497.928,17.904,14,83.3333,42.36
LSTM-P,learned,123,33,600,10,1,10,test,1,0.247709,0.25,0,3530,3460,0.98017,3389,3278,0.967247,26.076,29.1,16.99,0.945244,28859,3589,25270,0.124363,303.24,15.8585,13,83.3333,42.36
LSTM-P,learned,123,33,600,10,1,10,test,1,0.307452,0.25,0,3530,3389,0.960057,3389,3154,0.930658,24.7702,27.7,13.5,0.90184,23311,3630,19681,0.15572,236.172,14.427,12,83.3333,42.36
LSTM-P,learned,123,33,600,10,1,10,test,1,0.347503,0.25,0,3530,3298,0.934278,3389,2998,0.884627,23.5639,26.3,10.6,0.861659,20242,3653,16589,0.180466,199.068,13.1296,10,83.3333,42.36
LSTM-P,learned,123,33,600,10,1,10,test,1,0.376038,0.25,0,3530,3217,0.911331,3389,2861,0.844202,22.4718,24.9,9.1,0.825599,18258,3729,14529,0.204239,174.348,11.9668,9,83.3333,42.36
LSTM-P,learned,123,33,600,10,1,10,test,1,0.398166,0.25,0,3530,3127,0.885836,3389,2722,0.803187,21.4427,23.8,7.46,0.792004,16617,3724,12893,0.224108,154.716,10.9483,8,83.3333,42.36
LSTM-P,learned,123,33,600,10,1,10,test,1,0.417177,0.25,0,3530,3029,0.858074,3389,2550,0.752434,20.377,22.7,5.9,0.756958,14977,3650,11327,0.243707,135.924,10.0619,7,83.3333,42.36
LSTM-P,learned,123,33,600,10,1,10,test,1,0.434142,0.25,0,3530,2944,0.833994,3389,2391,0.705518,19.264,21.7,4.4,0.719979,13388,3589,9799,0.268076,117.588,9.28329,6,83.3333,42.36
LSTM-P,learned,123,33,600,10,1,10,test,1,0.449485,0.25,0,3530,2830,0.8017,3389,2187,0.645323,17.9891,20.6,3.3,0.678243,11721,3441,8280,0.293576,99.36,8.70978,6,83.3333,42.36
LSTM-P,learned,123,33,600,10,1,10,test,1,0.463946,0.25,0,3530,2725,0.771955,3389,1972,0.581883,16.7259,19.2,2.4,0.637061,10213,3307,6906,0.323803,82.872,8.2046,5,83.3333,42.36
LSTM-P,learned,123,33,600,10,1,10,test,1,0.477867,0.25,0,3530,2629,0.744759,3389,1791,0.528474,15.5202,17.1,1.9,0.597918,8831,3191,5640,0.361341,67.68,7.7828,5,83.3333,42.36
LSTM-P,learned,123,33,600,10,1,10,test,1,0.490546,0.25,0,3530,2528,0.716147,3389,1589,0.46887,14.3137,14.2,1.4,0.558467,7737,3014,4723,0.389557,56.676,7.22782,5,83.3333,42.36
LSTM-P,learned,123,33,600,10,1,10,test,1,0.492491,0.25,0,3530,2514,0.712181,3389,1562,0.460903,14.15,13.75,1.4,0.553193,7555,2979,4576,0.394308,54.912,7.17373,5,83.3333,42.36
LSTM-P,learned,123,33,600,10,1,10,test,1,0.507831,0.25,0,3530,2378,0.673654,3389,1359,0.401003,12.9953,11.8,1,0.51714,6390,2789,3601,0.436463,43.212,6.65065,4,83.3333,42.36
LSTM-P,learned,123,33,600,10,1,10,test,1,0.526289,0.25,0,3530,2205,0.624646,3389,1101,0.324875,11.6737,9.9,0.5,0.475644,5143,2529,2614,0.491736,31.368,6.14155,4,83.3333,42.36
LSTM-P,learned,123,33,600,10,1,10,test,1,0.549849,0.25,0,3530,1972,0.55864,3389,880,0.259664,10.6907,8.3,0.3,0.448907,4016,2259,1757,0.5625,21.084,5.59021,4,83.3333,42.36
LSTM-P,learned,123,33,600,10,1,10,test,1,0.579799,0.25,0,3530,1653,0.468272,3389,682,0.201239,9.88058,7.3,0.2,0.433537,3000,1959,1041,0.653,12.492,5.03362,3,83.3333,42.36
LSTM-P,learned,123,33,600,10,1,10,test,1,0.614515,0.25,0,3530,1314,0.372238,3389,491,0.14488,8.97618,6.05,0.2,0.419005,2178,1624,554,0.745638,6.648,4.58484,3,83.3333,42.36
LSTM-P,learned,123,33,600,10,1,10,test,1,0.648356,0.25,0,3530,975,0.276204,3389,328,0.0967837,8.08821,5.4,0.1,0.415884,1501,1233,268,0.821452,3.216,4.38433,3,83.3333,42.36
LSTM-P,learned,123,33,600,10,1,10,test,1,0.686645,0.25,0,3530,649,0.183853,3389,159,0.0469165,6.68136,4.1,0.2,0.396448,922,794,128,0.861171,1.536,3.47656,2,83.3333,42.36
LSTM-P,learned,123,33,600,10,1,10,test,1,0.731857,0.25,0,3530,361,0.102266,3389,66,0.0194748,5.48698,2.9,0.2,0.414257,475,429,46,0.903158,0.552,2.67391,2,83.3333,42.36
LSTM-P,learned,123,33,600,10,1,10,test,1,0.802611,0.25,0,3530,83,0.0235127,3389,8,0.00236058,3.43012,1.7,0,0.464419,101,98,3,0.970297,0.036,1.33333,1,83.3333,42.36
LSTM-P,learned,123,33,600,10,1,10,val,1,0.146453,0.25,0,2966,2958,0.997303,2785,2772,0.995332,26.5048,29.4,16.7,0.981381,39611,2986,36625,0.0753831,439.5,17.4416,14,83.3333,35.592
LSTM-P,learned,123,33,600,10,1,10,val,1,0.247709,0.25,0,2966,2898,0.977073,2785,2673,0.959785,25.2499,29.1,12.47,0.939402,24894,3015,21879,0.121114,262.548,15.3097,12,83.3333,35.592
LSTM-P,learned,123,33,600,10,1,10,val,1,0.307452,0.25,0,2966,2843,0.95853,2785,2554,0.917056,23.8594,27.2,9.9,0.892873,19787,3049,16738,0.154091,200.856,13.9249,11,83.3333,35.592
LSTM-P,learned,123,33,600,10,1,10,val,1,0.347503,0.25,0,2966,2770,0.933918,2785,2430,0.872531,22.6327,25.5,8.19,0.852383,17047,3083,13964,0.180853,167.568,12.6195,10,83.3333,35.592
LSTM-P,learned,123,33,600,10,1,10,val,1,0.376038,0.25,0,2966,2697,0.909305,2785,2295,0.824057,21.4783,24.2,6.6,0.813927,14965,3072,11893,0.205279,142.716,11.6899,9,83.3333,35.592
LSTM-P,learned,123,33,600,10,1,10,val,1,0.398166,0.25,0,2966,2606,0.878624,2785,2166,0.777738,20.4181,23.2,5.3,0.779729,13438,3060,10378,0.227712,124.536,10.7835,8,83.3333,35.592
LSTM-P,learned,123,33,600,10,1,10,val,1,0.417177,0.25,0,2966,2529,0.852664,2785,2043,0.733573,19.324,22,4.26,0.744488,12040,3049,8991,0.253239,107.892,10.0002,7,83.3333,35.592
LSTM-P,learned,123,33,600,10,1,10,val,1,0.434142,0.25,0,2966,2434,0.820634,2785,1871,0.671813,18.1004,20.9,3.3,0.705533,10550,2920,7630,0.276777,91.56,9.37248,6,83.3333,35.592
LSTM-P,learned,123,33,600,10,1,10,val,1,0.449485,0.25,0,2966,2355,0.793999,2785,1716,0.616158,16.8958,19.6,2.4,0.666286,9153,2829,6324,0.309079,75.888,8.97849,6,83.3333,35.592
LSTM-P,learned,123,33,600,10,1,10,val,1,0.463946,0.25,0,2966,2272,0.766015,2785,1555,0.558348,15.7415,17.75,1.9,0.629708,8018,2696,5322,0.336243,63.864,8.40774,6,83.3333,35.592
LSTM-P,learned,123,33,600,10,1,10,val,1,0.477867,0.25,0,2966,2185,0.736682,2785,1392,0.49982,14.5745,14.9,1.5,0.59293,7012,2581,4431,0.368083,53.172,7.87362,5,83.3333,35.592
LSTM-P,learned,123,33,600,10,1,10,val,1,0.490546,0.25,0,2966,2089,0.704316,2785,1235,0.443447,13.5796,12.7,1.2,0.562508,6099,2423,3676,0.397278,44.112,7.49184,5,83.3333,35.592
LSTM-P,learned,123,33,600,10,1,10,val,1,0.492491,0.25,0,2966,2070,0.69791,2785,1209,0.434111,13.4463,12.5,1,0.55886,5984,2401,3583,0.401237,42.996,7.40469,5,83.3333,35.592
LSTM-P,learned,123,33,600,10,1,10,val,1,0.507831,0.25,0,2966,1948,0.656777,2785,1045,0.375224,12.4129,10.9,0.8,0.527016,5123,2247,2876,0.43861,34.512,6.7959,4,83.3333,35.592
LSTM-P,learned,123,33,600,10,1,10,val,1,0.526289,0.25,0,2966,1827,0.615981,2785,887,0.318492,11.3743,9.3,0.6,0.497347,4212,2070,2142,0.491453,25.704,6.28385,4,83.3333,35.592
LSTM-P,learned,123,33,600,10,1,10,val,1,0.549849,0.25,0,2966,1658,0.559002,2785,727,0.261041,10.4467,7.6,0.3,0.474132,3366,1916,1450,0.569222,17.4,5.93241,4,83.3333,35.592
LSTM-P,learned,123,33,600,10,1,10,val,1,0.579799,0.25,0,2966,1441,0.48584,2785,579,0.207899,9.68043,6.9,0.1,0.460015,2591,1675,916,0.646469,10.992,5.33624,4,83.3333,35.592
LSTM-P,learned,123,33,600,10,1,10,val,1,0.614515,0.25,0,2966,1156,0.389751,2785,442,0.158707,9.13287,6.55,0.1,0.465288,1950,1424,526,0.730256,6.312,4.65019,3,83.3333,35.592
LSTM-P,learned,123,33,600,10,1,10,val,1,0.648356,0.25,0,2966,894,0.301416,2785,300,0.10772,8.25772,5.8,0.1,0.461879,1405,1125,280,0.800712,3.36,4.19286,3,83.3333,35.592
LSTM-P,learned,123,33,600,10,1,10,val,1,0.686645,0.25,0,2966,620,0.209036,2785,165,0.059246,7.17984,4.7,0.2,0.460236,884,767,117,0.867647,1.404,3.76068,2,83.3333,35.592
LSTM-P,learned,123,33,600,10,1,10,val,1,0.731857,0.25,0,2966,371,0.125084,2785,64,0.0229803,5.5407,3.1,0.1,0.447178,486,453,33,0.932099,0.396,4.48485,2,83.3333,35.592
LSTM-P,learned,123,33,600,10,1,10,val,1,0.802611,0.25,0,2966,108,0.0364127,2785,7,0.00251346,3.22222,1.95,0,0.499905,139,130,9,0.935252,0.108,2.11111,1,83.3333,35.592
LSTM-P,learned,123,33,600,10,1,10,test,1,0.146453,0.25,0.15,3530,3519,0.996884,3389,3371,0.994689,27.2712,29.4,20.5,0.985298,36908,3495,33413,0.0946949,400.956,34.5405,35,83.3333,42.36
LSTM-P,learned,123,33,600,10,1,10,test,1,0.247709,0.25,0.15,3530,3467,0.982153,3389,3287,0.969903,26.141,29.2,17.1,0.947332,24380,3443,20937,0.141222,251.244,25.4981,25,83.3333,42.36
LSTM-P,learned,123,33,600,10,1,10,test,1,0.307452,0.25,0.15,3530,3396,0.96204,3389,3161,0.932724,24.8485,27.8,13.5,0.904355,19704,3380,16324,0.171539,195.888,22.5022,22,83.3333,42.36
LSTM-P,learned,123,33,600,10,1,10,test,1,0.347503,0.25,0.15,3530,3311,0.93796,3389,3012,0.888758,23.6835,26.4,10.6,0.865448,16884,3306,13578,0.195807,162.936,20.8712,20,83.3333,42.36
LSTM-P,learned,123,33,600,10,1,10,test,1,0.376038,0.25,0.15,3530,3231,0.915297,3389,2876,0.848628,22.6066,25.1,9.2,0.829863,14914,3233,11681,0.216776,140.172,19.7017,19,83.3333,42.36
LSTM-P,learned,123,33,600,10,1,10,test,1,0.398166,0.25,0.15,3530,3146,0.891218,3389,2742,0.809088,21.6001,23.9,7.5,0.796907,13398,3153,10245,0.235334,122.94,18.7018,18,83.3333,42.36
LSTM-P,learned,123,33,600,10,1,10,test,1,0.417177,0.25,0.15,3530,3048,0.863456,3389,2574,0.759516,20.5705,22.9,6.07,0.763062,11947,3061,8886,0.256215,106.632,17.9038,17,83.3333,42.36
LSTM-P,learned,123,33,600,10,1,10,test,1,0.434142,0.25,0.15,3530,2963,0.839377,3389,2416,0.712895,19.4862,21.8,4.52,0.727049,10655,2976,7679,0.279305,92.148,16.9539,16,83.3333,42.36
LSTM-P,learned,123,33,600,10,1,10,test,1,0.449485,0.25,0.15,3530,2848,0.806799,3389,2208,0.65152,18.1689,20.7,3.47,0.683875,9432,2862,6570,0.303435,78.84,16.1428,15,83.3333,42.36
LSTM-P,learned,123,33,600,10,1,10,test,1,0.463946,0.25,0.15,3530,2738,0.775637,3389,1988,0.586604,16.8808,19.3,2.5,0.641963,8265,2755,5510,0.333333,66.12,15.3485,14,83.3333,42.36
LSTM-P,learned,123,33,600,10,1,10,test,1,0.477867,0.25,0.15,3530,2640,0.747875,3389,1805,0.532605,15.654,17.4,1.99,0.602132,7194,2653,4541,0.36878,54.492,14.6745,13,83.3333,42.36
LSTM-P,learned,123,33,600,10,1,10,test,1,0.490546,0.25,0.15,3530,2539,0.719263,3389,1604,0.473296,14.4781,14.4,1.4,0.563697,6353,2551,3802,0.401543,45.624,14.011,12,83.3333,42.36
LSTM-P,learned,123,33,600,10,1,10,test,1,0.492491,0.25,0.15,3530,2524,0.715014,3389,1575,0.464739,14.2988,14.1,1.4,0.557921,6229,2536,3693,0.407128,44.316,13.892,12,83.3333,42.36
LSTM-P,learned,123,33,600,10,1,10,test,1,0.507831,0.25,0.15,3530,2387,0.676204,3389,1371,0.404544,13.143,11.8,1,0.521815,5299,2397,2902,0.452349,34.824,13.1809,11,83.3333,42.36
LSTM-P,learned,123,33,600,10,1,10,test,1,0.526289,0.25,0.15,3530,2213,0.626912,3389,1109,0.327235,11.7824,10,0.52,0.478999,4337,2222,2115,0.512336,25.38,12.5726,11,83.3333,42.36
LSTM-P,learned,123,33,600,10,1,10,test,1,0.549849,0.25,0.15,3530,1978,0.56034,3389,887,0.261729,10.7721,8.3,0.3,0.45136,3399,1985,1414,0.583995,16.968,12.0085,10,83.3333,42.36
LSTM-P,learned,123,33,600,10,1,10,test,1,0.579799,0.25,0.15,3530,1660,0.470255,3389,690,0.2036,9.98825,7.45,0.2,0.436744,2512,1664,848,0.66242,10.176,11.3325,9,83.3333,42.36
LSTM-P,learned,123,33,600,10,1,10,test,1,0.614515,0.25,0.15,3530,1319,0.373654,3389,497,0.146651,9.08423,6.2,0.2,0.422211,1763,1323,440,0.750425,5.28,10.7705,9,83.3333,42.36
LSTM-P,learned,123,33,600,10,1,10,test,1,0.648356,0.25,0.15,3530,980,0.27762,3389,334,0.0985541,8.22255,5.4,0.1,0.419706,1203,984,219,0.817955,2.628,10.3059,9,83.3333,42.36
LSTM-P,learned,123,33,600,10,1,10,test,1,0.686645,0.25,0.15,3530,650,0.184136,3389,161,0.0475066,6.75631,4.1,0.2,0.398751,761,651,110,0.855453,1.32,8.63636,7,83.3333,42.36
LSTM-P,learned,123,33,600,10,1,10,test,1,0.731857,0.25,0.15,3530,361,0.102266,3389,66,0.0194748,5.48698,2.9,0.2,0.414257,399,362,37,0.907268,0.444,8.62162,7,83.3333,42.36
LSTM-P,learned,123,33,600,10,1,10,test,1,0.802611,0.25,0.15,3530,83,0.0235127,3389,8,0.00236058,3.43012,1.7,0,0.464419,86,83,3,0.965116,0.036,8.66667,6,83.3333,42.36
LSTM-P,learned,123,33,600,10,1,10,val,1,0.146453,0.25,0.15,2966,2961,0.998314,2785,2775,0.996409,26.565,29.4,16.8,0.983338,32432,2945,29487,0.0908054,353.844,34.9643,36,83.3333,35.592
LSTM-P,learned,123,33,600,10,1,10,val,1,0.247709,0.25,0.15,2966,2903,0.978759,2785,2679,0.961939,25.3586,29.1,12.6,0.942932,21064,2894,18170,0.137391,218.04,24.9567,24,83.3333,35.592
LSTM-P,learned,123,33,600,10,1,10,val,1,0.307452,0.25,0.15,2966,2848,0.960216,2785,2561,0.919569,23.9615,27.3,9.9,0.896177,16834,2842,13992,0.168825,167.904,21.9062,21,83.3333,35.592
LSTM-P,learned,123,33,600,10,1,10,val,1,0.347503,0.25,0.15,2966,2778,0.936615,2785,2439,0.875763,22.7422,25.7,8.2,0.855822,14295,2777,11518,0.194264,138.216,20.2326,20,83.3333,35.592
LSTM-P,learned,123,33,600,10,1,10,val,1,0.376038,0.25,0.15,2966,2705,0.912003,2785,2304,0.827289,21.6027,24.3,6.6,0.817857,12457,2704,9753,0.217067,117.036,19.1322,18,83.3333,35.592
LSTM-P,learned,123,33,600,10,1,10,val,1,0.398166,0.25,0.15,2966,2616,0.881996,2785,2177,0.781688,20.5562,23.3,5.3,0.784039,11009,2621,8388,0.238078,100.656,18.2755,17,83.3333,35.592
LSTM-P,learned,123,33,600,10,1,10,val,1,0.417177,0.25,0.15,2966,2539,0.856035,2785,2054,0.737522,19.4645,22.1,4.3,0.748877,9759,2542,7217,0.260478,86.604,17.5149,16,83.3333,35.592
LSTM-P,learned,123,33,600,10,1,10,val,1,0.434142,0.25,0.15,2966,2441,0.822994,2785,1881,0.675404,18.2264,21,3.3,0.709531,8568,2446,6122,0.285481,73.464,16.7787,15,83.3333,35.592
LSTM-P,learned,123,33,600,10,1,10,val,1,0.449485,0.25,0.15,2966,2361,0.796022,2785,1725,0.61939,17.0199,19.7,2.4,0.670254,7498,2365,5133,0.315417,61.596,16.1993,15,83.3333,35.592
LSTM-P,learned,123,33,600,10,1,10,val,1,0.463946,0.25,0.15,2966,2278,0.768038,2785,1562,0.560862,15.8456,17.9,1.9,0.632977,6601,2282,4319,0.345705,51.828,15.4276,14,83.3333,35.592
LSTM-P,learned,123,33,600,10,1,10,val,1,0.477867,0.25,0.15,2966,2193,0.73938,2785,1401,0.503052,14.6816,15.1,1.52,0.596186,5816,2200,3616,0.378267,43.392,14.6944,13,83.3333,35.592
LSTM-P,learned,123,33,600,10,1,10,val,1,0.490546,0.25,0.15,2966,2097,0.707013,2785,1245,0.447038,13.709,12.9,1.2,0.5665,5103,2102,3001,0.411915,36.012,14.1539,12,83.3333,35.592
LSTM-P,learned,123,33,600,10,1,10,val,1,0.492491,0.25,0.15,2966,2078,0.700607,2785,1219,0.437702,13.5784,12.6,1,0.562935,5004,2082,2922,0.416067,35.064,14.0852,12,83.3333,35.592
LSTM-P,learned,123,33,600,10,1,10,val,1,0.507831,0.25,0.15,2966,1957,0.659811,2785,1057,0.379533,12.5688,11,0.8,0.5318,4289,1961,2328,0.457216,27.936,13.43,12,83.3333,35.592
LSTM-P,learned,123,33,600,10,1,10,val,1,0.526289,0.25,0.15,2966,1836,0.619016,2785,900,0.32316,11.5282,9.5,0.6,0.502001,3578,1841,1737,0.514533,20.844,12.7645,11,83.3333,35.592
LSTM-P,learned,123,33,600,10,1,10,val,1,0.549849,0.25,0.15,2966,1663,0.560688,2785,735,0.263914,10.558,7.8,0.3,0.477551,2839,1669,1170,0.587883,14.04,12.2966,10,83.3333,35.592
LSTM-P,learned,123,33,600,10,1,10,val,1,0.579799,0.25,0.15,2966,1443,0.486514,2785,581,0.208618,9.72529,6.9,0.1,0.46135,2184,1451,733,0.664377,8.796,11.7217,9,83.3333,35.592
LSTM-P,learned,123,33,600,10,1,10,val,1,0.614515,0.25,0.15,2966,1158,0.390425,2785,444,0.159425,9.16762,6.6,0.1,0.466212,1594,1164,430,0.730238,5.16,10.486,8,83.3333,35.592
LSTM-P,learned,123,33,600,10,1,10,val,1,0.648356,0.25,0.15,2966,896,0.30209,2785,302,0.108438,8.30458,5.8,0.1,0.46308,1136,901,235,0.793134,2.82,9.37447,8,83.3333,35.592
LSTM-P,learned,123,33,600,10,1,10,val,1,0.686645,0.25,0.15,2966,621,0.209373,2785,166,0.059605,7.2153,4.7,0.2,0.461105,726,624,102,0.859504,1.224,8.33333,6.5,83.3333,35.592
LSTM-P,learned,123,33,600,10,1,10,val,1,0.731857,0.25,0.15,2966,371,0.125084,2785,64,0.0229803,5.5407,3.1,0.1,0.447178,402,372,30,0.925373,0.36,8.26667,6,83.3333,35.592
LSTM-P,learned,123,33,600,10,1,10,val,1,0.802611,0.25,0.15,2966,108,0.0364127,2785,7,0.00251346,3.22222,1.95,0,0.499905,115,108,7,0.93913,0.084,8,6,83.3333,35.592
LSTM-P,learned,456,33,600,10,1,10,test,1,0.1552,1,0,3530,3520,0.997167,3389,3375,0.995869,27.3669,29.4,21.3,0.98854,92278,3787,88491,0.041039,1061.89,8.69027,3,83.3333,42.36
LSTM-P,learned,456,33,600,10,1,10,test,1,0.2574,1,0,3530,3500,0.991501,3389,3343,0.986427,26.8236,29.3,18.5,0.969927,57095,4256,52839,0.0745424,634.068,8.312,3,83.3333,42.36
LSTM-P,learned,456,33,600,10,1,10,test,1,0.317147,1,0,3530,3472,0.983569,3389,3286,0.969608,26.198,29.2,16.3,0.948573,46961,4678,42283,0.0996146,507.396,7.65887,3,83.3333,42.36
LSTM-P,learned,456,33,600,10,1,10,test,1,0.354667,1,0,3530,3433,0.972521,3389,3215,0.948657,25.599,29.1,14.1,0.928589,41614,5065,36549,0.121714,438.588,7.08463,3,83.3333,42.36
LSTM-P,learned,456,33,600,10,1,10,test,1,0.381118,1,0,3530,3388,0.959773,3389,3129,0.923281,24.9011,28.75,12.37,0.905478,38212,5284,32928,0.138281,395.136,6.51685,3,83.3333,42.36
LSTM-P,learned,456,33,600,10,1,10,test,1,0.402108,1,0,3530,3345,0.947592,3389,3053,0.900856,24.2386,27.7,11.2,0.883349,35326,5478,29848,0.15507,358.176,6.00821,3,83.3333,42.36
LSTM-P,learned,456,33,600,10,1,10,test,1,0.419474,1,0,3530,3292,0.932578,3389,2963,0.874299,23.5307,26.5,10,0.859612,32964,5575,27389,0.169124,328.668,5.49297,3,83.3333,42.36
LSTM-P,learned,456,33,600,10,1,10,test,1,0.435094,1,0,3530,3245,0.919263,3389,2880,0.849808,22.8162,25.5,8.9,0.835937,30603,5659,24944,0.184917,299.328,5.02939,3,83.3333,42.36
LSTM-P,learned,456,33,600,10,1,10,test,1,0.449468,1,0,3530,3197,0.905666,3389,2788,0.822662,21.9971,24.4,7.7,0.808142,28426,5751,22675,0.202315,272.1,4.54977,2,83.3333,42.36
LSTM-P,learned,456,33,600,10,1,10,test,1,0.463073,1,0,3530,3130,0.886686,3389,2662,0.785482,21.1364,23.3,6.1,0.779357,26171,5811,20360,0.22204,244.32,4.11916,2,83.3333,42.36
LSTM-P,learned,456,33,600,10,1,10,test,1,0.476633,1,0,3530,3078,0.871955,3389,2547,0.751549,20.184,22.4,5.07,0.746835,23823,5863,17960,0.246107,215.52,3.73424,2,83.3333,42.36
LSTM-P,learned,456,33,600,10,1,10,test,1,0.491289,1,0,3530,2999,0.849575,3389,2393,0.706108,18.9413,21.3,4.08,0.705588,21385,5750,15635,0.26888,187.62,3.31391,2,83.3333,42.36
LSTM-P,learned,456,33,600,10,1,10,test,1,0.493132,1,0,3530,2992,0.847592,3389,2381,0.702567,18.8163,21.2,4,0.701423,21052,5720,15332,0.271708,183.984,3.26631,2,83.3333,42.36
LSTM-P,learned,456,33,600,10,1,10,test,1,0.506827,1,0,3530,2891,0.81898,3389,2186,0.645028,17.5671,20.2,3,0.659884,18785,5550,13235,0.295448,158.82,2.91825,2,83.3333,42.36
LSTM-P,learned,456,33,600,10,1,10,test,1,0.524111,1,0,3530,2763,0.78272,3389,1932,0.57008,16.0187,16.8,2.3,0.609115,15967,5363,10604,0.33588,127.248,2.62844,1.5,83.3333,42.36
LSTM-P,learned,456,33,600,10,1,10,test,1,0.546108,1,0,3530,2578,0.730312,3389,1585,0.46769,14.259,12.7,1.6,0.552441,13043,5056,7987,0.387641,95.844,2.31852,1,83.3333,42.36
LSTM-P,learned,456,33,600,10,1,10,test,1,0.571406,1,0,3530,2413,0.683569,3389,1285,0.379168,12.6097,10.6,1.2,0.498157,10449,4809,5640,0.460235,67.68,2.08918,1,83.3333,42.36
LSTM-P,learned,456,33,600,10,1,10,test,1,0.601815,1,0,3530,2222,0.629462,3389,986,0.290941,10.972,8.45,0.8,0.445077,8187,4473,3714,0.546354,44.568,1.89015,1,83.3333,42.36
LSTM-P,learned,456,33,600,10,1,10,test,1,0.634767,1,0,3530,2023,0.573088,3389,778,0.229566,9.68952,6.3,0.5,0.404179,6466,4091,2375,0.632694,28.5,1.68126,1,83.3333,42.36
LSTM-P,learned,456,33,600,10,1,10,test,1,0.670473,1,0,3530,1739,0.492635,3389,541,0.159634,8.07039,4.4,0.3,0.351398,4629,3350,1279,0.723698,15.348,1.53948,1,83.3333,42.36
LSTM-P,learned,456,33,600,10,1,10,test,1,0.713729,1,0,3530,1306,0.369972,3389,293,0.0864562,6.24326,3,0.1,0.291927,2748,2225,523,0.80968,6.276,1.41491,1,83.3333,42.36
LSTM-P,learned,456,33,600,10,1,10,test,1,0.781574,1,0,3530,475,0.134561,3389,49,0.0144585,3.71979,1.6,0,0.224815,776,698,78,0.899485,0.936,1.32051,1,83.3333,42.36
LSTM-P,learned,456,33,600,10,1,10,val,1,0.1552,1,0,2966,2961,0.998314,2785,2779,0.997846,26.669,29.4,17.5,0.986943,81451,3228,78223,0.0396312,938.676,8.39587,3,83.3333,35.592
LSTM-P,learned,456,33,600,10,1,10,val,1,0.2574,1,0,2966,2944,0.992583,2785,2741,0.984201,25.9905,29.3,14.1,0.963723,49426,3586,45840,0.0725529,550.08,7.99555,3,83.3333,35.592
LSTM-P,learned,456,33,600,10,1,10,val,1,0.317147,1,0,2966,2922,0.985165,2785,2679,0.961939,25.2871,29.2,11.6,0.939088,39914,3898,36016,0.09766,432.192,7.41754,3,83.3333,35.592
LSTM-P,learned,456,33,600,10,1,10,val,1,0.354667,1,0,2966,2890,0.974376,2785,2619,0.940395,24.6746,29.1,10.5,0.918668,35254,4243,31011,0.120355,372.132,6.82306,3,83.3333,35.592
LSTM-P,learned,456,33,600,10,1,10,val,1,0.381118,1,0,2966,2858,0.963587,2785,2553,0.916697,24.0422,28.2,9.4,0.897354,31801,4422,27379,0.139052,328.548,6.33409,3,83.3333,35.592
LSTM-P,learned,456,33,600,10,1,10,val,1,0.402108,1,0,2966,2824,0.952124,2785,2479,0.890126,23.337,27.1,8.4,0.873833,29110,4579,24531,0.1573,294.372,5.88125,3,83.3333,35.592
LSTM-P,learned,456,33,600,10,1,10,val,1,0.419474,1,0,2966,2780,0.937289,2785,2400,0.861759,22.5896,26.1,7.4,0.848987,26835,4679,22156,0.174362,265.872,5.43925,3,83.3333,35.592
LSTM-P,learned,456,33,600,10,1,10,val,1,0.435094,1,0,2966,2742,0.924477,2785,2331,0.836984,21.894,25.1,6.51,0.825599,24957,4804,20153,0.192491,241.836,4.95762,2,83.3333,35.592
LSTM-P,learned,456,33,600,10,1,10,val,1,0.449468,1,0,2966,2696,0.908968,2785,2251,0.808259,21.0436,23.9,5.6,0.797404,23015,4800,18215,0.20856,218.58,4.5031,2,83.3333,35.592
LSTM-P,learned,456,33,600,10,1,10,val,1,0.463073,1,0,2966,2635,0.888402,2785,2150,0.771993,20.1569,22.8,4.8,0.767809,21080,4813,16267,0.228321,195.204,4.11127,2,83.3333,35.592
LSTM-P,learned,456,33,600,10,1,10,val,1,0.476633,1,0,2966,2573,0.867498,2785,2042,0.733214,19.1884,21.9,4,0.736158,19172,4762,14410,0.248383,172.92,3.71076,2,83.3333,35.592
LSTM-P,learned,456,33,600,10,1,10,val,1,0.491289,1,0,2966,2508,0.845583,2785,1894,0.680072,18.0468,20.9,3.4,0.69877,17090,4679,12411,0.273786,148.932,3.32576,2,83.3333,35.592
LSTM-P,learned,456,33,600,10,1,10,val,1,0.493132,1,0,2966,2496,0.841537,2785,1876,0.673609,17.9067,20.8,3.3,0.694256,16800,4651,12149,0.276845,145.788,3.28282,2,83.3333,35.592
LSTM-P,learned,456,33,600,10,1,10,val,1,0.506827,1,0,2966,2413,0.813554,2785,1726,0.619749,16.7518,19.6,2.7,0.656788,14981,4569,10412,0.304986,124.944,2.97849,2,83.3333,35.592
LSTM-P,learned,456,33,600,10,1,10,val,1,0.524111,1,0,2966,2303,0.776467,2785,1528,0.548654,15.3419,15.3,2.12,0.612026,12787,4374,8413,0.342066,100.956,2.66754,1,83.3333,35.592
LSTM-P,learned,456,33,600,10,1,10,val,1,0.546108,1,0,2966,2167,0.730614,2785,1272,0.456732,13.6751,11.8,1.6,0.558583,10559,4131,6428,0.39123,77.136,2.33556,1,83.3333,35.592
LSTM-P,learned,456,33,600,10,1,10,val,1,0.571406,1,0,2966,2032,0.685098,2785,1012,0.363375,12.0386,9.85,1.1,0.505188,8601,3948,4653,0.459016,55.836,2.11949,1,83.3333,35.592
LSTM-P,learned,456,33,600,10,1,10,val,1,0.601815,1,0,2966,1884,0.635199,2785,799,0.286894,10.6733,7.6,0.8,0.460601,6918,3733,3185,0.539607,38.22,1.91994,1,83.3333,35.592
LSTM-P,learned,456,33,600,10,1,10,val,1,0.634767,1,0,2966,1741,0.586986,2785,660,0.236984,9.61717,6,0.5,0.425328,5466,3442,2024,0.629711,24.288,1.75741,1,83.3333,35.592
LSTM-P,learned,456,33,600,10,1,10,val,1,0.670473,1,0,2966,1509,0.508766,2785,467,0.167684,7.99483,4.4,0.28,0.370601,3986,2897,1089,0.726794,13.068,1.60514,1,83.3333,35.592
LSTM-P,learned,456,33,600,10,1,10,val,1,0.713729,1,0,2966,1139,0.384019,2785,257,0.0922801,6.19482,3.2,0,0.315644,2449,1994,455,0.81421,5.46,1.45275,1,83.3333,35.592
LSTM-P,learned,456,33,600,10,1,10,val,1,0.781574,1,0,2966,494,0.166554,2785,55,0.0197487,4.07915,1.65,0,0.268538,877,793,84,0.904219,1.008,1.39286,1,83.3333,35.592
LSTM-P,learned,456,33,600,10,1,10,test,1,0.1552,1,0.15,3530,3525,0.998584,3389,3380,0.997344,27.4348,29.4,21.7,0.990755,47835,3501,44334,0.0731891,532.008,30.1013,30,83.3333,42.36
LSTM-P,learned,456,33,600,10,1,10,test,1,0.2574,1,0.15,3530,3504,0.992635,3389,3348,0.987902,26.8908,29.4,18.76,0.972125,35516,3561,31955,0.100265,383.46,18.5126,16,83.3333,42.36
LSTM-P,learned,456,33,600,10,1,10,test,1,0.317147,1,0.15,3530,3480,0.985836,3389,3295,0.972263,26.3171,29.3,16.7,0.952458,29863,3626,26237,0.121421,314.844,16.2493,14,83.3333,42.36
LSTM-P,learned,456,33,600,10,1,10,test,1,0.354667,1,0.15,3530,3442,0.975071,3389,3225,0.951608,25.7246,29.2,14.2,0.932673,26279,3655,22624,0.139084,271.488,15.2698,13,83.3333,42.36
LSTM-P,learned,456,33,600,10,1,10,test,1,0.381118,1,0.15,3530,3409,0.965722,3389,3153,0.930363,25.0831,29.1,12.5,0.911245,23781,3649,20132,0.153442,241.584,14.5404,12,83.3333,42.36
LSTM-P,learned,456,33,600,10,1,10,test,1,0.402108,1,0.15,3530,3359,0.951558,3389,3070,0.905872,24.4338,28.2,11.3,0.889705,21675,3634,18041,0.167659,216.492,14.0614,12,83.3333,42.36
LSTM-P,learned,456,33,600,10,1,10,test,1,0.419474,1,0.15,3530,3307,0.936827,3389,2979,0.87902,23.7303,27,10.1,0.866096,19962,3603,16359,0.180493,196.308,13.5255,11,83.3333,42.36
LSTM-P,learned,456,33,600,10,1,10,test,1,0.435094,1,0.15,3530,3259,0.923229,3389,2896,0.854529,23.0333,25.9,9,0.843025,18384,3588,14796,0.19517,177.552,13.0152,10,83.3333,42.36
LSTM-P,learned,456,33,600,10,1,10,test,1,0.449468,1,0.15,3530,3215,0.910765,3389,2807,0.828268,22.227,24.7,7.7,0.815594,16900,3562,13338,0.210769,160.056,12.4491,10,83.3333,42.36
LSTM-P,learned,456,33,600,10,1,10,test,1,0.463073,1,0.15,3530,3152,0.892918,3389,2687,0.792859,21.4084,23.6,6.3,0.788149,15440,3503,11937,0.226878,143.244,11.9267,9,83.3333,42.36
LSTM-P,learned,456,33,600,10,1,10,test,1,0.476633,1,0.15,3530,3098,0.87762,3389,2570,0.758336,20.404,22.6,5.1,0.75389,14171,3463,10708,0.244372,128.496,11.2943,8,83.3333,42.36
LSTM-P,learned,456,33,600,10,1,10,test,1,0.491289,1,0.15,3530,3014,0.853824,3389,2411,0.711419,19.1605,21.4,4.1,0.712697,12796,3351,9445,0.261879,113.34,10.4944,7,83.3333,42.36
LSTM-P,learned,456,33,600,10,1,10,test,1,0.493132,1,0.15,3530,3007,0.851841,3389,2399,0.707878,19.031,21.3,4,0.708378,12593,3345,9248,0.265624,110.976,10.4378,7,83.3333,42.36
LSTM-P,learned,456,33,600,10,1,10,test,1,0.506827,1,0.15,3530,2904,0.822663,3389,2204,0.650339,17.7938,20.3,3,0.667269,11323,3233,8090,0.285525,97.08,9.76329,7,83.3333,42.36
LSTM-P,learned,456,33,600,10,1,10,test,1,0.524111,1,0.15,3530,2776,0.786402,3389,1948,0.574801,16.2195,17.15,2.3,0.615608,9736,3076,6660,0.315941,79.92,8.89249,6,83.3333,42.36
LSTM-P,learned,456,33,600,10,1,10,test,1,0.546108,1,0.15,3530,2584,0.732011,3389,1596,0.470935,14.4526,12.8,1.7,0.55884,8033,2862,5171,0.35628,62.052,7.87701,5,83.3333,42.36
LSTM-P,learned,456,33,600,10,1,10,test,1,0.571406,1,0.15,3530,2423,0.686402,3389,1299,0.383299,12.7915,10.6,1.2,0.504,6448,2672,3776,0.414392,45.312,7.00821,4,83.3333,42.36
LSTM-P,learned,456,33,600,10,1,10,test,1,0.601815,1,0.15,3530,2231,0.632011,3389,999,0.294777,11.1312,8.6,0.8,0.450156,5080,2475,2605,0.487205,31.26,5.97735,4,83.3333,42.36
LSTM-P,learned,456,33,600,10,1,10,test,1,0.634767,1,0.15,3530,2028,0.574504,3389,784,0.231337,9.7715,6.3,0.5,0.406765,4055,2296,1759,0.566215,21.108,4.92382,3,83.3333,42.36
LSTM-P,learned,456,33,600,10,1,10,test,1,0.670473,1,0.15,3530,1743,0.493768,3389,545,0.160814,8.12433,4.4,0.3,0.353022,2991,1982,1009,0.662655,12.108,4.13776,3,83.3333,42.36
LSTM-P,learned,456,33,600,10,1,10,test,1,0.713729,1,0.15,3530,1307,0.370255,3389,294,0.0867513,6.26817,3,0.1,0.292706,1883,1455,428,0.772703,5.136,3.48598,2,83.3333,42.36
LSTM-P,learned,456,33,600,10,1,10,test,1,0.781574,1,0.15,3530,475,0.134561,3389,49,0.0144585,3.71979,1.6,0,0.224815,567,499,68,0.880071,0.816,2.97059,2,83.3333,42.36
LSTM-P,learned,456,33,600,10,1,10,val,1,0.1552,1,0.15,2966,2963,0.998989,2785,2781,0.998564,26.7352,29.4,17.62,0.98914,42047,2948,39099,0.070112,469.188,30.2709,30,83.3333,35.592
LSTM-P,learned,456,33,600,10,1,10,val,1,0.2574,1,0.15,2966,2947,0.993594,2785,2746,0.985996,26.0674,29.3,14.2,0.966253,30906,3009,27897,0.0973597,334.764,17.9614,15,83.3333,35.592
LSTM-P,learned,456,33,600,10,1,10,val,1,0.317147,1,0.15,2966,2926,0.986514,2785,2684,0.963734,25.4167,29.2,11.75,0.943345,25554,3062,22492,0.119825,269.904,15.7446,13,83.3333,35.592
LSTM-P,learned,456,33,600,10,1,10,val,1,0.354667,1,0.15,2966,2898,0.977073,2785,2627,0.943268,24.7961,29.1,10.57,0.922535,22304,3078,19226,0.138002,230.712,14.7835,12,83.3333,35.592
LSTM-P,learned,456,33,600,10,1,10,val,1,0.381118,1,0.15,2966,2868,0.966959,2785,2564,0.920646,24.2002,28.6,9.47,0.902384,19969,3075,16894,0.153989,202.728,14.1808,11,83.3333,35.592
LSTM-P,learned,456,33,600,10,1,10,val,1,0.402108,1,0.15,2966,2833,0.955158,2785,2488,0.893357,23.4768,27.4,8.4,0.878295,18077,3055,15022,0.168999,180.264,13.6362,11,83.3333,35.592
LSTM-P,learned,456,33,600,10,1,10,val,1,0.419474,1,0.15,2966,2792,0.941335,2785,2413,0.866427,22.7345,26.3,7.41,0.853542,16541,3028,13513,0.18306,162.156,13.1307,10,83.3333,35.592
LSTM-P,learned,456,33,600,10,1,10,val,1,0.435094,1,0.15,2966,2752,0.927849,2785,2343,0.841293,22.054,25.3,6.6,0.830729,15166,3010,12156,0.19847,145.872,12.6162,10,83.3333,35.592
LSTM-P,learned,456,33,600,10,1,10,val,1,0.449468,1,0.15,2966,2707,0.912677,2785,2266,0.813645,21.2442,24.1,5.6,0.803865,13871,2967,10904,0.2139,130.848,12.0825,9,83.3333,35.592
LSTM-P,learned,456,33,600,10,1,10,val,1,0.463073,1,0.15,2966,2646,0.892111,2785,2164,0.77702,20.3814,23,4.8,0.775079,12678,2916,9762,0.230005,117.144,11.5602,9,83.3333,35.592
LSTM-P,learned,456,33,600,10,1,10,val,1,0.476633,1,0.15,2966,2585,0.871544,2785,2057,0.7386,19.3891,22,4,0.742573,11511,2858,8653,0.248284,103.836,11.0634,8,83.3333,35.592
LSTM-P,learned,456,33,600,10,1,10,val,1,0.491289,1,0.15,2966,2519,0.849292,2785,1906,0.684381,18.2199,21,3.4,0.704257,10306,2796,7510,0.271298,90.12,10.445,7,83.3333,35.592
LSTM-P,learned,456,33,600,10,1,10,val,1,0.493132,1,0.15,2966,2506,0.844909,2785,1887,0.677558,18.0702,20.9,3.3,0.699449,10168,2781,7387,0.273505,88.644,10.3472,7,83.3333,35.592
LSTM-P,learned,456,33,600,10,1,10,val,1,0.506827,1,0.15,2966,2423,0.816925,2785,1739,0.624417,16.9081,19.7,2.7,0.661723,9089,2683,6406,0.295192,76.872,9.77053,7,83.3333,35.592
LSTM-P,learned,456,33,600,10,1,10,val,1,0.524111,1,0.15,2966,2308,0.778152,2785,1537,0.551885,15.4846,15.5,2.2,0.616654,7841,2560,5281,0.326489,63.372,8.9519,6,83.3333,35.592
LSTM-P,learned,456,33,600,10,1,10,val,1,0.546108,1,0.15,2966,2171,0.731962,2785,1281,0.459964,13.8364,11.9,1.6,0.563872,6496,2392,4104,0.368227,49.248,7.89376,5,83.3333,35.592
LSTM-P,learned,456,33,600,10,1,10,val,1,0.571406,1,0.15,2966,2037,0.686784,2785,1021,0.366607,12.1839,10,1.1,0.509879,5329,2261,3068,0.424282,36.816,7.00098,4,83.3333,35.592
LSTM-P,learned,456,33,600,10,1,10,val,1,0.601815,1,0.15,2966,1890,0.637222,2785,805,0.289048,10.7747,7.6,0.8,0.463735,4275,2095,2180,0.490058,26.16,5.96972,4,83.3333,35.592
LSTM-P,learned,456,33,600,10,1,10,val,1,0.634767,1,0.15,2966,1745,0.588334,2785,664,0.23842,9.70011,6,0.5,0.427927,3416,1950,1466,0.570843,17.592,5.23465,3,83.3333,35.592
LSTM-P,learned,456,33,600,10,1,10,val,1,0.670473,1,0.15,2966,1511,0.50944,2785,469,0.168402,8.03891,4.4,0.3,0.371965,2540,1697,843,0.66811,10.116,4.28588,3,83.3333,35.592
LSTM-P,learned,456,33,600,10,1,10,val,1,0.713729,1,0.15,2966,1139,0.384019,2785,257,0.0922801,6.1957,3.2,0,0.315674,1644,1274,370,0.774939,4.44,3.73243,3,83.3333,35.592
LSTM-P,learned,456,33,600,10,1,10,val,1,0.781574,1,0.15,2966,494,0.166554,2785,55,0.0197487,4.07915,1.65,0,0.268538,605,538,67,0.889256,0.804,3.29851,2,83.3333,35.592
LSTM-P,learned,456,33,600,10,1,10,test,1,0.1552,0.5,0,3530,3518,0.996601,3389,3371,0.994689,27.3204,29.4,21,0.986896,58795,3600,55195,0.0612297,662.34,13.7062,8,83.3333,42.36
LSTM-P,learned,456,33,600,10,1,10,test,1,0.2574,0.5,0,3530,3493,0.989518,3389,3330,0.982591,26.6407,29.3,18.3,0.963688,38107,3806,34301,0.0998767,411.612,12.3893,8,83.3333,42.36
LSTM-P,learned,456,33,600,10,1,10,test,1,0.317147,0.5,0,3530,3446,0.976204,3389,3244,0.957215,25.8268,29.1,15.2,0.936389,31341,4014,27327,0.128075,327.924,11.2607,7,83.3333,42.36
LSTM-P,learned,456,33,600,10,1,10,test,1,0.354667,0.5,0,3530,3401,0.963456,3389,3150,0.929478,24.9749,28.5,12.7,0.907661,27579,4233,23346,0.153486,280.152,10.394,7,83.3333,42.36
LSTM-P,learned,456,33,600,10,1,10,test,1,0.381118,0.5,0,3530,3326,0.94221,3389,3028,0.893479,24.1326,27.5,11,0.880052,25319,4352,20967,0.171887,251.604,9.48648,6,83.3333,42.36
LSTM-P,learned,456,33,600,10,1,10,test,1,0.402108,0.5,0,3530,3271,0.926629,3389,2925,0.863086,23.3017,26.3,9.6,0.852435,23460,4448,19012,0.189599,228.144,8.64517,5,83.3333,42.36
LSTM-P,learned,456,33,600,10,1,10,test,1,0.419474,0.5,0,3530,3222,0.912748,3389,2832,0.835645,22.4679,25.3,8.1,0.824287,21782,4492,17290,0.206225,207.48,7.90717,5,83.3333,42.36
LSTM-P,learned,456,33,600,10,1,10,test,1,0.435094,0.5,0,3530,3149,0.892068,3389,2703,0.79758,21.606,24.1,6.7,0.795873,19998,4449,15549,0.222472,186.588,7.23005,4,83.3333,42.36
LSTM-P,learned,456,33,600,10,1,10,test,1,0.449468,0.5,0,3530,3079,0.872238,3389,2587,0.763352,20.6726,23,5.3,0.764547,18261,4434,13827,0.242813,165.924,6.6172,4,83.3333,42.36
LSTM-P,learned,456,33,600,10,1,10,test,1,0.463073,0.5,0,3530,3010,0.852691,3389,2450,0.722927,19.6165,22.05,4.2,0.729297,16521,4382,12139,0.265238,145.668,6.05305,4,83.3333,42.36
LSTM-P,learned,456,33,600,10,1,10,test,1,0.476633,0.5,0,3530,2927,0.829178,3389,2295,0.677191,18.438,21.1,3.1,0.689797,14696,4285,10411,0.291576,124.932,5.56037,4,83.3333,42.36
LSTM-P,learned,456,33,600,10,1,10,test,1,0.491289,0.5,0,3530,2828,0.801133,3389,2080,0.61375,17.0731,19.8,2.5,0.644926,12722,4126,8596,0.32432,103.152,5.07399,3,83.3333,42.36
LSTM-P,learned,456,33,600,10,1,10,test,1,0.493132,0.5,0,3530,2812,0.796601,3389,2049,0.604603,16.8867,19.7,2.4,0.638851,12469,4098,8371,0.328655,100.452,5.02091,3,83.3333,42.36
LSTM-P,learned,456,33,600,10,1,10,test,1,0.506827,0.5,0,3530,2685,0.760623,3389,1821,0.537327,15.4829,16.2,1.9,0.592866,10769,3865,6904,0.358901,82.848,4.58415,3,83.3333,42.36
LSTM-P,learned,456,33,600,10,1,10,test,1,0.524111,0.5,0,3530,2531,0.716997,3389,1537,0.453526,13.9391,12.6,1.3,0.543284,8789,3578,5211,0.4071,62.532,4.1635,3,83.3333,42.36
LSTM-P,learned,456,33,600,10,1,10,test,1,0.546108,0.5,0,3530,2335,0.661473,3389,1222,0.360578,12.2313,10.4,0.9,0.488926,6955,3295,3660,0.47376,43.92,3.76093,2,83.3333,42.36
LSTM-P,learned,456,33,600,10,1,10,test,1,0.571406,0.5,0,3530,2136,0.605099,3389,948,0.279729,10.6661,8.6,0.5,0.438427,5425,3052,2373,0.562581,28.476,3.40539,2,83.3333,42.36
LSTM-P,learned,456,33,600,10,1,10,test,1,0.601815,0.5,0,3530,1880,0.532578,3389,703,0.207436,9.24069,6.3,0.2,0.396635,4106,2712,1394,0.660497,16.728,3.12984,2,83.3333,42.36
LSTM-P,learned,456,33,600,10,1,10,test,1,0.634767,0.5,0,3530,1592,0.450992,3389,502,0.148126,7.96256,4.8,0.01,0.359617,3055,2316,739,0.758101,8.868,2.79026,2,83.3333,42.36
LSTM-P,learned,456,33,600,10,1,10,test,1,0.670473,0.5,0,3530,1174,0.332578,3389,295,0.0870463,6.66678,3.55,0,0.327395,1971,1657,314,0.84069,3.768,2.55732,2,83.3333,42.36
LSTM-P,learned,456,33,600,10,1,10,test,1,0.713729,0.5,0,3530,660,0.186969,3389,112,0.0330481,5.21788,2.3,0,0.300794,1020,917,103,0.89902,1.236,2.4466,2,83.3333,42.36
LSTM-P,learned,456,33,600,10,1,10,test,1,0.781574,0.5,0,3530,185,0.0524079,3389,17,0.00501623,3.32811,1.3,0,0.277374,248,233,15,0.939516,0.18,1.73333,1,83.3333,42.36
LSTM-P,learned,456,33,600,10,1,10,val,1,0.1552,0.5,0,2966,2959,0.99764,2785,2775,0.996409,26.5993,29.4,16.8,0.984574,51797,3031,48766,0.0585169,585.192,13.2526,7,83.3333,35.592
LSTM-P,learned,456,33,600,10,1,10,val,1,0.2574,0.5,0,2966,2931,0.9882,2785,2719,0.976302,25.795,29.3,13.4,0.957073,32880,3221,29659,0.0979623,355.908,11.9405,7,83.3333,35.592
LSTM-P,learned,456,33,600,10,1,10,val,1,0.317147,0.5,0,2966,2896,0.976399,2785,2634,0.945781,24.9022,29.1,10.8,0.926588,26552,3390,23162,0.127674,277.944,10.9387,7,83.3333,35.592
LSTM-P,learned,456,33,600,10,1,10,val,1,0.354667,0.5,0,2966,2862,0.964936,2785,2557,0.918133,24.0875,28,9.4,0.899054,23453,3537,19916,0.150812,238.992,9.91228,6,83.3333,35.592
LSTM-P,learned,456,33,600,10,1,10,val,1,0.381118,0.5,0,2966,2813,0.948415,2785,2469,0.886535,23.2367,26.9,8.12,0.870649,20998,3638,17360,0.173255,208.32,9.20853,6,83.3333,35.592
LSTM-P,learned,456,33,600,10,1,10,val,1,0.402108,0.5,0,2966,2758,0.929872,2785,2372,0.851706,22.3734,25.9,6.9,0.842314,19007,3688,15319,0.194034,183.828,8.57752,5,83.3333,35.592
LSTM-P,learned,456,33,600,10,1,10,val,1,0.419474,0.5,0,2966,2703,0.911328,2785,2276,0.817235,21.5716,24.8,5.82,0.816003,17486,3733,13753,0.213485,165.036,7.9326,5,83.3333,35.592
LSTM-P,learned,456,33,600,10,1,10,val,1,0.435094,0.5,0,2966,2649,0.893122,2785,2179,0.782406,20.7046,23.7,4.8,0.787156,16114,3745,12369,0.232407,148.428,7.24941,4,83.3333,35.592
LSTM-P,learned,456,33,600,10,1,10,val,1,0.449468,0.5,0,2966,2582,0.870533,2785,2066,0.741831,19.7266,22.7,3.8,0.755198,14637,3697,10940,0.252579,131.28,6.6659,4,83.3333,35.592
LSTM-P,learned,456,33,600,10,1,10,val,1,0.463073,0.5,0,2966,2507,0.845246,2785,1948,0.699461,18.7793,21.6,3.4,0.724326,13197,3641,9556,0.275896,114.672,6.14954,4,83.3333,35.592
LSTM-P,learned,456,33,600,10,1,10,val,1,0.476633,0.5,0,2966,2419,0.815577,2785,1786,0.641293,17.591,20.6,2.7,0.685741,11722,3514,8208,0.299778,98.496,5.63268,3,83.3333,35.592
LSTM-P,learned,456,33,600,10,1,10,val,1,0.491289,0.5,0,2966,2323,0.78321,2785,1617,0.58061,16.2988,19.2,2.2,0.644272,10149,3381,6768,0.333136,81.216,5.14539,3,83.3333,35.592
LSTM-P,learned,456,33,600,10,1,10,val,1,0.493132,0.5,0,2966,2304,0.776804,2785,1584,0.568761,16.1081,18.7,2.1,0.638346,9917,3325,6592,0.335283,79.104,5.09542,3,83.3333,35.592
LSTM-P,learned,456,33,600,10,1,10,val,1,0.506827,0.5,0,2966,2211,0.745448,2785,1413,0.507361,14.8214,14.6,1.7,0.596284,8612,3142,5470,0.36484,65.64,4.66563,3,83.3333,35.592
LSTM-P,learned,456,33,600,10,1,10,val,1,0.524111,0.5,0,2966,2083,0.702293,2785,1191,0.427648,13.3339,11.7,1.3,0.550366,7014,2918,4096,0.416025,49.152,4.35767,3,83.3333,35.592
LSTM-P,learned,456,33,600,10,1,10,val,1,0.546108,0.5,0,2966,1962,0.661497,2785,966,0.346858,11.7612,9.8,0.81,0.499915,5647,2731,2916,0.48362,34.992,3.90706,2,83.3333,35.592
LSTM-P,learned,456,33,600,10,1,10,val,1,0.571406,0.5,0,2966,1803,0.607889,2785,768,0.275763,10.4311,7.6,0.5,0.457459,4545,2547,1998,0.560396,23.976,3.53253,2,83.3333,35.592
LSTM-P,learned,456,33,600,10,1,10,val,1,0.601815,0.5,0,2966,1628,0.548887,2785,610,0.219031,9.27819,6.1,0.3,0.422191,3607,2346,1261,0.650402,15.132,3.09675,2,83.3333,35.592
LSTM-P,learned,456,33,600,10,1,10,val,1,0.634767,0.5,0,2966,1352,0.455833,2785,428,0.15368,7.81109,4.55,0.1,0.38276,2595,1932,663,0.744509,7.956,2.8371,2,83.3333,35.592
LSTM-P,learned,456,33,600,10,1,10,val,1,0.670473,0.5,0,2966,1033,0.348281,2785,266,0.0955117,6.812,3.8,0,0.360031,1768,1479,289,0.836538,3.468,2.609,2,83.3333,35.592
LSTM-P,learned,456,33,600,10,1,10,val,1,0.713729,0.5,0,2966,622,0.20971,2785,113,0.0405745,5.54871,3.1,0,0.346423,958,870,88,0.908142,1.056,2.57955,2,83.3333,35.592
LSTM-P,learned,456,33,600,10,1,10,val,1,0.781574,0.5,0,2966,217,0.0731625,2785,15,0.005386,3.36037,1.5,0,0.311328,321,302,19,0.94081,0.228,2.26316,2,83.3333,35.592
LSTM-P,learned,456,33,600,10,1,10,test,1,0.1552,0.5,0.15,3530,3522,0.997734,3389,3375,0.995869,27.3806,29.4,21.31,0.988876,40289,3498,36791,0.0868227,441.492,33.6552,34,83.3333,42.36
LSTM-P,learned,456,33,600,10,1,10,test,1,0.2574,0.5,0.15,3530,3497,0.990652,3389,3335,0.984066,26.7129,29.3,18.4,0.966067,27986,3488,24498,0.124634,293.976,23.2297,22,83.3333,42.36
LSTM-P,learned,456,33,600,10,1,10,test,1,0.317147,0.5,0.15,3530,3451,0.97762,3389,3250,0.958985,25.9163,29.2,15.5,0.939335,23081,3466,19615,0.150167,235.38,20.5526,20,83.3333,42.36
LSTM-P,learned,456,33,600,10,1,10,test,1,0.354667,0.5,0.15,3530,3410,0.966006,3389,3159,0.932133,25.0811,28.8,12.8,0.911085,20141,3444,16697,0.170994,200.364,19.2144,18,83.3333,42.36
LSTM-P,learned,456,33,600,10,1,10,test,1,0.381118,0.5,0.15,3530,3345,0.947592,3389,3049,0.899675,24.2963,27.8,11.1,0.885208,18117,3405,14712,0.187945,176.544,18.2639,17,83.3333,42.36
LSTM-P,learned,456,33,600,10,1,10,test,1,0.402108,0.5,0.15,3530,3290,0.932011,3389,2947,0.869578,23.4849,26.6,9.6,0.858254,16432,3355,13077,0.204175,156.924,17.4688,16,83.3333,42.36
LSTM-P,learned,456,33,600,10,1,10,test,1,0.419474,0.5,0.15,3530,3242,0.918414,3389,2856,0.842726,22.6579,25.5,8.3,0.830312,15128,3323,11805,0.219659,141.66,16.6584,15,83.3333,42.36
LSTM-P,learned,456,33,600,10,1,10,test,1,0.435094,0.5,0.15,3530,3170,0.898017,3389,2728,0.804957,21.795,24.35,6.9,0.801845,13820,3255,10565,0.235528,126.78,15.9188,15,83.3333,42.36
LSTM-P,learned,456,33,600,10,1,10,test,1,0.449468,0.5,0.15,3530,3100,0.878187,3389,2611,0.770434,20.8699,23.2,5.4,0.770808,12529,3193,9336,0.254849,112.032,15.2685,14,83.3333,42.36
LSTM-P,learned,456,33,600,10,1,10,test,1,0.463073,0.5,0.15,3530,3029,0.858074,3389,2473,0.729714,19.8055,22.2,4.38,0.735275,11318,3118,8200,0.27549,98.4,14.6655,13,83.3333,42.36
LSTM-P,learned,456,33,600,10,1,10,test,1,0.476633,0.5,0.15,3530,2940,0.832861,3389,2312,0.682207,18.6159,21.2,3.1,0.69552,10082,3022,7060,0.299742,84.72,13.9754,12,83.3333,42.36
LSTM-P,learned,456,33,600,10,1,10,test,1,0.491289,0.5,0.15,3530,2836,0.803399,3389,2092,0.617291,17.2365,20,2.5,0.650261,8802,2914,5888,0.331061,70.656,13.2023,11,83.3333,42.36
LSTM-P,learned,456,33,600,10,1,10,test,1,0.493132,0.5,0.15,3530,2820,0.798867,3389,2061,0.608144,17.0448,19.7,2.4,0.644006,8638,2895,5743,0.335147,68.916,13.1017,11,83.3333,42.36
LSTM-P,learned,456,33,600,10,1,10,test,1,0.506827,0.5,0.15,3530,2693,0.76289,3389,1832,0.540572,15.6254,16.4,2,0.597478,7512,2770,4742,0.368743,56.904,12.3596,10,83.3333,42.36
LSTM-P,learned,456,33,600,10,1,10,test,1,0.524111,0.5,0.15,3530,2541,0.71983,3389,1548,0.456772,14.0725,12.8,1.3,0.547508,6250,2607,3643,0.41712,43.716,11.3698,9,83.3333,42.36
LSTM-P,learned,456,33,600,10,1,10,test,1,0.546108,0.5,0.15,3530,2340,0.66289,3389,1231,0.363234,12.371,10.4,0.9,0.493469,5021,2395,2626,0.476997,31.512,10.3972,8,83.3333,42.36
LSTM-P,learned,456,33,600,10,1,10,test,1,0.571406,0.5,0.15,3530,2145,0.607649,3389,958,0.282679,10.7908,8.7,0.5,0.442309,3942,2196,1746,0.557078,20.952,9.46163,7,83.3333,42.36
LSTM-P,learned,456,33,600,10,1,10,test,1,0.601815,0.5,0.15,3530,1887,0.534561,3389,711,0.209796,9.35093,6.4,0.2,0.400036,2975,1928,1047,0.648067,12.564,8.72206,7,83.3333,42.36
LSTM-P,learned,456,33,600,10,1,10,test,1,0.634767,0.5,0.15,3530,1596,0.452125,3389,507,0.149602,8.03333,4.8,0.05,0.361767,2185,1626,559,0.744165,6.708,7.91234,6,83.3333,42.36
LSTM-P,learned,456,33,600,10,1,10,test,1,0.670473,0.5,0.15,3530,1174,0.332578,3389,295,0.0870463,6.66678,3.55,0,0.327395,1450,1196,254,0.824828,3.048,7.37008,6,83.3333,42.36
LSTM-P,learned,456,33,600,10,1,10,test,1,0.713729,0.5,0.15,3530,660,0.186969,3389,112,0.0330481,5.21788,2.3,0,0.300794,756,669,87,0.884921,1.044,6.12644,5,83.3333,42.36
LSTM-P,learned,456,33,600,10,1,10,test,1,0.781574,0.5,0.15,3530,185,0.0524079,3389,17,0.00501623,3.32811,1.3,0,0.277374,200,185,15,0.925,0.18,4.66667,4,83.3333,42.36
LSTM-P,learned,456,33,600,10,1,10,val,1,0.1552,0.5,0.15,2966,2963,0.998989,2785,2779,0.997846,26.6556,29.4,16.92,0.986372,35269,2947,32322,0.0835578,387.864,33.9618,35,83.3333,35.592
LSTM-P,learned,456,33,600,10,1,10,val,1,0.2574,0.5,0.15,2966,2935,0.989548,2785,2725,0.978456,25.8806,29.3,13.5,0.959854,24168,2933,21235,0.121359,254.82,22.7395,22,83.3333,35.592
LSTM-P,learned,456,33,600,10,1,10,val,1,0.317147,0.5,0.15,2966,2900,0.977748,2785,2640,0.947935,25.0282,29.1,10.9,0.930725,19676,2912,16764,0.147998,201.168,20.0427,19,83.3333,35.592
LSTM-P,learned,456,33,600,10,1,10,val,1,0.354667,0.5,0.15,2966,2868,0.966959,2785,2563,0.920287,24.1927,28.3,9.4,0.902428,17087,2905,14182,0.170012,170.184,18.6235,18,83.3333,35.592
LSTM-P,learned,456,33,600,10,1,10,val,1,0.381118,0.5,0.15,2966,2818,0.950101,2785,2475,0.888689,23.3154,27.1,8.17,0.873162,15199,2862,12337,0.188302,148.044,17.7581,17,83.3333,35.592
LSTM-P,learned,456,33,600,10,1,10,val,1,0.402108,0.5,0.15,2966,2766,0.932569,2785,2381,0.854937,22.4749,26.1,6.9,0.845499,13666,2825,10841,0.206717,130.092,17.0204,16,83.3333,35.592
LSTM-P,learned,456,33,600,10,1,10,val,1,0.419474,0.5,0.15,2966,2711,0.914026,2785,2285,0.820467,21.6729,24.9,5.9,0.81918,12391,2772,9619,0.223711,115.428,16.3866,15,83.3333,35.592
LSTM-P,learned,456,33,600,10,1,10,val,1,0.435094,0.5,0.15,2966,2658,0.896156,2785,2191,0.786715,20.8572,23.9,4.8,0.792029,11268,2722,8546,0.241569,102.552,15.7255,14,83.3333,35.592
LSTM-P,learned,456,33,600,10,1,10,val,1,0.449468,0.5,0.15,2966,2595,0.874916,2785,2082,0.747576,19.8982,22.8,3.84,0.760588,10168,2670,7498,0.262589,89.976,15.1311,14,83.3333,35.592
LSTM-P,learned,456,33,600,10,1,10,val,1,0.463073,0.5,0.15,2966,2523,0.850641,2785,1967,0.706284,18.9541,21.7,3.5,0.729705,9122,2593,6529,0.284258,78.348,14.5549,13,83.3333,35.592
LSTM-P,learned,456,33,600,10,1,10,val,1,0.476633,0.5,0.15,2966,2434,0.820634,2785,1803,0.647397,17.7421,20.7,2.7,0.690333,8097,2503,5594,0.309127,67.128,13.9614,12,83.3333,35.592
LSTM-P,learned,456,33,600,10,1,10,val,1,0.491289,0.5,0.15,2966,2333,0.786581,2785,1628,0.58456,16.4007,19.2,2.2,0.64734,7067,2391,4676,0.338333,56.112,13.1544,11,83.3333,35.592
LSTM-P,learned,456,33,600,10,1,10,val,1,0.493132,0.5,0.15,2966,2313,0.779838,2785,1594,0.572352,16.2088,18.9,2.12,0.641413,6925,2370,4555,0.342238,54.66,13.0902,11,83.3333,35.592
LSTM-P,learned,456,33,600,10,1,10,val,1,0.506827,0.5,0.15,2966,2217,0.747471,2785,1422,0.510592,14.9356,14.9,1.7,0.599903,6073,2268,3805,0.373456,45.66,12.2875,10,83.3333,35.592
LSTM-P,learned,456,33,600,10,1,10,val,1,0.524111,0.5,0.15,2966,2090,0.704653,2785,1203,0.431957,13.4736,11.7,1.3,0.554773,5038,2131,2907,0.422985,34.884,11.5101,9,83.3333,35.592
LSTM-P,learned,456,33,600,10,1,10,val,1,0.546108,0.5,0.15,2966,1968,0.66352,2785,976,0.350449,11.8897,9.8,0.87,0.503976,4086,2016,2070,0.493392,24.84,10.5367,8,83.3333,35.592
LSTM-P,learned,456,33,600,10,1,10,val,1,0.571406,0.5,0.15,2966,1808,0.609575,2785,774,0.277917,10.5346,7.6,0.5,0.460699,3287,1862,1425,0.566474,17.1,9.64491,7,83.3333,35.592
LSTM-P,learned,456,33,600,10,1,10,val,1,0.601815,0.5,0.15,2966,1630,0.549562,2785,612,0.219749,9.3384,6.1,0.3,0.424101,2592,1677,915,0.646991,10.98,8.82077,7,83.3333,35.592
LSTM-P,learned,456,33,600,10,1,10,val,1,0.634767,0.5,0.15,2966,1355,0.456844,2785,431,0.154758,7.87565,4.6,0.1,0.384693,1910,1387,523,0.726178,6.276,7.4283,6,83.3333,35.592
LSTM-P,learned,456,33,600,10,1,10,val,1,0.670473,0.5,0.15,2966,1034,0.348618,2785,267,0.0958707,6.83482,3.8,0,0.360683,1296,1054,242,0.813272,2.904,6.50826,5,83.3333,35.592
LSTM-P,learned,456,33,600,10,1,10,val,1,0.713729,0.5,0.15,2966,623,0.210047,2785,114,0.0409336,5.58668,3.1,0,0.347472,693,627,66,0.904762,0.792,7.22727,6,83.3333,35.592
LSTM-P,learned,456,33,600,10,1,10,val,1,0.781574,0.5,0.15,2966,217,0.0731625,2785,15,0.005386,3.36037,1.5,0,0.311328,233,218,15,0.935622,0.18,6.6,6,83.3333,35.592
LSTM-P,learned,456,33,600,10,1,10,test,1,0.1552,0.25,0,3530,3513,0.995184,3389,3365,0.992918,27.2303,29.4,20.7,0.983903,44733,3544,41189,0.0792256,494.268,18.021,15,83.3333,42.36
LSTM-P,learned,456,33,600,10,1,10,test,1,0.2574,0.25,0,3530,3459,0.979887,3389,3281,0.968132,26.136,29.1,17.3,0.946975,29131,3593,25538,0.123339,306.456,15.8254,13,83.3333,42.36
LSTM-P,learned,456,33,600,10,1,10,test,1,0.317147,0.25,0,3530,3388,0.959773,3389,3157,0.931543,24.8427,27.8,13.7,0.903698,23309,3627,19682,0.155605,236.184,14.3863,12,83.3333,42.36
LSTM-P,learned,456,33,600,10,1,10,test,1,0.354667,0.25,0,3530,3302,0.935411,3389,3006,0.886987,23.5892,26.3,10.7,0.862289,20331,3714,16617,0.182677,199.404,13.0711,10,83.3333,42.36
LSTM-P,learned,456,33,600,10,1,10,test,1,0.381118,0.25,0,3530,3218,0.911615,3389,2861,0.844202,22.4578,25,9,0.824994,18223,3722,14501,0.204247,174.012,11.998,9,83.3333,42.36
LSTM-P,learned,456,33,600,10,1,10,test,1,0.402108,0.25,0,3530,3135,0.888102,3389,2712,0.800236,21.3521,23.7,7.1,0.788343,16625,3755,12870,0.225865,154.44,10.9202,8,83.3333,42.36
LSTM-P,learned,456,33,600,10,1,10,test,1,0.419474,0.25,0,3530,3041,0.861473,3389,2569,0.758041,20.3078,22.6,5.6,0.753994,15072,3685,11387,0.244493,136.644,10.0112,7,83.3333,42.36
LSTM-P,learned,456,33,600,10,1,10,test,1,0.435094,0.25,0,3530,2955,0.83711,3389,2404,0.709354,19.2218,21.6,4.2,0.718047,13404,3575,9829,0.266711,117.948,9.3331,6,83.3333,42.36
LSTM-P,learned,456,33,600,10,1,10,test,1,0.449468,0.25,0,3530,2860,0.810198,3389,2228,0.657421,18.0689,20.7,3,0.68004,11934,3478,8456,0.291436,101.472,8.63576,6,83.3333,42.36
LSTM-P,learned,456,33,600,10,1,10,test,1,0.463073,0.25,0,3530,2761,0.782153,3389,2052,0.605488,16.9255,19.5,2.5,0.64268,10502,3358,7144,0.319749,85.728,8.01204,5,83.3333,42.36
LSTM-P,learned,456,33,600,10,1,10,test,1,0.476633,0.25,0,3530,2649,0.750425,3389,1841,0.543228,15.597,17.4,1.8,0.599104,9024,3190,5834,0.353502,70.008,7.57971,5,83.3333,42.36
LSTM-P,learned,456,33,600,10,1,10,test,1,0.491289,0.25,0,3530,2513,0.711898,3389,1615,0.476542,14.3056,14.3,1.3,0.557582,7661,3045,4616,0.397468,55.392,7.03076,5,83.3333,42.36
LSTM-P,learned,456,33,600,10,1,10,test,1,0.493132,0.25,0,3530,2503,0.709065,3389,1580,0.466214,14.1127,13.9,1.2,0.551213,7497,3033,4464,0.404562,53.568,6.97446,5,83.3333,42.36
LSTM-P,learned,456,33,600,10,1,10,test,1,0.506827,0.25,0,3530,2376,0.673088,3389,1373,0.405134,12.9283,11.6,0.95,0.513107,6364,2816,3548,0.442489,42.576,6.44758,4,83.3333,42.36
LSTM-P,learned,456,33,600,10,1,10,test,1,0.524111,0.25,0,3530,2192,0.620963,3389,1130,0.333432,11.7527,10.3,0.51,0.478224,5153,2578,2575,0.500291,30.9,5.94718,4,83.3333,42.36
LSTM-P,learned,456,33,600,10,1,10,test,1,0.546108,0.25,0,3530,1961,0.555524,3389,874,0.257893,10.4644,8.7,0.3,0.440475,4027,2285,1742,0.56742,20.904,5.3186,3,83.3333,42.36
LSTM-P,learned,456,33,600,10,1,10,test,1,0.571406,0.25,0,3530,1681,0.476204,3389,662,0.195338,9.45158,7.3,0.1,0.415183,3015,1982,1033,0.65738,12.396,5.07648,3,83.3333,42.36
LSTM-P,learned,456,33,600,10,1,10,test,1,0.601815,0.25,0,3530,1357,0.384419,3389,489,0.14429,8.7101,6.3,0.2,0.406029,2190,1636,554,0.747032,6.648,4.60469,3,83.3333,42.36
LSTM-P,learned,456,33,600,10,1,10,test,1,0.634767,0.25,0,3530,996,0.282153,3389,323,0.0953084,7.87631,5.4,0.1,0.397326,1495,1247,248,0.834114,2.976,4.375,3,83.3333,42.36
LSTM-P,learned,456,33,600,10,1,10,test,1,0.670473,0.25,0,3530,637,0.180453,3389,154,0.0454411,6.73203,4.2,0.2,0.392156,912,788,124,0.864035,1.488,3.55645,2,83.3333,42.36
LSTM-P,learned,456,33,600,10,1,10,test,1,0.713729,0.25,0,3530,339,0.096034,3389,62,0.0182945,5.2174,2.6,0.08,0.389477,446,410,36,0.919283,0.432,2.97222,2.5,83.3333,42.36
LSTM-P,learned,456,33,600,10,1,10,test,1,0.781574,0.25,0,3530,77,0.021813,3389,4,0.00118029,3.13896,1.9,0,0.409435,95,91,4,0.957895,0.048,2,2,83.3333,42.36
LSTM-P,learned,456,33,600,10,1,10,val,1,0.1552,0.25,0,2966,2956,0.996628,2785,2771,0.994973,26.4902,29.4,16.4,0.980946,39188,2980,36208,0.0760437,434.496,17.5509,14,83.3333,35.592
LSTM-P,learned,456,33,600,10,1,10,val,1,0.2574,0.25,0,2966,2908,0.980445,2785,2682,0.963016,25.2785,29.1,12.1,0.940134,24978,3036,21942,0.121547,263.304,15.3257,12,83.3333,35.592
LSTM-P,learned,456,33,600,10,1,10,val,1,0.317147,0.25,0,2966,2844,0.958867,2785,2551,0.915978,23.9177,27.3,9.63,0.894341,19814,3066,16748,0.154739,200.976,13.8748,11,83.3333,35.592
LSTM-P,learned,456,33,600,10,1,10,val,1,0.354667,0.25,0,2966,2770,0.933918,2785,2428,0.871813,22.6916,25.8,7.8,0.85379,17064,3102,13962,0.181786,167.544,12.5929,10,83.3333,35.592
LSTM-P,learned,456,33,600,10,1,10,val,1,0.381118,0.25,0,2966,2682,0.904248,2785,2289,0.821903,21.6138,24.4,6.6,0.819137,15035,3106,11929,0.206585,143.148,11.6488,8,83.3333,35.592
LSTM-P,learned,456,33,600,10,1,10,val,1,0.402108,0.25,0,2966,2616,0.881996,2785,2168,0.778456,20.5517,23.3,5.05,0.784339,13422,3086,10336,0.229921,124.032,10.7967,7,83.3333,35.592
LSTM-P,learned,456,33,600,10,1,10,val,1,0.419474,0.25,0,2966,2540,0.856372,2785,2045,0.734291,19.5019,22.2,3.99,0.750306,12071,3065,9006,0.253914,108.072,10.0582,7,83.3333,35.592
LSTM-P,learned,456,33,600,10,1,10,val,1,0.435094,0.25,0,2966,2461,0.829737,2785,1906,0.684381,18.3258,21.2,3,0.711901,10737,2980,7757,0.277545,93.084,9.42865,6,83.3333,35.592
LSTM-P,learned,456,33,600,10,1,10,val,1,0.449468,0.25,0,2966,2369,0.798719,2785,1765,0.633752,17.2877,20.2,2.5,0.678895,9514,2887,6627,0.303448,79.524,8.80444,6,83.3333,35.592
LSTM-P,learned,456,33,600,10,1,10,val,1,0.463073,0.25,0,2966,2272,0.766015,2785,1596,0.57307,16.0618,18.7,1.9,0.639066,8261,2781,5480,0.336642,65.76,8.41624,6,83.3333,35.592
LSTM-P,learned,456,33,600,10,1,10,val,1,0.476633,0.25,0,2966,2174,0.732974,2785,1418,0.509156,14.8177,15.9,1.4,0.599485,7202,2623,4579,0.364204,54.948,7.82573,5,83.3333,35.592
LSTM-P,learned,456,33,600,10,1,10,val,1,0.491289,0.25,0,2966,2060,0.694538,2785,1231,0.442011,13.6017,12.7,1.2,0.56112,6118,2472,3646,0.404054,43.752,7.26413,5,83.3333,35.592
LSTM-P,learned,456,33,600,10,1,10,val,1,0.493132,0.25,0,2966,2049,0.690829,2785,1211,0.434829,13.4321,12.5,1.2,0.555798,5984,2450,3534,0.409425,42.408,7.20147,5,83.3333,35.592
LSTM-P,learned,456,33,600,10,1,10,val,1,0.506827,0.25,0,2966,1958,0.660148,2785,1056,0.379174,12.3542,10.9,0.8,0.522063,5118,2294,2824,0.448222,33.888,6.66678,4,83.3333,35.592
LSTM-P,learned,456,33,600,10,1,10,val,1,0.524111,0.25,0,2966,1835,0.618678,2785,908,0.326032,11.3581,9.8,0.6,0.49339,4223,2145,2078,0.507933,24.936,6.19394,4,83.3333,35.592
LSTM-P,learned,456,33,600,10,1,10,val,1,0.546108,0.25,0,2966,1669,0.562711,2785,740,0.265709,10.2922,7.9,0.3,0.463997,3323,1937,1386,0.582907,16.632,5.87302,4,83.3333,35.592
LSTM-P,learned,456,33,600,10,1,10,val,1,0.571406,0.25,0,2966,1447,0.487862,2785,570,0.204668,9.36911,6.9,0.2,0.441709,2640,1697,943,0.642803,11.316,5.16013,3,83.3333,35.592
LSTM-P,learned,456,33,600,10,1,10,val,1,0.601815,0.25,0,2966,1162,0.391773,2785,417,0.149731,8.63021,5.9,0,0.436316,1956,1413,543,0.722393,6.516,4.29834,3,83.3333,35.592
LSTM-P,learned,456,33,600,10,1,10,val,1,0.634767,0.25,0,2966,888,0.299393,2785,289,0.10377,7.94741,5.6,0.2,0.437332,1331,1093,238,0.821187,2.856,4.29832,3,83.3333,35.592
LSTM-P,learned,456,33,600,10,1,10,val,1,0.670473,0.25,0,2966,619,0.208699,2785,156,0.0560144,6.93069,4.7,0,0.428956,869,770,99,0.886076,1.188,3.9697,2,83.3333,35.592
LSTM-P,learned,456,33,600,10,1,10,val,1,0.713729,0.25,0,2966,347,0.116993,2785,64,0.0229803,5.46744,3,0,0.433736,468,436,32,0.931624,0.384,4.09375,3,83.3333,35.592
LSTM-P,learned,456,33,600,10,1,10,val,1,0.781574,0.25,0,2966,93,0.0313554,2785,7,0.00251346,3.32688,1.6,0,0.47565,118,113,5,0.957627,0.06,3,3,83.3333,35.592
LSTM-P,learned,456,33,600,10,1,10,test,1,0.1552,0.25,0.15,3530,3518,0.996601,3389,3370,0.994394,27.277,29.4,20.9,0.985411,36764,3494,33270,0.0950386,399.24,33.8681,34,83.3333,42.36
LSTM-P,learned,456,33,600,10,1,10,test,1,0.2574,0.25,0.15,3530,3464,0.981303,3389,3286,0.969608,26.1939,29.2,17.4,0.948853,24597,3441,21156,0.139895,253.872,25.2579,25,83.3333,42.36
LSTM-P,learned,456,33,600,10,1,10,test,1,0.317147,0.25,0.15,3530,3395,0.961756,3389,3165,0.933904,24.9164,27.9,13.9,0.906066,19717,3383,16334,0.171578,196.008,22.4596,22,83.3333,42.36
LSTM-P,learned,456,33,600,10,1,10,test,1,0.354667,0.25,0.15,3530,3312,0.938244,3389,3016,0.889938,23.6769,26.4,10.71,0.865054,16892,3308,13584,0.195832,163.008,20.9028,20,83.3333,42.36
LSTM-P,learned,456,33,600,10,1,10,test,1,0.381118,0.25,0.15,3530,3231,0.915297,3389,2879,0.849513,22.6115,25.2,9.2,0.82991,14952,3237,11715,0.216493,140.58,19.7073,19,83.3333,42.36
LSTM-P,learned,456,33,600,10,1,10,test,1,0.402108,0.25,0.15,3530,3155,0.893768,3389,2734,0.806728,21.5142,23.8,7.3,0.793399,13390,3156,10234,0.235698,122.808,18.7098,18,83.3333,42.36
LSTM-P,learned,456,33,600,10,1,10,test,1,0.419474,0.25,0.15,3530,3063,0.867705,3389,2595,0.765713,20.4837,22.7,5.72,0.759467,11979,3068,8911,0.256115,106.932,17.8562,17,83.3333,42.36
LSTM-P,learned,456,33,600,10,1,10,test,1,0.435094,0.25,0.15,3530,2974,0.842493,3389,2428,0.716436,19.3906,21.7,4.3,0.723334,10671,2981,7690,0.279355,92.28,17.1562,16,83.3333,42.36
LSTM-P,learned,456,33,600,10,1,10,test,1,0.449468,0.25,0.15,3530,2877,0.815014,3389,2247,0.663027,18.2133,20.8,3.1,0.684519,9484,2881,6603,0.303775,79.236,16.3648,15,83.3333,42.36
LSTM-P,learned,456,33,600,10,1,10,test,1,0.463073,0.25,0.15,3530,2773,0.785552,3389,2067,0.609914,17.0816,19.7,2.5,0.647657,8382,2777,5605,0.331305,67.26,15.5829,14,83.3333,42.36
LSTM-P,learned,456,33,600,10,1,10,test,1,0.476633,0.25,0.15,3530,2661,0.753824,3389,1855,0.547359,15.7408,17.6,1.8,0.603636,7302,2662,4640,0.364558,55.68,14.8836,13,83.3333,42.36
LSTM-P,learned,456,33,600,10,1,10,test,1,0.491289,0.25,0.15,3530,2525,0.715297,3389,1628,0.480378,14.4438,14.5,1.3,0.561895,6231,2529,3702,0.405874,44.424,14.003,12,83.3333,42.36
LSTM-P,learned,456,33,600,10,1,10,test,1,0.493132,0.25,0.15,3530,2517,0.713031,3389,1596,0.470935,14.2613,14.1,1.2,0.555828,6112,2522,3590,0.412631,43.08,13.8624,12,83.3333,42.36
LSTM-P,learned,456,33,600,10,1,10,test,1,0.506827,0.25,0.15,3530,2386,0.675921,3389,1384,0.40838,13.0656,11.7,1,0.517418,5248,2390,2858,0.455412,34.296,13.2078,11,83.3333,42.36
LSTM-P,learned,456,33,600,10,1,10,test,1,0.524111,0.25,0.15,3530,2200,0.623229,3389,1140,0.336382,11.8692,10.3,0.59,0.481846,4300,2208,2092,0.513488,25.104,12.4321,10,83.3333,42.36
LSTM-P,learned,456,33,600,10,1,10,test,1,0.546108,0.25,0.15,3530,1967,0.557224,3389,882,0.260254,10.5794,8.8,0.3,0.444063,3383,1974,1409,0.583506,16.908,11.577,10,83.3333,42.36
LSTM-P,learned,456,33,600,10,1,10,test,1,0.571406,0.25,0.15,3530,1688,0.478187,3389,670,0.197698,9.56173,7.4,0.1,0.418499,2532,1689,843,0.667062,10.116,11.3464,9,83.3333,42.36
LSTM-P,learned,456,33,600,10,1,10,test,1,0.601815,0.25,0.15,3530,1362,0.385836,3389,495,0.146061,8.81498,6.3,0.2,0.409158,1811,1364,447,0.753175,5.364,10.6309,9,83.3333,42.36
LSTM-P,learned,456,33,600,10,1,10,test,1,0.634767,0.25,0.15,3530,999,0.283003,3389,326,0.0961936,7.94124,5.4,0.1,0.399136,1219,1001,218,0.821165,2.616,9.8578,8,83.3333,42.36
LSTM-P,learned,456,33,600,10,1,10,test,1,0.670473,0.25,0.15,3530,638,0.180737,3389,155,0.0457362,6.76755,4.2,0.2,0.393109,744,638,106,0.857527,1.272,9.37736,8,83.3333,42.36
LSTM-P,learned,456,33,600,10,1,10,test,1,0.713729,0.25,0.15,3530,340,0.0963173,3389,63,0.0185896,5.28853,2.6,0.09,0.391273,371,340,31,0.916442,0.372,8.32258,8,83.3333,42.36
LSTM-P,learned,456,33,600,10,1,10,test,1,0.781574,0.25,0.15,3530,77,0.021813,3389,4,0.00118029,3.13896,1.9,0,0.409435,81,77,4,0.950617,0.048,6.5,5.5,83.3333,42.36
LSTM-P,learned,456,33,600,10,1,10,val,1,0.1552,0.25,0.15,2966,2958,0.997303,2785,2773,0.995691,26.5332,29.4,16.47,0.982348,32171,2942,29229,0.0914488,350.748,34.2443,35,83.3333,35.592
LSTM-P,learned,456,33,600,10,1,10,val,1,0.2574,0.25,0.15,2966,2912,0.981794,2785,2688,0.965171,25.3648,29.1,12.31,0.942937,21167,2903,18264,0.137147,219.168,24.8225,24,83.3333,35.592
LSTM-P,learned,456,33,600,10,1,10,val,1,0.317147,0.25,0.15,2966,2849,0.960553,2785,2558,0.918492,24.0297,27.5,9.8,0.897991,16811,2846,13965,0.169294,167.58,21.9162,21,83.3333,35.592
LSTM-P,learned,456,33,600,10,1,10,val,1,0.354667,0.25,0.15,2966,2775,0.935604,2785,2434,0.873968,22.7849,25.9,7.9,0.856778,14288,2777,11511,0.194359,138.132,20.3398,20,83.3333,35.592
LSTM-P,learned,456,33,600,10,1,10,val,1,0.381118,0.25,0.15,2966,2689,0.906608,2785,2297,0.824776,21.7372,24.6,6.6,0.823058,12415,2695,9720,0.217076,116.64,19.2756,19,83.3333,35.592
LSTM-P,learned,456,33,600,10,1,10,val,1,0.402108,0.25,0.15,2966,2625,0.88503,2785,2179,0.782406,20.6715,23.4,5.1,0.788072,10969,2633,8336,0.24004,100.032,18.4596,18,83.3333,35.592
LSTM-P,learned,456,33,600,10,1,10,val,1,0.419474,0.25,0.15,2966,2550,0.859744,2785,2056,0.738241,19.6136,22.4,4,0.753715,9796,2556,7240,0.260923,86.88,17.6533,17,83.3333,35.592
LSTM-P,learned,456,33,600,10,1,10,val,1,0.435094,0.25,0.15,2966,2471,0.833109,2785,1920,0.689408,18.4754,21.3,3,0.716603,8690,2476,6214,0.284925,74.568,16.9541,16,83.3333,35.592
LSTM-P,learned,456,33,600,10,1,10,val,1,0.449468,0.25,0.15,2966,2378,0.801753,2785,1779,0.638779,17.4307,20.3,2.5,0.683383,7632,2379,5253,0.311714,63.036,16.3499,15,83.3333,35.592
LSTM-P,learned,456,33,600,10,1,10,val,1,0.463073,0.25,0.15,2966,2280,0.768712,2785,1609,0.577738,16.2068,18.9,1.9,0.643653,6678,2287,4391,0.342468,52.692,15.7146,14,83.3333,35.592
LSTM-P,learned,456,33,600,10,1,10,val,1,0.476633,0.25,0.15,2966,2183,0.736008,2785,1427,0.512388,14.9368,16.1,1.4,0.603113,5874,2187,3687,0.372319,44.244,14.9886,13,83.3333,35.592
LSTM-P,learned,456,33,600,10,1,10,val,1,0.491289,0.25,0.15,2966,2070,0.69791,2785,1242,0.445961,13.7164,12.9,1.2,0.564523,5012,2070,2942,0.413009,35.304,14.1441,12,83.3333,35.592
LSTM-P,learned,456,33,600,10,1,10,val,1,0.493132,0.25,0.15,2966,2059,0.694201,2785,1222,0.438779,13.5492,12.6,1.2,0.559278,4925,2059,2866,0.418071,34.392,13.9714,12,83.3333,35.592
LSTM-P,learned,456,33,600,10,1,10,val,1,0.506827,0.25,0.15,2966,1967,0.663183,2785,1068,0.383483,12.4859,11,0.8,0.526058,4249,1971,2278,0.463874,27.336,13.3327,12,83.3333,35.592
LSTM-P,learned,456,33,600,10,1,10,val,1,0.524111,0.25,0.15,2966,1843,0.621376,2785,920,0.330341,11.514,9.9,0.6,0.498186,3527,1849,1678,0.524242,20.136,12.6836,11,83.3333,35.592
LSTM-P,learned,456,33,600,10,1,10,val,1,0.546108,0.25,0.15,2966,1676,0.565071,2785,749,0.268941,10.4137,8,0.3,0.467632,2827,1682,1145,0.594977,13.74,11.9808,10,83.3333,35.592
LSTM-P,learned,456,33,600,10,1,10,val,1,0.571406,0.25,0.15,2966,1450,0.488874,2785,574,0.206104,9.44607,7,0.2,0.444062,2217,1455,762,0.656292,9.144,11.4265,10,83.3333,35.592
LSTM-P,learned,456,33,600,10,1,10,val,1,0.601815,0.25,0.15,2966,1166,0.393122,2785,423,0.151885,8.74348,5.95,0,0.439667,1611,1172,439,0.727498,5.268,10.1936,8,83.3333,35.592
LSTM-P,learned,456,33,600,10,1,10,val,1,0.634767,0.25,0.15,2966,890,0.300067,2785,291,0.104488,7.99528,5.6,0.2,0.438597,1093,895,198,0.818847,2.376,9.24242,7,83.3333,35.592
LSTM-P,learned,456,33,600,10,1,10,val,1,0.670473,0.25,0.15,2966,621,0.209373,2785,158,0.0567325,7.00258,4.7,0,0.430795,705,623,82,0.883688,0.984,9.54878,8,83.3333,35.592
LSTM-P,learned,456,33,600,10,1,10,val,1,0.713729,0.25,0.15,2966,348,0.11733,2785,65,0.0233393,5.53592,3,0,0.435363,376,348,28,0.925532,0.336,9.53571,8,83.3333,35.592
LSTM-P,learned,456,33,600,10,1,10,val,1,0.781574,0.25,0.15,2966,93,0.0313554,2785,7,0.00251346,3.32688,1.6,0,0.47565,97,93,4,0.958763,0.048,6.5,6,83.3333,35.592
Plan-CPA,rule,42,,600,10,1,10,test,1,0.5,1,0,3530,3019,0.855241,3389,2282,0.673355,20.0707,25.4,1.2,0.738021,22000,5868,16132,0.266727,193.584,3.99467,2,83.3333,42.36
Plan-CPA,rule,42,,600,10,1,10,val,1,0.5,1,0,2966,2534,0.854349,2785,1828,0.656373,18.958,23.4,0.8,0.72388,18296,4892,13404,0.267381,160.848,3.94643,2,83.3333,35.592
STGCN,learned,42,16,600,10,1,10,test,1,0.141237,1,0,3530,3523,0.998017,3389,3380,0.997344,27.3927,29.4,21.12,0.989356,110188,3775,106413,0.0342596,1276.96,9.21282,3,83.3333,42.36
STGCN,learned,42,16,600,10,1,10,test,1,0.246984,1,0,3530,3496,0.990368,3389,3341,0.985837,26.7764,29.3,18.5,0.968628,65400,4309,61091,0.0658869,733.092,8.27228,3,83.3333,42.36
STGCN,learned,42,16,600,10,1,10,test,1,0.301642,1,0,3530,3472,0.983569,3389,3296,0.972558,26.1637,29.2,16.9,0.947803,53825,4748,49077,0.0882118,588.924,7.59527,3,83.3333,42.36
STGCN,learned,42,16,600,10,1,10,test,1,0.339529,1,0,3530,3439,0.974221,3389,3233,0.953969,25.5632,29.1,15.2,0.927591,47605,5160,42445,0.108392,509.34,6.95969,3,83.3333,42.36
STGCN,learned,42,16,600,10,1,10,test,1,0.368036,1,0,3530,3397,0.962323,3389,3162,0.933019,24.8922,28,13.56,0.905284,42709,5441,37268,0.127397,447.216,6.46788,3,83.3333,42.36
STGCN,learned,42,16,600,10,1,10,test,1,0.390367,1,0,3530,3349,0.948725,3389,3079,0.908528,24.2076,26.8,12.1,0.882455,38917,5569,33348,0.143099,400.176,5.99202,3,83.3333,42.36
STGCN,learned,42,16,600,10,1,10,test,1,0.409272,1,0,3530,3300,0.934844,3389,3016,0.889938,23.5632,25.7,11.1,0.861196,35583,5630,29953,0.158222,359.436,5.56612,3,83.3333,42.36
STGCN,learned,42,16,600,10,1,10,test,1,0.426448,1,0,3530,3247,0.91983,3389,2922,0.862201,22.8043,24.7,9.96,0.835626,32438,5665,26773,0.174641,321.276,5.14813,3,83.3333,42.36
STGCN,learned,42,16,600,10,1,10,test,1,0.442227,1,0,3530,3188,0.903116,3389,2813,0.830038,21.9988,23.9,8.47,0.808974,29735,5644,24091,0.18981,289.092,4.70495,2,83.3333,42.36
STGCN,learned,42,16,600,10,1,10,test,1,0.457366,1,0,3530,3127,0.885836,3389,2689,0.793449,21.1239,23.2,6.6,0.779589,26909,5639,21270,0.209558,255.24,4.3015,2,83.3333,42.36
STGCN,learned,42,16,600,10,1,10,test,1,0.472703,1,0,3530,3069,0.869405,3389,2553,0.75332,20.0135,22.3,5,0.742372,24092,5550,18542,0.230367,222.504,3.87973,2,83.3333,42.36
STGCN,learned,42,16,600,10,1,10,test,1,0.488216,1,0,3530,2981,0.844476,3389,2355,0.694895,18.7041,21.4,3.8,0.698831,21249,5364,15885,0.252435,190.62,3.45055,2,83.3333,42.36
STGCN,learned,42,16,600,10,1,10,test,1,0.492353,1,0,3530,2946,0.834561,3389,2291,0.676011,18.2886,21.1,3.4,0.685323,20463,5296,15167,0.258809,182.004,3.34799,2,83.3333,42.36
STGCN,learned,42,16,600,10,1,10,test,1,0.504678,1,0,3530,2841,0.804816,3389,2067,0.609914,17.0534,19.9,2.6,0.644767,17937,5045,12892,0.281262,154.704,3.10379,2,83.3333,42.36
STGCN,learned,42,16,600,10,1,10,test,1,0.523681,1,0,3530,2701,0.765156,3389,1736,0.512246,15.1395,14.3,2,0.582168,14888,4783,10105,0.321265,121.26,2.74765,1,83.3333,42.36
STGCN,learned,42,16,600,10,1,10,test,1,0.547549,1,0,3530,2523,0.714731,3389,1410,0.416052,13.4794,11.3,1.4,0.529084,12023,4545,7478,0.378025,89.736,2.41228,1,83.3333,42.36
STGCN,learned,42,16,600,10,1,10,test,1,0.574215,1,0,3530,2367,0.670538,3389,1189,0.350841,12.0794,10.1,1,0.483558,9883,4455,5428,0.450774,65.136,2.13725,1,83.3333,42.36
STGCN,learned,42,16,600,10,1,10,test,1,0.600032,1,0,3530,2182,0.61813,3389,992,0.292712,10.9872,8.6,0.8,0.449847,8052,4321,3731,0.536637,44.772,1.9271,1,83.3333,42.36
STGCN,learned,42,16,600,10,1,10,test,1,0.625949,1,0,3530,1995,0.565156,3389,798,0.235468,9.54155,6.3,0.6,0.40105,6292,3907,2385,0.620947,28.62,1.75514,1,83.3333,42.36
STGCN,learned,42,16,600,10,1,10,test,1,0.651193,1,0,3530,1771,0.5017,3389,569,0.167896,7.91739,4.6,0.5,0.346086,4711,3298,1413,0.700064,16.956,1.57891,1,83.3333,42.36
STGCN,learned,42,16,600,10,1,10,test,1,0.680666,1,0,3530,1385,0.392351,3389,282,0.0832104,5.68505,2.8,0.3,0.273335,2881,2270,611,0.787921,7.332,1.46972,1,83.3333,42.36
STGCN,learned,42,16,600,10,1,10,test,1,0.726766,1,0,3530,579,0.164023,3389,46,0.0135733,3.29499,1.4,0,0.196819,893,803,90,0.899216,1.08,1.35556,1,83.3333,42.36
STGCN,learned,42,16,600,10,1,10,val,1,0.141237,1,0,2966,2960,0.997977,2785,2778,0.997487,26.6535,29.4,16.8,0.986431,98598,3209,95389,0.0325463,1144.67,8.76205,2,83.3333,35.592
STGCN,learned,42,16,600,10,1,10,val,1,0.246984,1,0,2966,2940,0.991234,2785,2736,0.982406,25.9364,29.3,14,0.962064,57039,3605,53434,0.0632024,641.208,7.88376,3,83.3333,35.592
STGCN,learned,42,16,600,10,1,10,val,1,0.301642,1,0,2966,2915,0.982805,2785,2686,0.964452,25.2574,29.1,12.1,0.938772,46523,3982,42541,0.0855921,510.492,7.20451,3,83.3333,35.592
STGCN,learned,42,16,600,10,1,10,val,1,0.339529,1,0,2966,2887,0.973365,2785,2629,0.943986,24.5731,28.4,10.86,0.915754,40321,4250,36071,0.105404,432.852,6.65468,3,83.3333,35.592
STGCN,learned,42,16,600,10,1,10,val,1,0.368036,1,0,2966,2856,0.962913,2785,2571,0.92316,23.9731,27.3,10,0.895534,35749,4494,31255,0.12571,375.06,6.1969,3,83.3333,35.592
STGCN,learned,42,16,600,10,1,10,val,1,0.390367,1,0,2966,2815,0.94909,2785,2508,0.900539,23.3363,26.2,9.04,0.874552,31990,4593,27397,0.143576,328.764,5.83378,3,83.3333,35.592
STGCN,learned,42,16,600,10,1,10,val,1,0.409272,1,0,2966,2784,0.938638,2785,2457,0.882226,22.6431,25.2,8.03,0.851772,29212,4664,24548,0.15966,294.576,5.39384,3,83.3333,35.592
STGCN,learned,42,16,600,10,1,10,val,1,0.426448,1,0,2966,2747,0.926163,2785,2385,0.856373,21.935,24.2,7.1,0.828126,26737,4740,21997,0.177282,263.964,4.96554,3,83.3333,35.592
STGCN,learned,42,16,600,10,1,10,val,1,0.442227,1,0,2966,2681,0.903911,2785,2288,0.821544,21.1607,23.4,6.4,0.803275,24330,4744,19586,0.194986,235.032,4.5747,2,83.3333,35.592
STGCN,learned,42,16,600,10,1,10,val,1,0.457366,1,0,2966,2622,0.884019,2785,2181,0.783124,20.2045,22.7,5.5,0.771967,22077,4660,17417,0.211079,209.004,4.16673,2,83.3333,35.592
STGCN,learned,42,16,600,10,1,10,val,1,0.472703,1,0,2966,2564,0.864464,2785,2041,0.732855,18.9869,21.9,4.03,0.731735,19567,4471,15096,0.228497,181.152,3.77921,2,83.3333,35.592
STGCN,learned,42,16,600,10,1,10,val,1,0.488216,1,0,2966,2486,0.838166,2785,1854,0.665709,17.5726,20.6,3.2,0.685612,17075,4343,12732,0.254348,152.784,3.45586,2,83.3333,35.592
STGCN,learned,42,16,600,10,1,10,val,1,0.492353,1,0,2966,2469,0.832434,2785,1812,0.650628,17.2865,20.2,2.9,0.67648,16462,4308,12154,0.261694,145.848,3.3621,2,83.3333,35.592
STGCN,learned,42,16,600,10,1,10,val,1,0.504678,1,0,2966,2396,0.807822,2785,1659,0.595691,16.1792,17.9,2.55,0.641028,14638,4161,10477,0.28426,125.724,3.13219,2,83.3333,35.592
STGCN,learned,42,16,600,10,1,10,val,1,0.523681,1,0,2966,2267,0.764329,2785,1390,0.499102,14.4431,12.8,1.9,0.586,12192,3882,8310,0.318406,99.72,2.81059,1,83.3333,35.592
STGCN,learned,42,16,600,10,1,10,val,1,0.547549,1,0,2966,2129,0.717802,2785,1143,0.410413,13.0321,10.8,1.48,0.542301,10079,3747,6332,0.371763,75.984,2.49668,1,83.3333,35.592
STGCN,learned,42,16,600,10,1,10,val,1,0.574215,1,0,2966,2008,0.677006,2785,963,0.345781,11.7256,9.4,1.1,0.500618,8392,3721,4671,0.443398,56.052,2.22929,1,83.3333,35.592
STGCN,learned,42,16,600,10,1,10,val,1,0.600032,1,0,2966,1894,0.63857,2785,819,0.294075,10.556,7.7,0.9,0.462733,6998,3708,3290,0.529866,39.48,2.04863,1,83.3333,35.592
STGCN,learned,42,16,600,10,1,10,val,1,0.625949,1,0,2966,1765,0.595078,2785,686,0.24632,9.39751,6.2,0.6,0.422026,5662,3440,2222,0.607559,26.664,1.85149,1,83.3333,35.592
STGCN,learned,42,16,600,10,1,10,val,1,0.651193,1,0,2966,1582,0.533378,2785,496,0.178097,7.85936,4.7,0.4,0.371466,4328,2964,1364,0.684843,16.368,1.62023,1,83.3333,35.592
STGCN,learned,42,16,600,10,1,10,val,1,0.680666,1,0,2966,1276,0.430209,2785,245,0.0879713,5.7127,3,0.2,0.293623,2732,2137,595,0.782211,7.14,1.52773,1,83.3333,35.592
STGCN,learned,42,16,600,10,1,10,val,1,0.726766,1,0,2966,592,0.199595,2785,38,0.0136445,2.9647,1.4,0,0.205957,916,816,100,0.89083,1.2,1.46,1,83.3333,35.592
STGCN,learned,42,16,600,10,1,10,test,1,0.141237,1,0.15,3530,3528,0.999433,3389,3385,0.99882,27.4599,29.4,21.4,0.99155,50093,3504,46589,0.0699499,559.068,36.3376,39,83.3333,42.36
STGCN,learned,42,16,600,10,1,10,test,1,0.246984,1,0.15,3530,3501,0.991785,3389,3347,0.987607,26.8791,29.4,18.7,0.972015,38386,3556,34830,0.0926379,417.96,20.17,18,83.3333,42.36
STGCN,learned,42,16,600,10,1,10,test,1,0.301642,1,0.15,3530,3482,0.986402,3389,3307,0.975804,26.3122,29.3,17,0.95265,32676,3620,29056,0.110785,348.672,17.4025,15,83.3333,42.36
STGCN,learned,42,16,600,10,1,10,test,1,0.339529,1,0.15,3530,3451,0.97762,3389,3245,0.95751,25.7131,29.1,15.5,0.932442,28809,3661,25148,0.127078,301.776,16.0841,14,83.3333,42.36
STGCN,learned,42,16,600,10,1,10,test,1,0.368036,1,0.15,3530,3408,0.965439,3389,3174,0.936559,25.0694,28.6,13.7,0.911077,25854,3676,22178,0.142183,266.136,15.2552,13,83.3333,42.36
STGCN,learned,42,16,600,10,1,10,test,1,0.390367,1,0.15,3530,3367,0.953824,3389,3098,0.914134,24.3961,27.3,12.2,0.888481,23529,3683,19846,0.15653,238.152,14.5539,12,83.3333,42.36
STGCN,learned,42,16,600,10,1,10,test,1,0.409272,1,0.15,3530,3316,0.939377,3389,3033,0.894954,23.7879,26.2,11.3,0.868466,21525,3679,17846,0.170918,214.152,13.9855,12,83.3333,42.36
STGCN,learned,42,16,600,10,1,10,test,1,0.426448,1,0.15,3530,3265,0.924929,3389,2942,0.868103,23.048,25.1,10,0.843514,19754,3678,16076,0.18619,192.912,13.3273,11,83.3333,42.36
STGCN,learned,42,16,600,10,1,10,test,1,0.442227,1,0.15,3530,3209,0.909065,3389,2838,0.837415,22.252,24.2,8.58,0.817132,18099,3621,14478,0.200066,173.736,12.7179,10,83.3333,42.36
STGCN,learned,42,16,600,10,1,10,test,1,0.457366,1,0.15,3530,3149,0.892068,3389,2715,0.801121,21.3767,23.4,6.68,0.787718,16490,3576,12914,0.216859,154.968,12.0154,9,83.3333,42.36
STGCN,learned,42,16,600,10,1,10,test,1,0.472703,1,0.15,3530,3088,0.874788,3389,2575,0.759811,20.2486,22.4,5.1,0.749973,14818,3529,11289,0.238156,135.468,11.3328,8,83.3333,42.36
STGCN,learned,42,16,600,10,1,10,test,1,0.488216,1,0.15,3530,3001,0.850142,3389,2378,0.701682,18.9548,21.5,3.8,0.706916,13058,3403,9655,0.260607,115.86,10.6876,8,83.3333,42.36
STGCN,learned,42,16,600,10,1,10,test,1,0.492353,1,0.15,3530,2968,0.840793,3389,2316,0.683387,18.5497,21.3,3.5,0.693704,12564,3354,9210,0.266953,110.52,10.5801,8,83.3333,42.36
STGCN,learned,42,16,600,10,1,10,test,1,0.504678,1,0.15,3530,2863,0.811048,3389,2091,0.616996,17.3004,20.1,2.6,0.652636,11188,3209,7979,0.286825,95.748,10.0538,7,83.3333,42.36
STGCN,learned,42,16,600,10,1,10,test,1,0.523681,1,0.15,3530,2717,0.769688,3389,1760,0.519327,15.3936,14.7,2,0.590377,9384,3030,6354,0.32289,76.248,9.20318,6,83.3333,42.36
STGCN,learned,42,16,600,10,1,10,test,1,0.547549,1,0.15,3530,2543,0.720397,3389,1437,0.424019,13.7253,11.5,1.4,0.536819,7553,2796,4757,0.370184,57.084,8.44671,5,83.3333,42.36
STGCN,learned,42,16,600,10,1,10,test,1,0.574215,1,0.15,3530,2381,0.674504,3389,1205,0.355562,12.2545,10.1,1,0.489042,6215,2607,3608,0.419469,43.296,7.35006,4,83.3333,42.36
STGCN,learned,42,16,600,10,1,10,test,1,0.600032,1,0.15,3530,2194,0.62153,3389,1005,0.296548,11.1329,8.7,0.83,0.454338,4979,2399,2580,0.481824,30.96,6.53605,4,83.3333,42.36
STGCN,learned,42,16,600,10,1,10,test,1,0.625949,1,0.15,3530,2001,0.566856,3389,804,0.237238,9.62514,6.4,0.6,0.403625,3945,2188,1757,0.554626,21.084,5.68697,4,83.3333,42.36
STGCN,learned,42,16,600,10,1,10,test,1,0.651193,1,0.15,3530,1775,0.502833,3389,574,0.169371,7.9929,4.6,0.5,0.348467,3005,1916,1089,0.637604,13.068,4.99265,3,83.3333,42.36
STGCN,learned,42,16,600,10,1,10,test,1,0.680666,1,0.15,3530,1386,0.392635,3389,283,0.0835055,5.71465,2.8,0.3,0.274277,1966,1465,501,0.745168,6.012,4.12974,3,83.3333,42.36
STGCN,learned,42,16,600,10,1,10,test,1,0.726766,1,0.15,3530,579,0.164023,3389,46,0.0135733,3.29499,1.4,0,0.196819,670,591,79,0.88209,0.948,3.37975,2,83.3333,42.36
STGCN,learned,42,16,600,10,1,10,val,1,0.141237,1,0.15,2966,2963,0.998989,2785,2781,0.998564,26.7142,29.4,16.9,0.988403,43977,2947,41030,0.0670123,492.36,36.847,39,83.3333,35.592
STGCN,learned,42,16,600,10,1,10,val,1,0.246984,1,0.15,2966,2945,0.99292,2785,2742,0.98456,26.0412,29.3,14.1,0.965469,33337,2999,30338,0.0899601,364.056,19.6513,18,83.3333,35.592
STGCN,learned,42,16,600,10,1,10,val,1,0.301642,1,0.15,2966,2922,0.985165,2785,2693,0.966966,25.3845,29.2,12.22,0.94288,28113,3048,25065,0.10842,300.78,16.8349,14,83.3333,35.592
STGCN,learned,42,16,600,10,1,10,val,1,0.339529,1,0.15,2966,2893,0.975388,2785,2636,0.946499,24.7234,29.1,10.9,0.920677,24551,3059,21492,0.124598,257.904,15.5389,13,83.3333,35.592
STGCN,learned,42,16,600,10,1,10,val,1,0.368036,1,0.15,2966,2867,0.966622,2785,2585,0.928187,24.1529,27.8,10,0.90131,21662,3078,18584,0.142092,223.008,14.8122,12,83.3333,35.592
STGCN,learned,42,16,600,10,1,10,val,1,0.390367,1,0.15,2966,2824,0.952124,2785,2518,0.904129,23.4713,26.4,9.13,0.878848,19501,3050,16451,0.156402,197.412,14.1836,12,83.3333,35.592
STGCN,learned,42,16,600,10,1,10,val,1,0.409272,1,0.15,2966,2795,0.942347,2785,2470,0.886894,22.8213,25.3,8.28,0.857459,17802,3058,14744,0.171778,176.928,13.5563,11,83.3333,35.592
STGCN,learned,42,16,600,10,1,10,val,1,0.426448,1,0.15,2966,2757,0.929535,2785,2397,0.860682,22.1165,24.3,7.2,0.833959,16289,3041,13248,0.18669,158.976,12.9484,10,83.3333,35.592
STGCN,learned,42,16,600,10,1,10,val,1,0.442227,1,0.15,2966,2697,0.909305,2785,2308,0.828725,21.3784,23.6,6.6,0.810128,14970,2998,11972,0.200267,143.664,12.2286,9,83.3333,35.592
STGCN,learned,42,16,600,10,1,10,val,1,0.457366,1,0.15,2966,2639,0.889751,2785,2201,0.790305,20.432,22.8,5.58,0.779113,13600,2967,10633,0.218162,127.596,11.6534,9,83.3333,35.592
STGCN,learned,42,16,600,10,1,10,val,1,0.472703,1,0.15,2966,2579,0.869521,2785,2059,0.739318,19.2193,22,4.1,0.739088,12164,2909,9255,0.239148,111.06,11.0089,8,83.3333,35.592
STGCN,learned,42,16,600,10,1,10,val,1,0.488216,1,0.15,2966,2495,0.8412,2785,1867,0.670377,17.7931,20.8,3.2,0.692766,10703,2791,7912,0.260768,94.944,10.352,7,83.3333,35.592
STGCN,learned,42,16,600,10,1,10,val,1,0.492353,1,0.15,2966,2477,0.835131,2785,1824,0.654937,17.4987,20.4,2.9,0.683387,10320,2767,7553,0.26812,90.636,10.17,7,83.3333,35.592
STGCN,learned,42,16,600,10,1,10,val,1,0.504678,1,0.15,2966,2404,0.810519,2785,1670,0.599641,16.3755,18,2.6,0.647376,9216,2670,6546,0.289714,78.552,9.64406,6,83.3333,35.592
STGCN,learned,42,16,600,10,1,10,val,1,0.523681,1,0.15,2966,2275,0.767026,2785,1401,0.503052,14.6218,12.9,1.9,0.591716,7772,2508,5264,0.322697,63.168,8.87253,6,83.3333,35.592
STGCN,learned,42,16,600,10,1,10,val,1,0.547549,1,0.15,2966,2136,0.720162,2785,1154,0.414363,13.198,10.9,1.5,0.547592,6441,2352,4089,0.365161,49.068,7.93446,5,83.3333,35.592
STGCN,learned,42,16,600,10,1,10,val,1,0.574215,1,0.15,2966,2016,0.679703,2785,974,0.349731,11.874,9.6,1.1,0.505248,5324,2208,3116,0.414726,37.392,7.12773,4,83.3333,35.592
STGCN,learned,42,16,600,10,1,10,val,1,0.600032,1,0.15,2966,1897,0.639582,2785,823,0.295512,10.6289,7.7,0.9,0.465051,4346,2067,2279,0.47561,27.348,6.4502,4,83.3333,35.592
STGCN,learned,42,16,600,10,1,10,val,1,0.625949,1,0.15,2966,1769,0.596426,2785,690,0.247756,9.44997,6.3,0.6,0.423585,3470,1911,1559,0.55072,18.708,5.8916,4,83.3333,35.592
STGCN,learned,42,16,600,10,1,10,val,1,0.651193,1,0.15,2966,1584,0.534053,2785,498,0.178815,7.89634,4.7,0.4,0.372607,2705,1711,994,0.632532,11.928,5.22736,3,83.3333,35.592
STGCN,learned,42,16,600,10,1,10,val,1,0.680666,1,0.15,2966,1276,0.430209,2785,245,0.0879713,5.71583,3,0.2,0.293729,1810,1349,461,0.745304,5.532,4.64208,3,83.3333,35.592
STGCN,learned,42,16,600,10,1,10,val,1,0.726766,1,0.15,2966,592,0.199595,2785,38,0.0136445,2.9647,1.4,0,0.205957,688,605,83,0.87936,0.996,4.20482,3,83.3333,35.592
STGCN,learned,42,16,600,10,1,10,test,1,0.141237,0.5,0,3530,3521,0.99745,3389,3378,0.996754,27.3617,29.4,20.9,0.988321,68247,3582,64665,0.0524858,775.98,14.939,8,83.3333,42.36
STGCN,learned,42,16,600,10,1,10,test,1,0.246984,0.5,0,3530,3493,0.989518,3389,3331,0.982886,26.5704,29.3,18.1,0.961613,42679,3824,38855,0.0895991,466.26,12.6452,8,83.3333,42.36
STGCN,learned,42,16,600,10,1,10,test,1,0.301642,0.5,0,3530,3458,0.979603,3389,3260,0.961936,25.8196,29.1,15.9,0.93629,35489,4086,31403,0.115134,376.836,11.3733,7,83.3333,42.36
STGCN,learned,42,16,600,10,1,10,test,1,0.339529,0.5,0,3530,3408,0.965439,3389,3173,0.936264,24.996,28.3,13.67,0.908797,31310,4317,26993,0.137879,323.916,10.3363,6,83.3333,42.36
STGCN,learned,42,16,600,10,1,10,test,1,0.368036,0.5,0,3530,3350,0.949008,3389,3077,0.907937,24.1577,26.9,11.8,0.880962,28454,4489,23965,0.157763,287.58,9.38156,6,83.3333,42.36
STGCN,learned,42,16,600,10,1,10,test,1,0.390367,0.5,0,3530,3285,0.930595,3389,2987,0.881381,23.3797,25.6,10.7,0.855184,25944,4582,21362,0.176611,256.344,8.64095,5,83.3333,42.36
STGCN,learned,42,16,600,10,1,10,test,1,0.409272,0.5,0,3530,3219,0.911898,3389,2873,0.847743,22.4997,24.4,9.5,0.826224,23665,4588,19077,0.193873,228.924,7.96766,5,83.3333,42.36
STGCN,learned,42,16,600,10,1,10,test,1,0.426448,0.5,0,3530,3161,0.895467,3389,2763,0.815285,21.6063,23.5,7.8,0.796023,21231,4567,16664,0.21511,199.968,7.47606,4,83.3333,42.36
STGCN,learned,42,16,600,10,1,10,test,1,0.442227,0.5,0,3530,3089,0.875071,3389,2616,0.771909,20.5974,22.6,5.68,0.762402,19164,4520,14644,0.235859,175.728,6.90686,4,83.3333,42.36
STGCN,learned,42,16,600,10,1,10,test,1,0.457366,0.5,0,3530,3024,0.856657,3389,2453,0.723812,19.3778,21.8,4,0.721295,16865,4337,12528,0.25716,150.336,6.40294,4,83.3333,42.36
STGCN,learned,42,16,600,10,1,10,test,1,0.472703,0.5,0,3530,2907,0.823513,3389,2221,0.655356,18.0456,20.9,2.7,0.677801,14653,4147,10506,0.283014,126.072,5.90805,4,83.3333,42.36
STGCN,learned,42,16,600,10,1,10,test,1,0.488216,0.5,0,3530,2800,0.793201,3389,1958,0.577752,16.545,19.3,2.09,0.628496,12521,3916,8605,0.312755,103.26,5.37095,3,83.3333,42.36
STGCN,learned,42,16,600,10,1,10,test,1,0.492353,0.5,0,3530,2749,0.778754,3389,1884,0.555916,16.1241,18.3,2,0.615287,11845,3798,8047,0.320642,96.564,5.28681,3,83.3333,42.36
STGCN,learned,42,16,600,10,1,10,test,1,0.504678,0.5,0,3530,2642,0.748442,3389,1674,0.493951,14.9456,14.55,1.5,0.577078,10248,3592,6656,0.350507,79.872,4.95658,3,83.3333,42.36
STGCN,learned,42,16,600,10,1,10,test,1,0.523681,0.5,0,3530,2460,0.696884,3389,1390,0.41015,13.4234,11.6,1.1,0.52962,8162,3272,4890,0.400882,58.68,4.53456,3,83.3333,42.36
STGCN,learned,42,16,600,10,1,10,test,1,0.547549,0.5,0,3530,2257,0.639377,3389,1136,0.335202,12.0019,10,0.8,0.48578,6386,2998,3388,0.469464,40.656,4.05726,3,83.3333,42.36
STGCN,learned,42,16,600,10,1,10,test,1,0.574215,0.5,0,3530,2033,0.575921,3389,907,0.267631,10.7202,8.3,0.5,0.447492,4987,2829,2158,0.567275,25.896,3.65616,2,83.3333,42.36
STGCN,learned,42,16,600,10,1,10,test,1,0.600032,0.5,0,3530,1784,0.505382,3389,712,0.210091,9.59114,6.85,0.4,0.414707,3907,2591,1316,0.663169,15.792,3.33739,2,83.3333,42.36
STGCN,learned,42,16,600,10,1,10,test,1,0.625949,0.5,0,3530,1516,0.429462,3389,507,0.149602,8.29617,5.15,0.3,0.374979,2944,2207,737,0.74966,8.844,2.90095,2,83.3333,42.36
STGCN,learned,42,16,600,10,1,10,test,1,0.651193,0.5,0,3530,1150,0.325779,3389,294,0.0867513,6.77043,3.4,0.2,0.333256,1958,1613,345,0.8238,4.14,2.66667,2,83.3333,42.36
STGCN,learned,42,16,600,10,1,10,test,1,0.680666,0.5,0,3530,721,0.204249,3389,106,0.0312777,4.85534,2.2,0.2,0.284183,1098,965,133,0.878871,1.596,2.08271,2,83.3333,42.36
STGCN,learned,42,16,600,10,1,10,test,1,0.726766,0.5,0,3530,199,0.0563739,3389,13,0.00383594,3.08241,1.2,0,0.247316,265,252,13,0.950943,0.156,1.76923,1,83.3333,42.36
STGCN,learned,42,16,600,10,1,10,val,1,0.141237,0.5,0,2966,2957,0.996966,2785,2773,0.995691,26.6203,29.4,16.7,0.985328,60333,3017,57316,0.0500058,687.792,14.3896,8,83.3333,35.592
STGCN,learned,42,16,600,10,1,10,val,1,0.246984,0.5,0,2966,2932,0.988537,2785,2722,0.977379,25.7468,29.2,13.5,0.95574,37029,3225,33804,0.0870939,405.648,12.0948,7,83.3333,35.592
STGCN,learned,42,16,600,10,1,10,val,1,0.301642,0.5,0,2966,2891,0.974713,2785,2648,0.950808,24.8605,29,11.2,0.92574,30205,3412,26793,0.112961,321.516,10.9254,7,83.3333,35.592
STGCN,learned,42,16,600,10,1,10,val,1,0.339529,0.5,0,2966,2855,0.962576,2785,2575,0.924596,24.0315,27.4,10.1,0.897985,26435,3589,22846,0.135767,274.152,9.90423,6,83.3333,35.592
STGCN,learned,42,16,600,10,1,10,val,1,0.368036,0.5,0,2966,2812,0.948078,2785,2490,0.894075,23.1857,26,8.81,0.869448,23678,3728,19950,0.157446,239.4,9.04837,5,83.3333,35.592
STGCN,learned,42,16,600,10,1,10,val,1,0.390367,0.5,0,2966,2768,0.933243,2785,2415,0.867145,22.4285,24.8,7.6,0.844586,21361,3784,17577,0.177145,210.924,8.38607,5,83.3333,35.592
STGCN,learned,42,16,600,10,1,10,val,1,0.409272,0.5,0,2966,2711,0.914026,2785,2325,0.834829,21.6003,23.9,6.7,0.817538,19389,3801,15588,0.196039,187.056,7.75712,5,83.3333,35.592
STGCN,learned,42,16,600,10,1,10,val,1,0.426448,0.5,0,2966,2643,0.891099,2785,2212,0.794255,20.6683,23,5.4,0.787189,17490,3788,13702,0.216581,164.424,7.19202,4,83.3333,35.592
STGCN,learned,42,16,600,10,1,10,val,1,0.442227,0.5,0,2966,2576,0.86851,2785,2080,0.746858,19.6176,22.2,4.1,0.753106,15536,3719,11817,0.23938,141.804,6.73538,4,83.3333,35.592
STGCN,learned,42,16,600,10,1,10,val,1,0.457366,0.5,0,2966,2499,0.842549,2785,1939,0.69623,18.5064,21.3,3.4,0.717313,13667,3595,10072,0.263042,120.864,6.29319,4,83.3333,35.592
STGCN,learned,42,16,600,10,1,10,val,1,0.472703,0.5,0,2966,2414,0.813891,2785,1735,0.62298,17.0237,20,2.5,0.669146,11682,3367,8315,0.288221,99.78,5.90643,3,83.3333,35.592
STGCN,learned,42,16,600,10,1,10,val,1,0.488216,0.5,0,2966,2312,0.779501,2785,1530,0.549372,15.5858,17,1.9,0.623331,9847,3149,6698,0.319793,80.376,5.55823,3,83.3333,35.592
STGCN,learned,42,16,600,10,1,10,val,1,0.492353,0.5,0,2966,2284,0.770061,2785,1477,0.530341,15.2204,16.2,1.8,0.612015,9457,3104,6353,0.328222,76.236,5.43633,3,83.3333,35.592
STGCN,learned,42,16,600,10,1,10,val,1,0.504678,0.5,0,2966,2195,0.740054,2785,1319,0.473609,14.2293,12.9,1.6,0.581936,8289,2926,5363,0.352998,64.356,5.09043,3,83.3333,35.592
STGCN,learned,42,16,600,10,1,10,val,1,0.523681,0.5,0,2966,2059,0.694201,2785,1126,0.404309,12.9864,11.1,1.1,0.54465,6695,2715,3980,0.405527,47.76,4.76508,3,83.3333,35.592
STGCN,learned,42,16,600,10,1,10,val,1,0.547549,0.5,0,2966,1909,0.643628,2785,912,0.327469,11.5772,9.3,0.8,0.502406,5324,2498,2826,0.469196,33.912,4.3121,3,83.3333,35.592
STGCN,learned,42,16,600,10,1,10,val,1,0.574215,0.5,0,2966,1754,0.591369,2785,768,0.275763,10.4728,8.15,0.5,0.469262,4302,2390,1912,0.555556,22.944,3.84885,2,83.3333,35.592
STGCN,learned,42,16,600,10,1,10,val,1,0.600032,0.5,0,2966,1587,0.535064,2785,618,0.221903,9.38003,6.7,0.4,0.437752,3511,2278,1233,0.648818,14.796,3.51582,2,83.3333,35.592
STGCN,learned,42,16,600,10,1,10,val,1,0.625949,0.5,0,2966,1345,0.453473,2785,460,0.165171,8.31026,5.5,0.3,0.409145,2728,2012,716,0.737537,8.592,3.19134,2,83.3333,35.592
STGCN,learned,42,16,600,10,1,10,val,1,0.651193,0.5,0,2966,1065,0.359069,2785,255,0.0915619,6.75418,3.9,0.1,0.363565,1917,1536,381,0.801252,4.572,2.76903,2,83.3333,35.592
STGCN,learned,42,16,600,10,1,10,val,1,0.680666,0.5,0,2966,702,0.236682,2785,94,0.0337522,4.76766,2.5,0.1,0.303859,1089,942,147,0.865014,1.764,2.46259,1,83.3333,35.592
STGCN,learned,42,16,600,10,1,10,val,1,0.726766,0.5,0,2966,210,0.0708024,2785,11,0.00394973,2.93667,1.25,0,0.29159,285,263,22,0.922807,0.264,2.59091,1,83.3333,35.592
STGCN,learned,42,16,600,10,1,10,test,1,0.141237,0.5,0.15,3530,3524,0.9983,3389,3381,0.997639,27.4147,29.4,21.06,0.990072,45643,3500,42143,0.0766821,505.716,36.5059,38,83.3333,42.36
STGCN,learned,42,16,600,10,1,10,test,1,0.246984,0.5,0.15,3530,3499,0.991218,3389,3338,0.984951,26.6846,29.3,18.2,0.96538,30398,3489,26909,0.114777,322.908,25.0945,25,83.3333,42.36
STGCN,learned,42,16,600,10,1,10,test,1,0.301642,0.5,0.15,3530,3468,0.982436,3389,3271,0.965181,25.93,29.2,16,0.939853,25497,3481,22016,0.136526,264.192,21.8464,21,83.3333,42.36
STGCN,learned,42,16,600,10,1,10,test,1,0.339529,0.5,0.15,3530,3419,0.968555,3389,3184,0.93951,25.1112,28.7,13.78,0.912487,22211,3458,18753,0.155689,225.036,20.1968,20,83.3333,42.36
STGCN,learned,42,16,600,10,1,10,test,1,0.368036,0.5,0.15,3530,3363,0.952691,3389,3091,0.912068,24.2986,27.2,11.92,0.885465,19908,3422,16486,0.171891,197.832,18.9398,18,83.3333,42.36
STGCN,learned,42,16,600,10,1,10,test,1,0.390367,0.5,0.15,3530,3303,0.935694,3389,3007,0.887282,23.5449,25.9,10.9,0.86041,17926,3383,14543,0.18872,174.516,18.0881,17,83.3333,42.36
STGCN,learned,42,16,600,10,1,10,test,1,0.409272,0.5,0.15,3530,3237,0.916997,3389,2895,0.854234,22.702,24.7,9.6,0.832702,16243,3337,12906,0.205442,154.872,17.3212,17,83.3333,42.36
STGCN,learned,42,16,600,10,1,10,test,1,0.426448,0.5,0.15,3530,3180,0.90085,3389,2785,0.821776,21.8119,23.7,7.9,0.802601,14690,3299,11391,0.224575,136.692,16.5489,15,83.3333,42.36
STGCN,learned,42,16,600,10,1,10,test,1,0.442227,0.5,0.15,3530,3111,0.881303,3389,2641,0.779286,20.8285,22.8,5.8,0.769769,13318,3240,10078,0.24328,120.936,15.7126,14,83.3333,42.36
STGCN,learned,42,16,600,10,1,10,test,1,0.457366,0.5,0.15,3530,3054,0.865156,3389,2489,0.734435,19.6367,22,4.1,0.729417,11777,3180,8597,0.270018,103.164,15.0428,13,83.3333,42.36
STGCN,learned,42,16,600,10,1,10,test,1,0.472703,0.5,0.15,3530,2936,0.831728,3389,2255,0.665388,18.2989,21,2.8,0.685728,10303,3050,7253,0.29603,87.036,14.2757,12,83.3333,42.36
STGCN,learned,42,16,600,10,1,10,test,1,0.488216,0.5,0.15,3530,2820,0.798867,3389,1982,0.584833,16.7489,19.4,2.1,0.634918,8872,2924,5948,0.329576,71.376,13.6353,12,83.3333,42.36
STGCN,learned,42,16,600,10,1,10,test,1,0.492353,0.5,0.15,3530,2771,0.784986,3389,1910,0.563588,16.3465,18.6,2,0.622265,8459,2873,5586,0.339638,67.032,13.4296,12,83.3333,42.36
STGCN,learned,42,16,600,10,1,10,test,1,0.504678,0.5,0.15,3530,2659,0.753258,3389,1696,0.500443,15.17,15.2,1.5,0.584194,7424,2754,4670,0.370959,56.04,12.9173,11,83.3333,42.36
STGCN,learned,42,16,600,10,1,10,test,1,0.523681,0.5,0.15,3530,2481,0.702833,3389,1416,0.417822,13.6738,11.8,1.1,0.537415,5991,2539,3452,0.423802,41.424,12.2158,10,83.3333,42.36
STGCN,learned,42,16,600,10,1,10,test,1,0.547549,0.5,0.15,3530,2267,0.64221,3389,1148,0.338743,12.1484,10.1,0.8,0.490338,4694,2317,2377,0.493609,28.524,11.4144,9,83.3333,42.36
STGCN,learned,42,16,600,10,1,10,test,1,0.574215,0.5,0.15,3530,2040,0.577904,3389,917,0.270581,10.8455,8.4,0.5,0.451416,3630,2083,1547,0.573829,18.564,10.4829,8,83.3333,42.36
STGCN,learned,42,16,600,10,1,10,test,1,0.600032,0.5,0.15,3530,1787,0.506232,3389,715,0.210977,9.64605,6.9,0.4,0.416395,2821,1831,990,0.649061,11.88,9.29798,7,83.3333,42.36
STGCN,learned,42,16,600,10,1,10,test,1,0.625949,0.5,0.15,3530,1520,0.430595,3389,512,0.151077,8.37612,5.2,0.3,0.37743,2113,1550,563,0.733554,6.756,8.78508,7,83.3333,42.36
STGCN,learned,42,16,600,10,1,10,test,1,0.651193,0.5,0.15,3530,1152,0.326346,3389,296,0.0873414,6.8105,3.4,0.2,0.334414,1442,1167,275,0.809293,3.3,8.09455,7,83.3333,42.36
STGCN,learned,42,16,600,10,1,10,test,1,0.680666,0.5,0.15,3530,721,0.204249,3389,106,0.0312777,4.87892,2.2,0.2,0.284985,836,725,111,0.867225,1.332,6.9009,5,83.3333,42.36
STGCN,learned,42,16,600,10,1,10,test,1,0.726766,0.5,0.15,3530,199,0.0563739,3389,13,0.00383594,3.08241,1.2,0,0.247316,211,200,11,0.947867,0.132,5.72727,6,83.3333,42.36
STGCN,learned,42,16,600,10,1,10,val,1,0.141237,0.5,0.15,2966,2960,0.997977,2785,2776,0.996768,26.6703,29.4,16.8,0.986939,39882,2944,36938,0.0738178,443.256,37.0827,39,83.3333,35.592
STGCN,learned,42,16,600,10,1,10,val,1,0.246984,0.5,0.15,2966,2938,0.99056,2785,2729,0.979892,25.8271,29.3,13.5,0.95827,26133,2932,23201,0.112195,278.412,24.7868,24,83.3333,35.592
STGCN,learned,42,16,600,10,1,10,val,1,0.301642,0.5,0.15,2966,2902,0.978422,2785,2661,0.955476,24.9788,29.1,11.3,0.929415,21628,2910,18718,0.134548,224.616,21.4503,21,83.3333,35.592
STGCN,learned,42,16,600,10,1,10,val,1,0.339529,0.5,0.15,2966,2860,0.964262,2785,2581,0.92675,24.1662,27.9,10.1,0.902401,18807,2895,15912,0.153932,190.944,19.6175,19,83.3333,35.592
STGCN,learned,42,16,600,10,1,10,val,1,0.368036,0.5,0.15,2966,2821,0.951113,2785,2499,0.897307,23.3125,26.3,8.9,0.873466,16617,2873,13744,0.172895,164.928,18.4989,18,83.3333,35.592
STGCN,learned,42,16,600,10,1,10,val,1,0.390367,0.5,0.15,2966,2777,0.936278,2785,2425,0.870736,22.5532,25,7.66,0.848516,14980,2836,12144,0.189319,145.728,17.5602,17,83.3333,35.592
STGCN,learned,42,16,600,10,1,10,val,1,0.409272,0.5,0.15,2966,2723,0.918071,2785,2339,0.839856,21.741,24,6.8,0.821907,13532,2790,10742,0.206178,128.904,16.7614,16,83.3333,35.592
STGCN,learned,42,16,600,10,1,10,val,1,0.426448,0.5,0.15,2966,2655,0.895145,2785,2226,0.799282,20.8048,23.1,5.44,0.791423,12136,2740,9396,0.225775,112.752,16.0721,15,83.3333,35.592
STGCN,learned,42,16,600,10,1,10,val,1,0.442227,0.5,0.15,2966,2589,0.872893,2785,2096,0.752603,19.7825,22.2,4.18,0.758255,10854,2673,8181,0.246269,98.172,15.376,14,83.3333,35.592
STGCN,learned,42,16,600,10,1,10,val,1,0.457366,0.5,0.15,2966,2516,0.848281,2785,1959,0.703411,18.6926,21.4,3.4,0.723009,9607,2601,7006,0.27074,84.072,14.7084,13,83.3333,35.592
STGCN,learned,42,16,600,10,1,10,val,1,0.472703,0.5,0.15,2966,2428,0.818611,2785,1751,0.628725,17.1684,20.1,2.5,0.673507,8305,2491,5814,0.29994,69.768,14.0256,12,83.3333,35.592
STGCN,learned,42,16,600,10,1,10,val,1,0.488216,0.5,0.15,2966,2326,0.784221,2785,1548,0.555835,15.7991,17.5,1.95,0.629987,7107,2382,4725,0.335163,56.7,13.3824,11,83.3333,35.592
STGCN,learned,42,16,600,10,1,10,val,1,0.492353,0.5,0.15,2966,2297,0.774444,2785,1495,0.536804,15.4359,16.5,1.86,0.618774,6795,2352,4443,0.346137,53.316,13.3122,11,83.3333,35.592
STGCN,learned,42,16,600,10,1,10,val,1,0.504678,0.5,0.15,2966,2205,0.743425,2785,1331,0.477917,14.3955,13.1,1.6,0.587108,5975,2252,3723,0.376904,44.676,12.8697,11,83.3333,35.592
STGCN,learned,42,16,600,10,1,10,val,1,0.523681,0.5,0.15,2966,2066,0.696561,2785,1136,0.407899,13.1305,11.2,1.1,0.549177,4936,2111,2825,0.427674,33.9,12.1228,10,83.3333,35.592
STGCN,learned,42,16,600,10,1,10,val,1,0.547549,0.5,0.15,2966,1918,0.646662,2785,923,0.331418,11.7051,9.4,0.8,0.506234,3981,1959,2022,0.492087,24.264,11.1993,9,83.3333,35.592
STGCN,learned,42,16,600,10,1,10,val,1,0.574215,0.5,0.15,2966,1758,0.592717,2785,774,0.277917,10.5925,8.2,0.5,0.473082,3178,1806,1372,0.568282,16.464,10.4249,8,83.3333,35.592
STGCN,learned,42,16,600,10,1,10,val,1,0.600032,0.5,0.15,2966,1590,0.536076,2785,622,0.223339,9.4366,6.75,0.4,0.439454,2529,1624,905,0.642151,10.86,9.54807,7,83.3333,35.592
STGCN,learned,42,16,600,10,1,10,val,1,0.625949,0.5,0.15,2966,1348,0.454484,2785,463,0.166248,8.35712,5.6,0.3,0.41046,1902,1369,533,0.719769,6.396,8.7955,7,83.3333,35.592
STGCN,learned,42,16,600,10,1,10,val,1,0.651193,0.5,0.15,2966,1066,0.359407,2785,256,0.091921,6.77617,3.9,0.1,0.364194,1366,1079,287,0.789898,3.444,7.9547,6,83.3333,35.592
STGCN,learned,42,16,600,10,1,10,val,1,0.680666,0.5,0.15,2966,703,0.23702,2785,95,0.0341113,4.80242,2.5,0.1,0.304849,831,709,122,0.853189,1.464,6.62295,5,83.3333,35.592
STGCN,learned,42,16,600,10,1,10,val,1,0.726766,0.5,0.15,2966,210,0.0708024,2785,11,0.00394973,2.93667,1.25,0,0.29159,226,210,16,0.929204,0.192,8.625,7.5,83.3333,35.592
STGCN,learned,42,16,600,10,1,10,test,1,0.141237,0.25,0,3530,3517,0.996317,3389,3373,0.995279,27.3042,29.4,20.66,0.986388,51553,3524,48029,0.0683568,576.348,19.8067,17,83.3333,42.36
STGCN,learned,42,16,600,10,1,10,test,1,0.246984,0.25,0,3530,3473,0.983853,3389,3298,0.973148,26.1641,29.2,17.12,0.948154,32311,3617,28694,0.111943,344.328,16.4372,14,83.3333,42.36
STGCN,learned,42,16,600,10,1,10,test,1,0.301642,0.25,0,3530,3398,0.962606,3389,3173,0.936264,24.9427,27.9,14.17,0.907493,26413,3673,22740,0.13906,272.88,14.718,12,83.3333,42.36
STGCN,learned,42,16,600,10,1,10,test,1,0.339529,0.25,0,3530,3330,0.943343,3389,3057,0.902036,23.7928,26.2,11.6,0.869082,23105,3794,19311,0.164207,231.732,13.2183,10,83.3333,42.36
STGCN,learned,42,16,600,10,1,10,test,1,0.368036,0.25,0,3530,3245,0.919263,3389,2927,0.863677,22.7336,24.7,10.04,0.834352,20516,3866,16650,0.188438,199.8,12.0526,9,83.3333,42.36
STGCN,learned,42,16,600,10,1,10,test,1,0.390367,0.25,0,3530,3157,0.894334,3389,2777,0.819416,21.5342,23.5,8.26,0.794651,18435,3850,14585,0.208842,175.02,10.9953,7,83.3333,42.36
STGCN,learned,42,16,600,10,1,10,test,1,0.409272,0.25,0,3530,3069,0.869405,3389,2611,0.770434,20.3255,22.4,6.18,0.75479,16211,3749,12462,0.231263,149.544,10.3449,7,83.3333,42.36
STGCN,learned,42,16,600,10,1,10,test,1,0.426448,0.25,0,3530,2973,0.84221,3389,2415,0.7126,19.0911,21.5,4.1,0.713656,14189,3633,10556,0.256043,126.672,9.77634,6,83.3333,42.36
STGCN,learned,42,16,600,10,1,10,test,1,0.442227,0.25,0,3530,2871,0.813314,3389,2221,0.655356,17.953,20.6,3.1,0.676409,12310,3492,8818,0.283672,105.816,9.30166,6,83.3333,42.36
STGCN,learned,42,16,600,10,1,10,test,1,0.457366,0.25,0,3530,2754,0.78017,3389,1993,0.588079,16.7326,19.5,2.3,0.636645,10678,3335,7343,0.312324,88.116,8.72001,6,83.3333,42.36
STGCN,learned,42,16,600,10,1,10,test,1,0.472703,0.25,0,3530,2616,0.741076,3389,1740,0.513426,15.4216,17.2,1.65,0.5949,9012,3119,5893,0.346094,70.716,8.21466,5,83.3333,42.36
STGCN,learned,42,16,600,10,1,10,test,1,0.488216,0.25,0,3530,2470,0.699717,3389,1508,0.444969,14.1104,13.7,1.1,0.553653,7465,2872,4593,0.384729,55.116,7.67625,5,83.3333,42.36
STGCN,learned,42,16,600,10,1,10,test,1,0.492353,0.25,0,3530,2423,0.686402,3389,1440,0.424904,13.8235,13,1.1,0.545168,7082,2816,4266,0.397628,51.192,7.57009,5,83.3333,42.36
STGCN,learned,42,16,600,10,1,10,test,1,0.504678,0.25,0,3530,2286,0.647592,3389,1281,0.377988,12.984,11.5,1,0.520296,6098,2644,3454,0.433585,41.448,7.20035,5,83.3333,42.36
STGCN,learned,42,16,600,10,1,10,test,1,0.523681,0.25,0,3530,2086,0.590935,3389,1051,0.310121,11.8461,10.1,0.7,0.48811,4872,2383,2489,0.489122,29.868,6.58136,4,83.3333,42.36
STGCN,learned,42,16,600,10,1,10,test,1,0.547549,0.25,0,3530,1821,0.515864,3389,842,0.248451,10.887,8.8,0.4,0.464727,3736,2087,1649,0.558619,19.788,5.89569,4,83.3333,42.36
STGCN,learned,42,16,600,10,1,10,test,1,0.574215,0.25,0,3530,1530,0.433428,3389,654,0.192977,10.0173,7.75,0.3,0.446549,2779,1823,956,0.655991,11.472,5.42573,4,83.3333,42.36
STGCN,learned,42,16,600,10,1,10,test,1,0.600032,0.25,0,3530,1228,0.347875,3389,477,0.140749,9.20179,7.5,0.4,0.434616,2049,1506,543,0.734993,6.516,4.79742,3,83.3333,42.36
STGCN,learned,42,16,600,10,1,10,test,1,0.625949,0.25,0,3530,916,0.25949,3389,303,0.0894069,8.15469,6.1,0.5,0.417914,1410,1127,283,0.799291,3.396,4.08834,3,83.3333,42.36
STGCN,learned,42,16,600,10,1,10,test,1,0.651193,0.25,0,3530,625,0.177054,3389,137,0.0404249,6.66048,4.2,0.2,0.394032,892,773,119,0.866592,1.428,3.72269,3,83.3333,42.36
STGCN,learned,42,16,600,10,1,10,test,1,0.680666,0.25,0,3530,330,0.0934844,3389,49,0.0144585,5.25909,2.9,0.1,0.397331,444,405,39,0.912162,0.468,2.89744,2,83.3333,42.36
STGCN,learned,42,16,600,10,1,10,test,1,0.726766,0.25,0,3530,69,0.0195467,3389,7,0.00206551,4.28696,1.7,0,0.450601,89,85,4,0.955056,0.048,2,2,83.3333,42.36
STGCN,learned,42,16,600,10,1,10,val,1,0.141237,0.25,0,2966,2956,0.996628,2785,2769,0.994255,26.5453,29.4,16.35,0.982795,45298,2973,42325,0.065632,507.9,19.2383,16,83.3333,35.592
STGCN,learned,42,16,600,10,1,10,val,1,0.246984,0.25,0,2966,2902,0.978422,2785,2678,0.96158,25.2895,29.1,12.4,0.940906,27695,3013,24682,0.108792,296.184,15.8968,13,83.3333,35.592
STGCN,learned,42,16,600,10,1,10,val,1,0.301642,0.25,0,2966,2844,0.958867,2785,2570,0.922801,24.0067,27.3,10.33,0.897799,22411,3065,19346,0.136763,232.152,14.1516,11,83.3333,35.592
STGCN,learned,42,16,600,10,1,10,val,1,0.339529,0.25,0,2966,2793,0.941672,2785,2465,0.885099,22.7896,25.3,8.62,0.857208,19312,3128,16184,0.161972,194.208,12.7536,9,83.3333,35.592
STGCN,learned,42,16,600,10,1,10,val,1,0.368036,0.25,0,2966,2709,0.913351,2785,2342,0.840934,21.7154,24,7.08,0.822208,17156,3211,13945,0.187165,167.34,11.5174,8,83.3333,35.592
STGCN,learned,42,16,600,10,1,10,val,1,0.390367,0.25,0,2966,2631,0.887053,2785,2227,0.799641,20.6442,23,5.8,0.787502,15084,3194,11890,0.211748,142.68,10.7346,7,83.3333,35.592
STGCN,learned,42,16,600,10,1,10,val,1,0.409272,0.25,0,2966,2535,0.854686,2785,2078,0.74614,19.5183,21.9,4.34,0.751804,13118,3091,10027,0.23563,120.324,10.1962,7,83.3333,35.592
STGCN,learned,42,16,600,10,1,10,val,1,0.426448,0.25,0,2966,2451,0.826365,2785,1918,0.688689,18.2736,20.9,3.3,0.711554,11402,2975,8427,0.260919,101.124,9.62276,6,83.3333,35.592
STGCN,learned,42,16,600,10,1,10,val,1,0.442227,0.25,0,2966,2364,0.797033,2785,1724,0.619031,16.9106,19.7,2.5,0.667648,9752,2825,6927,0.289684,83.124,9.26505,6,83.3333,35.592
STGCN,learned,42,16,600,10,1,10,val,1,0.457366,0.25,0,2966,2271,0.765678,2785,1537,0.551885,15.7569,18,1.9,0.63192,8471,2718,5753,0.320859,69.036,8.80254,6,83.3333,35.592
STGCN,learned,42,16,600,10,1,10,val,1,0.472703,0.25,0,2966,2165,0.729939,2785,1363,0.489408,14.5697,15.2,1.4,0.595129,7160,2539,4621,0.354609,55.452,8.38844,5,83.3333,35.592
STGCN,learned,42,16,600,10,1,10,val,1,0.488216,0.25,0,2966,2063,0.69555,2785,1201,0.431239,13.516,12.7,1.1,0.563108,6045,2395,3650,0.396195,43.8,7.92658,5,83.3333,35.592
STGCN,learned,42,16,600,10,1,10,val,1,0.492353,0.25,0,2966,2031,0.684761,2785,1161,0.416876,13.2796,12.3,1,0.55659,5766,2348,3418,0.407215,41.016,7.811,5,83.3333,35.592
STGCN,learned,42,16,600,10,1,10,val,1,0.504678,0.25,0,2966,1917,0.646325,2785,1037,0.372352,12.5128,11.1,0.8,0.536209,4998,2201,2797,0.440376,33.564,7.53128,5,83.3333,35.592
STGCN,learned,42,16,600,10,1,10,val,1,0.523681,0.25,0,2966,1774,0.598112,2785,874,0.313824,11.3986,9.55,0.5,0.504935,4145,2020,2125,0.487334,25.5,6.76988,4,83.3333,35.592
STGCN,learned,42,16,600,10,1,10,val,1,0.547549,0.25,0,2966,1578,0.53203,2785,725,0.260323,10.6917,8.7,0.4,0.49133,3222,1791,1431,0.555866,17.172,6.22921,4,83.3333,35.592
STGCN,learned,42,16,600,10,1,10,val,1,0.574215,0.25,0,2966,1331,0.448753,2785,576,0.206822,10.1551,8.4,0.3,0.489979,2468,1549,919,0.627634,11.028,5.55604,4,83.3333,35.592
STGCN,learned,42,16,600,10,1,10,val,1,0.600032,0.25,0,2966,1085,0.365813,2785,424,0.152244,9.40719,7.5,0.3,0.487845,1926,1364,562,0.708204,6.744,4.97331,3,83.3333,35.592
STGCN,learned,42,16,600,10,1,10,val,1,0.625949,0.25,0,2966,866,0.291976,2785,262,0.0940754,7.94861,5.7,0.3,0.451632,1381,1078,303,0.780594,3.636,4.55446,3,83.3333,35.592
STGCN,learned,42,16,600,10,1,10,val,1,0.651193,0.25,0,2966,627,0.211396,2785,141,0.0506284,6.54753,4,0.2,0.422753,930,782,148,0.84086,1.776,3.91216,2,83.3333,35.592
STGCN,learned,42,16,600,10,1,10,val,1,0.680666,0.25,0,2966,365,0.123061,2785,48,0.0172352,4.74247,2.5,0.1,0.39569,486,434,52,0.893004,0.624,3.86538,2,83.3333,35.592
STGCN,learned,42,16,600,10,1,10,val,1,0.726766,0.25,0,2966,95,0.0320297,2785,5,0.00179533,3.39474,1.4,0,0.452537,125,117,8,0.936,0.096,3.875,3.5,83.3333,35.592
STGCN,learned,42,16,600,10,1,10,test,1,0.141237,0.25,0.15,3530,3519,0.996884,3389,3375,0.995869,27.3482,29.4,20.9,0.987848,42315,3495,38820,0.0825948,465.84,36.4028,38,83.3333,42.36
STGCN,learned,42,16,600,10,1,10,test,1,0.246984,0.25,0.15,3530,3482,0.986402,3389,3309,0.976394,26.2675,29.2,17.5,0.951513,27025,3465,23560,0.128215,282.72,26.888,26,83.3333,42.36
STGCN,learned,42,16,600,10,1,10,test,1,0.301642,0.25,0.15,3530,3409,0.965722,3389,3185,0.939805,25.0496,28.2,14.2,0.910908,22092,3391,18701,0.153494,224.412,23.6396,23,83.3333,42.36
STGCN,learned,42,16,600,10,1,10,test,1,0.339529,0.25,0.15,3530,3343,0.947025,3389,3072,0.906462,23.9059,26.4,11.72,0.87266,18870,3340,15530,0.177001,186.36,21.8531,21,83.3333,42.36
STGCN,learned,42,16,600,10,1,10,test,1,0.368036,0.25,0.15,3530,3261,0.923796,3389,2944,0.868693,22.8505,24.9,10.2,0.837964,16478,3266,13212,0.198204,158.544,20.5798,20,83.3333,42.36
STGCN,learned,42,16,600,10,1,10,test,1,0.390367,0.25,0.15,3530,3176,0.899717,3389,2798,0.825612,21.6931,23.7,8.5,0.799615,14573,3185,11388,0.218555,136.656,19.5,19,83.3333,42.36
STGCN,learned,42,16,600,10,1,10,test,1,0.409272,0.25,0.15,3530,3088,0.874788,3389,2632,0.77663,20.477,22.6,6.3,0.759496,12871,3100,9771,0.240852,117.252,18.5683,18,83.3333,42.36
STGCN,learned,42,16,600,10,1,10,test,1,0.426448,0.25,0.15,3530,2994,0.848159,3389,2437,0.719091,19.2662,21.6,4.13,0.719106,11409,3006,8403,0.263476,100.836,17.6633,16,83.3333,42.36
STGCN,learned,42,16,600,10,1,10,test,1,0.442227,0.25,0.15,3530,2894,0.81983,3389,2248,0.663323,18.1545,20.7,3.2,0.682685,9983,2909,7074,0.291395,84.888,16.971,16,83.3333,42.36
STGCN,learned,42,16,600,10,1,10,test,1,0.457366,0.25,0.15,3530,2775,0.786119,3389,2017,0.595161,16.9254,19.6,2.3,0.642641,8657,2789,5868,0.322167,70.416,16.1979,15,83.3333,42.36
STGCN,learned,42,16,600,10,1,10,test,1,0.472703,0.25,0.15,3530,2634,0.746176,3389,1759,0.519032,15.5748,17.5,1.7,0.599564,7391,2643,4748,0.357597,56.976,15.5628,14,83.3333,42.36
STGCN,learned,42,16,600,10,1,10,test,1,0.488216,0.25,0.15,3530,2486,0.704249,3389,1526,0.45028,14.2714,13.95,1.1,0.558592,6205,2493,3712,0.401773,44.544,14.983,13,83.3333,42.36
STGCN,learned,42,16,600,10,1,10,test,1,0.492353,0.25,0.15,3530,2442,0.691785,3389,1462,0.431396,14.0096,13.4,1.1,0.55084,5910,2449,3461,0.414382,41.532,14.8524,13,83.3333,42.36
STGCN,learned,42,16,600,10,1,10,test,1,0.504678,0.25,0.15,3530,2308,0.653824,3389,1305,0.385069,13.1841,11.7,1,0.526257,5124,2312,2812,0.45121,33.744,14.3912,13,83.3333,42.36
STGCN,learned,42,16,600,10,1,10,test,1,0.523681,0.25,0.15,3530,2104,0.596034,3389,1072,0.316317,12.0512,10.2,0.7,0.494277,4102,2110,1992,0.514383,23.904,13.878,12,83.3333,42.36
STGCN,learned,42,16,600,10,1,10,test,1,0.547549,0.25,0.15,3530,1831,0.518697,3389,854,0.251992,11.0302,8.9,0.4,0.469009,3128,1833,1295,0.585997,15.54,13.2548,11,83.3333,42.36
STGCN,learned,42,16,600,10,1,10,test,1,0.574215,0.25,0.15,3530,1537,0.435411,3389,662,0.195338,10.1262,7.9,0.3,0.449712,2308,1537,771,0.665945,9.252,12.3191,10,83.3333,42.36
STGCN,learned,42,16,600,10,1,10,test,1,0.600032,0.25,0.15,3530,1233,0.349292,3389,483,0.14252,9.31184,7.6,0.4,0.43782,1677,1233,444,0.735242,5.328,11.5473,9,83.3333,42.36
STGCN,learned,42,16,600,10,1,10,test,1,0.625949,0.25,0.15,3530,920,0.260623,3389,308,0.0908823,8.28989,6.2,0.5,0.421851,1154,919,235,0.79636,2.82,10.6468,9,83.3333,42.36
STGCN,learned,42,16,600,10,1,10,test,1,0.651193,0.25,0.15,3530,625,0.177054,3389,137,0.0404249,6.66048,4.2,0.2,0.394032,735,627,108,0.853061,1.296,9.11111,8,83.3333,42.36
STGCN,learned,42,16,600,10,1,10,test,1,0.680666,0.25,0.15,3530,330,0.0934844,3389,49,0.0144585,5.25909,2.9,0.1,0.397331,362,330,32,0.911602,0.384,9.3125,8,83.3333,42.36
STGCN,learned,42,16,600,10,1,10,test,1,0.726766,0.25,0.15,3530,69,0.0195467,3389,7,0.00206551,4.28696,1.7,0,0.450601,72,69,3,0.958333,0.036,6.33333,4,83.3333,42.36
STGCN,learned,42,16,600,10,1,10,val,1,0.141237,0.25,0.15,2966,2959,0.99764,2785,2772,0.995332,26.594,29.4,16.58,0.984362,36803,2943,33860,0.0799663,406.32,37.0345,39,83.3333,35.592
STGCN,learned,42,16,600,10,1,10,val,1,0.246984,0.25,0.15,2966,2912,0.981794,2785,2689,0.96553,25.3537,29.1,12.51,0.942776,23181,2899,20282,0.125059,243.384,26.7081,26,83.3333,35.592
STGCN,learned,42,16,600,10,1,10,val,1,0.301642,0.25,0.15,2966,2856,0.962913,2785,2583,0.927469,24.1164,27.5,10.4,0.901141,18798,2849,15949,0.151559,191.388,23.2385,23,83.3333,35.592
STGCN,learned,42,16,600,10,1,10,val,1,0.339529,0.25,0.15,2966,2802,0.944707,2785,2475,0.888689,22.9407,25.6,8.7,0.862041,15936,2796,13140,0.175452,157.68,21.3207,21,83.3333,35.592
STGCN,learned,42,16,600,10,1,10,val,1,0.368036,0.25,0.15,2966,2717,0.916049,2785,2352,0.844524,21.8528,24.2,7.1,0.826589,13807,2719,11088,0.196929,133.056,20.0903,20,83.3333,35.592
STGCN,learned,42,16,600,10,1,10,val,1,0.390367,0.25,0.15,2966,2638,0.889413,2785,2235,0.802513,20.7797,23.1,5.9,0.791837,12032,2644,9388,0.219747,112.656,19.1554,19,83.3333,35.592
STGCN,learned,42,16,600,10,1,10,val,1,0.409272,0.25,0.15,2966,2547,0.858732,2785,2092,0.751167,19.6793,22.1,4.4,0.75682,10514,2554,7960,0.242914,95.52,18.2976,17,83.3333,35.592
STGCN,learned,42,16,600,10,1,10,val,1,0.426448,0.25,0.15,2966,2463,0.830411,2785,1931,0.693357,18.4191,21,3.32,0.716034,9193,2470,6723,0.268683,80.676,17.5221,16,83.3333,35.592
STGCN,learned,42,16,600,10,1,10,val,1,0.442227,0.25,0.15,2966,2378,0.801753,2785,1741,0.625135,17.08,19.9,2.5,0.672834,7992,2382,5610,0.298048,67.32,16.7513,15,83.3333,35.592
STGCN,learned,42,16,600,10,1,10,val,1,0.457366,0.25,0.15,2966,2287,0.771072,2785,1556,0.558707,15.9407,18.3,1.9,0.637435,6963,2297,4666,0.329887,55.992,16.12,14,83.3333,35.592
STGCN,learned,42,16,600,10,1,10,val,1,0.472703,0.25,0.15,2966,2176,0.733648,2785,1376,0.494075,14.7122,15.4,1.4,0.599433,5949,2182,3767,0.366784,45.204,15.5662,14,83.3333,35.592
STGCN,learned,42,16,600,10,1,10,val,1,0.488216,0.25,0.15,2966,2074,0.699258,2785,1214,0.435907,13.6527,12.9,1.1,0.567182,5047,2077,2970,0.411532,35.64,15.0104,13,83.3333,35.592
STGCN,learned,42,16,600,10,1,10,val,1,0.492353,0.25,0.15,2966,2042,0.688469,2785,1174,0.421544,13.4143,12.5,1,0.56058,4837,2047,2790,0.423196,33.48,14.8462,13,83.3333,35.592
STGCN,learned,42,16,600,10,1,10,val,1,0.504678,0.25,0.15,2966,1926,0.649359,2785,1047,0.375943,12.6302,11.2,0.8,0.539648,4216,1929,2287,0.457543,27.444,14.5488,13,83.3333,35.592
STGCN,learned,42,16,600,10,1,10,val,1,0.523681,0.25,0.15,2966,1783,0.601146,2785,885,0.317774,11.5312,9.8,0.5,0.508829,3518,1787,1731,0.507959,20.772,13.6724,12,83.3333,35.592
STGCN,learned,42,16,600,10,1,10,val,1,0.547549,0.25,0.15,2966,1586,0.534727,2785,735,0.263914,10.8391,8.8,0.4,0.495682,2737,1588,1149,0.580197,13.788,13.0218,11,83.3333,35.592
STGCN,learned,42,16,600,10,1,10,val,1,0.574215,0.25,0.15,2966,1337,0.450775,2785,583,0.209336,10.2745,8.4,0.3,0.49339,2079,1339,740,0.64406,8.88,12.1797,10,83.3333,35.592
STGCN,learned,42,16,600,10,1,10,val,1,0.600032,0.25,0.15,2966,1090,0.367498,2785,429,0.154039,9.49954,7.6,0.3,0.490226,1551,1093,458,0.704707,5.496,11.1638,9,83.3333,35.592
STGCN,learned,42,16,600,10,1,10,val,1,0.625949,0.25,0.15,2966,868,0.29265,2785,264,0.0947935,7.9977,5.75,0.3,0.452896,1122,873,249,0.778075,2.988,10.2972,8,83.3333,35.592
STGCN,learned,42,16,600,10,1,10,val,1,0.651193,0.25,0.15,2966,628,0.211733,2785,142,0.0509874,6.58535,4,0.2,0.423727,754,629,125,0.834218,1.5,9.968,8,83.3333,35.592
STGCN,learned,42,16,600,10,1,10,val,1,0.680666,0.25,0.15,2966,366,0.123399,2785,49,0.0175943,4.80929,2.55,0.1,0.397341,412,367,45,0.890777,0.54,9.88889,8,83.3333,35.592
STGCN,learned,42,16,600,10,1,10,val,1,0.726766,0.25,0.15,2966,95,0.0320297,2785,5,0.00179533,3.39474,1.4,0,0.452537,101,95,6,0.940594,0.072,12.1667,13,83.3333,35.592
STGCN,learned,123,25,600,10,1,10,test,1,0.13858,1,0,3530,3522,0.997734,3389,3379,0.997049,27.3999,29.4,21.51,0.989631,121539,3788,117751,0.031167,1413.01,8.23506,2,83.3333,42.36
STGCN,learned,123,25,600,10,1,10,test,1,0.244461,1,0,3530,3497,0.990652,3389,3343,0.986427,26.7925,29.3,18.46,0.968942,66394,4392,62002,0.0661506,744.024,7.92671,3,83.3333,42.36
STGCN,learned,123,25,600,10,1,10,test,1,0.301573,1,0,3530,3472,0.983569,3389,3298,0.973148,26.2233,29.2,17.02,0.949769,53419,4856,48563,0.090904,582.756,7.42771,3,83.3333,42.36
STGCN,learned,123,25,600,10,1,10,test,1,0.34052,1,0,3530,3439,0.974221,3389,3222,0.950723,25.5511,29.1,14.8,0.926945,46874,5170,41704,0.110296,500.448,6.87016,3,83.3333,42.36
STGCN,learned,123,25,600,10,1,10,test,1,0.368192,1,0,3530,3399,0.96289,3389,3156,0.931248,24.9181,28.3,13.1,0.905485,42348,5471,36877,0.129191,442.524,6.39035,3,83.3333,42.36
STGCN,learned,123,25,600,10,1,10,test,1,0.389301,1,0,3530,3353,0.949858,3389,3088,0.911183,24.2959,27.2,11.82,0.884533,38859,5602,33257,0.144162,399.084,5.92741,3,83.3333,42.36
STGCN,learned,123,25,600,10,1,10,test,1,0.407519,1,0,3530,3298,0.934278,3389,2995,0.883742,23.5572,26.2,10.6,0.860061,35753,5683,30070,0.158952,360.84,5.46804,3,83.3333,42.36
STGCN,learned,123,25,600,10,1,10,test,1,0.423863,1,0,3530,3250,0.92068,3389,2900,0.85571,22.8273,25.2,9.29,0.835631,32850,5746,27104,0.174916,325.248,5.04774,3,83.3333,42.36
STGCN,learned,123,25,600,10,1,10,test,1,0.439086,1,0,3530,3182,0.901416,3389,2801,0.826497,22.0251,24.2,8.11,0.809169,30009,5752,24257,0.191676,291.084,4.62675,2,83.3333,42.36
STGCN,learned,123,25,600,10,1,10,test,1,0.453558,1,0,3530,3134,0.887819,3389,2704,0.797875,21.1518,23.35,6.5,0.779963,27342,5748,21594,0.210226,259.128,4.23312,2,83.3333,42.36
STGCN,learned,123,25,600,10,1,10,test,1,0.468663,1,0,3530,3063,0.867705,3389,2559,0.75509,20.1341,22.4,5.02,0.746093,24607,5684,18923,0.230991,227.076,3.81314,2,83.3333,42.36
STGCN,learned,123,25,600,10,1,10,test,1,0.484369,1,0,3530,2964,0.83966,3389,2364,0.697551,18.9046,21.6,3.8,0.705707,21645,5513,16132,0.254701,193.584,3.42642,2,83.3333,42.36
STGCN,learned,123,25,600,10,1,10,test,1,0.492317,1,0,3530,2920,0.827195,3389,2258,0.666273,18.1502,21,3.19,0.680578,20164,5398,14766,0.267705,177.192,3.24922,2,83.3333,42.36
STGCN,learned,123,25,600,10,1,10,test,1,0.501514,1,0,3530,2856,0.809065,3389,2116,0.624373,17.3741,20.3,2.75,0.654958,18568,5242,13326,0.282314,159.912,3.04638,2,83.3333,42.36
STGCN,learned,123,25,600,10,1,10,test,1,0.521427,1,0,3530,2704,0.766006,3389,1823,0.537917,15.7102,15.6,2.1,0.601381,15468,4966,10502,0.32105,126.024,2.70577,1,83.3333,42.36
STGCN,learned,123,25,600,10,1,10,test,1,0.546527,1,0,3530,2531,0.716997,3389,1471,0.434051,13.727,11.8,1.4,0.536948,12410,4582,7828,0.369218,93.936,2.39142,1,83.3333,42.36
STGCN,learned,123,25,600,10,1,10,test,1,0.579221,1,0,3530,2347,0.664873,3389,1164,0.343464,12.1868,9.8,1,0.488092,10056,4446,5610,0.442124,67.32,2.08111,1,83.3333,42.36
STGCN,learned,123,25,600,10,1,10,test,1,0.613482,1,0,3530,2172,0.615297,3389,975,0.287695,11.0303,8.3,0.8,0.451301,8328,4468,3860,0.536503,46.32,1.85078,1,83.3333,42.36
STGCN,learned,123,25,600,10,1,10,test,1,0.645478,1,0,3530,1981,0.56119,3389,789,0.232812,9.71726,6.3,0.5,0.408555,6542,4140,2402,0.632834,28.824,1.71399,1,83.3333,42.36
STGCN,learned,123,25,600,10,1,10,test,1,0.677201,1,0,3530,1758,0.498017,3389,587,0.173207,8.10876,4.7,0.3,0.353054,4824,3436,1388,0.712272,16.656,1.57205,1,83.3333,42.36
STGCN,learned,123,25,600,10,1,10,test,1,0.712588,1,0,3530,1362,0.385836,3389,291,0.085866,5.72812,2.7,0.1,0.272735,2904,2296,608,0.790634,7.296,1.46053,1,83.3333,42.36
STGCN,learned,123,25,600,10,1,10,test,1,0.765092,1,0,3530,605,0.171388,3389,47,0.0138684,3.0357,1.1,0,0.179186,937,835,102,0.891142,1.224,1.27451,1,83.3333,42.36
STGCN,learned,123,25,600,10,1,10,val,1,0.13858,1,0,2966,2958,0.997303,2785,2776,0.996768,26.6688,29.4,17.04,0.986958,108609,3239,105370,0.0298226,1264.44,7.81033,2,83.3333,35.592
STGCN,learned,123,25,600,10,1,10,val,1,0.244461,1,0,2966,2937,0.990223,2785,2732,0.980969,25.9829,29.3,14.2,0.963442,57721,3639,54082,0.0630446,648.984,7.55397,3,83.3333,35.592
STGCN,learned,123,25,600,10,1,10,val,1,0.301573,1,0,2966,2907,0.980108,2785,2683,0.963375,25.3075,29.1,12.28,0.94069,45704,3991,41713,0.0873228,500.556,7.09297,3,83.3333,35.592
STGCN,learned,123,25,600,10,1,10,val,1,0.34052,1,0,2966,2884,0.972353,2785,2624,0.94219,24.6285,28.7,10.83,0.917407,39226,4279,34947,0.109086,419.364,6.6404,3,83.3333,35.592
STGCN,learned,123,25,600,10,1,10,val,1,0.368192,1,0,2966,2856,0.962913,2785,2568,0.922083,24.0266,27.6,9.9,0.896779,35054,4475,30579,0.12766,366.948,6.20347,3,83.3333,35.592
STGCN,learned,123,25,600,10,1,10,val,1,0.389301,1,0,2966,2815,0.94909,2785,2505,0.899461,23.3658,26.4,9,0.87497,32224,4648,27576,0.14424,330.912,5.73187,3,83.3333,35.592
STGCN,learned,123,25,600,10,1,10,val,1,0.407519,1,0,2966,2783,0.938301,2785,2443,0.877199,22.6949,25.4,7.9,0.852616,29607,4748,24859,0.160367,298.308,5.2881,3,83.3333,35.592
STGCN,learned,123,25,600,10,1,10,val,1,0.423863,1,0,2966,2740,0.923803,2785,2371,0.851346,21.9285,24.4,7.1,0.826986,27049,4797,22252,0.177345,267.024,4.87242,2,83.3333,35.592
STGCN,learned,123,25,600,10,1,10,val,1,0.439086,1,0,2966,2689,0.906608,2785,2279,0.818312,21.1039,23.6,6.18,0.799866,24780,4816,19964,0.19435,239.568,4.45407,2,83.3333,35.592
STGCN,learned,123,25,600,10,1,10,val,1,0.453558,1,0,2966,2622,0.884019,2785,2169,0.778815,20.1531,22.8,4.9,0.769244,22250,4715,17535,0.21191,210.42,4.1201,2,83.3333,35.592
STGCN,learned,123,25,600,10,1,10,val,1,0.468663,1,0,2966,2555,0.86143,2785,2035,0.7307,19.1056,21.9,4,0.734934,19921,4632,15289,0.232518,183.468,3.72569,2,83.3333,35.592
STGCN,learned,123,25,600,10,1,10,val,1,0.484369,1,0,2966,2484,0.837492,2785,1883,0.676122,17.808,20.8,3.2,0.692681,17365,4437,12928,0.255514,155.136,3.37972,2,83.3333,35.592
STGCN,learned,123,25,600,10,1,10,val,1,0.492317,1,0,2966,2447,0.825017,2785,1812,0.650628,17.2139,20,2.9,0.673628,16157,4369,11788,0.270409,141.456,3.22956,2,83.3333,35.592
STGCN,learned,123,25,600,10,1,10,val,1,0.501514,1,0,2966,2392,0.806473,2785,1691,0.607181,16.3791,18.3,2.5,0.646803,14781,4240,10541,0.286855,126.492,3.0739,2,83.3333,35.592
STGCN,learned,123,25,600,10,1,10,val,1,0.521427,1,0,2966,2254,0.759946,2785,1425,0.51167,14.6824,13.4,1.9,0.59353,12333,3979,8354,0.32263,100.248,2.75102,1,83.3333,35.592
STGCN,learned,123,25,600,10,1,10,val,1,0.546527,1,0,2966,2105,0.70971,2785,1152,0.413645,13.0324,11,1.4,0.542748,10115,3778,6337,0.373505,76.044,2.44864,1,83.3333,35.592
STGCN,learned,123,25,600,10,1,10,val,1,0.579221,1,0,2966,1975,0.66588,2785,944,0.338959,11.7717,9.4,1,0.503211,8312,3730,4582,0.448749,54.984,2.17023,1,83.3333,35.592
STGCN,learned,123,25,600,10,1,10,val,1,0.613482,1,0,2966,1865,0.628793,2785,800,0.287253,10.6061,7.4,0.7,0.464134,6898,3727,3171,0.540302,38.052,1.97414,1,83.3333,35.592
STGCN,learned,123,25,600,10,1,10,val,1,0.645478,1,0,2966,1721,0.580243,2785,654,0.234829,9.53173,6,0.5,0.427968,5666,3515,2151,0.620367,25.812,1.78847,1,83.3333,35.592
STGCN,learned,123,25,600,10,1,10,val,1,0.677201,1,0,2966,1534,0.517195,2785,501,0.179892,8.11656,4.7,0.3,0.383092,4289,3025,1264,0.705293,15.168,1.60047,1,83.3333,35.592
STGCN,learned,123,25,600,10,1,10,val,1,0.712588,1,0,2966,1189,0.400877,2785,282,0.101257,6.1841,3.1,0.1,0.32078,2701,2161,540,0.800074,6.48,1.45556,1,83.3333,35.592
STGCN,learned,123,25,600,10,1,10,val,1,0.765092,1,0,2966,562,0.189481,2785,43,0.0154399,3.09306,1.3,0,0.224106,911,814,97,0.893524,1.164,1.46392,1,83.3333,35.592
STGCN,learned,123,25,600,10,1,10,test,1,0.13858,1,0.15,3530,3526,0.998867,3389,3383,0.99823,27.4605,29.4,21.85,0.991614,51583,3502,48081,0.0678906,576.972,36.4187,39,83.3333,42.36
STGCN,learned,123,25,600,10,1,10,test,1,0.244461,1,0.15,3530,3502,0.992068,3389,3348,0.987902,26.8794,29.4,18.5,0.971801,37717,3551,34166,0.0941485,409.992,20.2692,18,83.3333,42.36
STGCN,learned,123,25,600,10,1,10,test,1,0.301573,1,0.15,3530,3480,0.985836,3389,3306,0.975509,26.339,29.3,17.29,0.953536,31890,3643,28247,0.114236,338.964,17.1864,15,83.3333,42.36
STGCN,learned,123,25,600,10,1,10,test,1,0.34052,1,0.15,3530,3445,0.975921,3389,3230,0.953084,25.6936,29.2,15,0.931659,28378,3692,24686,0.130101,296.232,15.6622,13,83.3333,42.36
STGCN,learned,123,25,600,10,1,10,test,1,0.368192,1,0.15,3530,3412,0.966572,3389,3171,0.935674,25.0754,28.9,13.21,0.910575,25679,3699,21980,0.144048,263.76,14.7572,12,83.3333,42.36
STGCN,learned,123,25,600,10,1,10,test,1,0.389301,1,0.15,3530,3367,0.953824,3389,3103,0.915609,24.4693,27.8,12,0.890122,23453,3714,19739,0.158359,236.868,14.1484,12,83.3333,42.36
STGCN,learned,123,25,600,10,1,10,test,1,0.407519,1,0.15,3530,3311,0.93796,3389,3008,0.887577,23.7391,26.7,10.6,0.865955,21602,3700,17902,0.17128,214.824,13.5525,11,83.3333,42.36
STGCN,learned,123,25,600,10,1,10,test,1,0.423863,1,0.15,3530,3265,0.924929,3389,2916,0.860431,23.047,25.6,9.3,0.842777,19865,3675,16190,0.184999,194.28,13.0121,11,83.3333,42.36
STGCN,learned,123,25,600,10,1,10,test,1,0.439086,1,0.15,3530,3198,0.905949,3389,2818,0.831514,22.2325,24.4,8.2,0.81588,18169,3603,14566,0.198305,174.792,12.4062,10,83.3333,42.36
STGCN,learned,123,25,600,10,1,10,test,1,0.453558,1,0.15,3530,3148,0.891785,3389,2721,0.802892,21.3508,23.5,6.57,0.786434,16642,3562,13080,0.214037,156.96,11.8226,9,83.3333,42.36
STGCN,learned,123,25,600,10,1,10,test,1,0.468663,1,0.15,3530,3084,0.873654,3389,2582,0.761877,20.3739,22.6,5.1,0.753813,14987,3498,11489,0.233402,137.868,11.1972,8,83.3333,42.36
STGCN,learned,123,25,600,10,1,10,test,1,0.484369,1,0.15,3530,2987,0.846176,3389,2389,0.704928,19.1364,21.7,3.8,0.713086,13288,3402,9886,0.25602,118.632,10.5807,8,83.3333,42.36
STGCN,learned,123,25,600,10,1,10,test,1,0.492317,1,0.15,3530,2945,0.834278,3389,2284,0.673945,18.4051,21.2,3.2,0.68868,12405,3342,9063,0.269407,108.756,10.2723,7,83.3333,42.36
STGCN,learned,123,25,600,10,1,10,test,1,0.501514,1,0.15,3530,2877,0.815014,3389,2139,0.63116,17.6045,20.4,2.8,0.662299,11500,3263,8237,0.283739,98.844,9.90324,7,83.3333,42.36
STGCN,learned,123,25,600,10,1,10,test,1,0.521427,1,0.15,3530,2728,0.772805,3389,1851,0.546179,15.9588,15.9,2.1,0.609197,9644,3070,6574,0.318333,78.888,9.0651,6,83.3333,42.36
STGCN,learned,123,25,600,10,1,10,test,1,0.546527,1,0.15,3530,2546,0.721246,3389,1492,0.440248,13.9727,12,1.4,0.544827,7841,2824,5017,0.360158,60.204,8.02651,5,83.3333,42.36
STGCN,learned,123,25,600,10,1,10,test,1,0.579221,1,0.15,3530,2360,0.668555,3389,1182,0.348775,12.3928,10,1,0.494624,6296,2630,3666,0.417726,43.992,6.86088,4,83.3333,42.36
STGCN,learned,123,25,600,10,1,10,test,1,0.613482,1,0.15,3530,2184,0.618697,3389,990,0.292122,11.2126,8.4,0.8,0.457014,5117,2455,2662,0.479773,31.944,5.74343,4,83.3333,42.36
STGCN,learned,123,25,600,10,1,10,test,1,0.645478,1,0.15,3530,1990,0.563739,3389,799,0.235763,9.8499,6.3,0.5,0.412655,4064,2257,1807,0.555364,21.684,4.81461,3,83.3333,42.36
STGCN,learned,123,25,600,10,1,10,test,1,0.677201,1,0.15,3530,1762,0.49915,3389,592,0.174683,8.18683,4.7,0.3,0.355506,3067,1994,1073,0.650147,12.876,4.11929,3,83.3333,42.36
STGCN,learned,123,25,600,10,1,10,test,1,0.712588,1,0.15,3530,1363,0.386119,3389,292,0.0861611,5.74725,2.7,0.1,0.273318,1972,1476,496,0.748479,5.952,3.65121,2.5,83.3333,42.36
STGCN,learned,123,25,600,10,1,10,test,1,0.765092,1,0.15,3530,605,0.171388,3389,47,0.0138684,3.0357,1.1,0,0.179186,713,624,89,0.875175,1.068,3.16854,2,83.3333,42.36
STGCN,learned,123,25,600,10,1,10,val,1,0.13858,1,0.15,2966,2962,0.998651,2785,2780,0.998205,26.7335,29.4,17.51,0.989032,45297,2946,42351,0.0650374,508.212,36.5337,39,83.3333,35.592
STGCN,learned,123,25,600,10,1,10,val,1,0.244461,1,0.15,2966,2942,0.991908,2785,2737,0.982765,26.0699,29.3,14.21,0.966257,32597,3003,29594,0.092125,355.128,19.6535,18,83.3333,35.592
STGCN,learned,123,25,600,10,1,10,val,1,0.301573,1,0.15,2966,2915,0.982805,2785,2691,0.966248,25.4266,29.2,12.54,0.944488,27386,3053,24333,0.11148,291.996,16.5379,14,83.3333,35.592
STGCN,learned,123,25,600,10,1,10,val,1,0.34052,1,0.15,2966,2892,0.975051,2785,2633,0.945422,24.77,29.1,10.9,0.921965,23955,3075,20880,0.128366,250.56,15.1539,12,83.3333,35.592
STGCN,learned,123,25,600,10,1,10,val,1,0.368192,1,0.15,2966,2862,0.964936,2785,2575,0.924596,24.1666,28,9.91,0.901334,21409,3078,18331,0.143771,219.972,14.3196,12,83.3333,35.592
STGCN,learned,123,25,600,10,1,10,val,1,0.389301,1,0.15,2966,2826,0.952798,2785,2517,0.90377,23.5182,26.8,9.05,0.879788,19506,3066,16440,0.157182,197.28,13.6975,11,83.3333,35.592
STGCN,learned,123,25,600,10,1,10,val,1,0.407519,1,0.15,2966,2794,0.942009,2785,2455,0.881508,22.8548,25.6,7.93,0.857702,17850,3050,14800,0.170868,177.6,13.1389,10,83.3333,35.592
STGCN,learned,123,25,600,10,1,10,val,1,0.423863,1,0.15,2966,2752,0.927849,2785,2385,0.856373,22.1107,24.6,7.1,0.832793,16346,3032,13314,0.185489,159.768,12.6182,10,83.3333,35.592
STGCN,learned,123,25,600,10,1,10,val,1,0.439086,1,0.15,2966,2705,0.912003,2785,2298,0.825135,21.3133,23.8,6.24,0.806462,14995,3019,11976,0.201334,143.712,12.0903,9,83.3333,35.592
STGCN,learned,123,25,600,10,1,10,val,1,0.453558,1,0.15,2966,2639,0.889751,2785,2188,0.785637,20.3646,22.9,5.1,0.77587,13608,2967,10641,0.218034,127.692,11.5634,9,83.3333,35.592
STGCN,learned,123,25,600,10,1,10,val,1,0.468663,1,0.15,2966,2569,0.86615,2785,2052,0.736804,19.3048,22.1,4.1,0.741213,12198,2901,9297,0.237826,111.564,11.0279,8,83.3333,35.592
STGCN,learned,123,25,600,10,1,10,val,1,0.484369,1,0.15,2966,2498,0.842212,2785,1900,0.682226,18.0287,20.9,3.2,0.699671,10773,2795,7978,0.259445,95.736,10.3175,7,83.3333,35.592
STGCN,learned,123,25,600,10,1,10,val,1,0.492317,1,0.15,2966,2458,0.828726,2785,1825,0.655296,17.3993,20.15,3,0.679512,10083,2745,7338,0.27224,88.056,9.9846,7,83.3333,35.592
STGCN,learned,123,25,600,10,1,10,val,1,0.501514,1,0.15,2966,2402,0.809845,2785,1704,0.611849,16.5657,18.5,2.6,0.652738,9259,2675,6584,0.288908,79.008,9.61999,6,83.3333,35.592
STGCN,learned,123,25,600,10,1,10,val,1,0.521427,1,0.15,2966,2264,0.763318,2785,1438,0.516338,14.8584,13.55,1.9,0.599063,7760,2493,5267,0.321263,63.204,8.8295,6,83.3333,35.592
STGCN,learned,123,25,600,10,1,10,val,1,0.546527,1,0.15,2966,2116,0.713419,2785,1165,0.418312,13.1966,11.1,1.4,0.547772,6414,2329,4085,0.363112,49.02,7.80636,5,83.3333,35.592
STGCN,learned,123,25,600,10,1,10,val,1,0.579221,1,0.15,2966,1978,0.666891,2785,948,0.340395,11.8551,9.4,1,0.505886,5221,2181,3040,0.417736,36.48,6.74967,4,83.3333,35.592
STGCN,learned,123,25,600,10,1,10,val,1,0.613482,1,0.15,2966,1870,0.630479,2785,806,0.289408,10.6926,7.5,0.7,0.466806,4236,2066,2170,0.487724,26.04,5.83456,3,83.3333,35.592
STGCN,learned,123,25,600,10,1,10,val,1,0.645478,1,0.15,2966,1725,0.581591,2785,659,0.236625,9.60325,6.1,0.5,0.430168,3466,1933,1533,0.557703,18.396,5.03979,3,83.3333,35.592
STGCN,learned,123,25,600,10,1,10,val,1,0.677201,1,0.15,2966,1534,0.517195,2785,501,0.179892,8.11721,4.7,0.3,0.383114,2649,1716,933,0.647792,11.196,4.54019,3,83.3333,35.592
STGCN,learned,123,25,600,10,1,10,val,1,0.712588,1,0.15,2966,1189,0.400877,2785,282,0.101257,6.18747,3.1,0.1,0.320894,1732,1303,429,0.752309,5.148,3.97436,3,83.3333,35.592
STGCN,learned,123,25,600,10,1,10,val,1,0.765092,1,0.15,2966,562,0.189481,2785,43,0.0154399,3.09306,1.3,0,0.224106,665,590,75,0.887218,0.9,4.21333,3,83.3333,35.592
STGCN,learned,123,25,600,10,1,10,test,1,0.13858,0.5,0,3530,3521,0.99745,3389,3377,0.996459,27.3669,29.4,21.1,0.988512,72329,3588,68741,0.0496067,824.892,13.8555,7,83.3333,42.36
STGCN,learned,123,25,600,10,1,10,test,1,0.244461,0.5,0,3530,3490,0.988669,3389,3330,0.982591,26.6344,29.3,18.2,0.96365,42422,3863,38559,0.0910612,462.708,12.3739,7,83.3333,42.36
STGCN,learned,123,25,600,10,1,10,test,1,0.301573,0.5,0,3530,3453,0.978187,3389,3248,0.958395,25.8033,29.1,15.52,0.935634,34851,4113,30738,0.118017,368.856,11.216,7,83.3333,42.36
STGCN,learned,123,25,600,10,1,10,test,1,0.34052,0.5,0,3530,3406,0.964873,3389,3153,0.930363,24.9381,28.4,13.2,0.906541,30464,4316,26148,0.141675,313.776,10.2984,6,83.3333,42.36
STGCN,learned,123,25,600,10,1,10,test,1,0.368192,0.5,0,3530,3345,0.947592,3389,3060,0.902921,24.1314,27.1,11.4,0.879264,27613,4454,23159,0.161301,277.908,9.44825,6,83.3333,42.36
STGCN,learned,123,25,600,10,1,10,test,1,0.389301,0.5,0,3530,3284,0.930312,3389,2967,0.875479,23.3406,26.1,10.2,0.853031,25358,4531,20827,0.178681,249.924,8.69218,5,83.3333,42.36
STGCN,learned,123,25,600,10,1,10,test,1,0.407519,0.5,0,3530,3214,0.910482,3389,2851,0.841251,22.5082,24.9,8.8,0.82527,23391,4582,18809,0.195887,225.708,7.95741,5,83.3333,42.36
STGCN,learned,123,25,600,10,1,10,test,1,0.423863,0.5,0,3530,3161,0.895467,3389,2741,0.808793,21.6419,23.9,7.2,0.796293,21181,4532,16649,0.213965,199.788,7.38321,4,83.3333,42.36
STGCN,learned,123,25,600,10,1,10,test,1,0.439086,0.5,0,3530,3098,0.87762,3389,2622,0.77368,20.6428,22.9,5.37,0.762784,19112,4508,14604,0.235873,175.248,6.84484,4,83.3333,42.36
STGCN,learned,123,25,600,10,1,10,test,1,0.453558,0.5,0,3530,3013,0.853541,3389,2460,0.725878,19.625,22.1,4.1,0.729384,16999,4425,12574,0.260309,150.888,6.39208,4,83.3333,42.36
STGCN,learned,123,25,600,10,1,10,test,1,0.468663,0.5,0,3530,2910,0.824363,3389,2246,0.662732,18.338,21.1,3,0.686925,14976,4240,10736,0.28312,128.832,5.81185,4,83.3333,42.36
STGCN,learned,123,25,600,10,1,10,test,1,0.484369,0.5,0,3530,2787,0.789518,3389,2019,0.595751,16.9007,19.7,2.2,0.640257,12760,3991,8769,0.312774,105.228,5.32934,3,83.3333,42.36
STGCN,learned,123,25,600,10,1,10,test,1,0.492317,0.5,0,3530,2731,0.773654,3389,1901,0.560932,16.203,18.3,2,0.617578,11667,3855,7812,0.330419,93.744,5.14798,3,83.3333,42.36
STGCN,learned,123,25,600,10,1,10,test,1,0.501514,0.5,0,3530,2657,0.752691,3389,1754,0.517557,15.3853,15.7,1.66,0.590983,10592,3706,6886,0.349887,82.632,4.92303,3,83.3333,42.36
STGCN,learned,123,25,600,10,1,10,test,1,0.521427,0.5,0,3530,2494,0.706516,3389,1473,0.434641,13.82,12.4,1.2,0.541675,8587,3390,5197,0.394783,62.364,4.43025,3,83.3333,42.36
STGCN,learned,123,25,600,10,1,10,test,1,0.546527,0.5,0,3530,2308,0.653824,3389,1162,0.342874,12.02,10,0.7,0.484541,6660,3067,3593,0.460511,43.116,4.03729,2,83.3333,42.36
STGCN,learned,123,25,600,10,1,10,test,1,0.579221,0.5,0,3530,2056,0.582436,3389,900,0.265565,10.6094,8.2,0.5,0.442963,5170,2839,2331,0.54913,27.972,3.48949,2,83.3333,42.36
STGCN,learned,123,25,600,10,1,10,test,1,0.613482,0.5,0,3530,1793,0.507932,3389,706,0.208321,9.47881,6.3,0.3,0.410252,3994,2648,1346,0.662994,16.152,3.11441,2,83.3333,42.36
STGCN,learned,123,25,600,10,1,10,test,1,0.645478,0.5,0,3530,1496,0.423796,3389,518,0.152847,8.32995,5.2,0.2,0.378705,2896,2226,670,0.768646,8.04,3.08657,2,83.3333,42.36
STGCN,learned,123,25,600,10,1,10,test,1,0.677201,0.5,0,3530,1148,0.325212,3389,303,0.0894069,6.74756,3.5,0,0.332567,2026,1680,346,0.82922,4.152,2.65607,2,83.3333,42.36
STGCN,learned,123,25,600,10,1,10,test,1,0.712588,0.5,0,3530,685,0.194051,3389,111,0.032753,4.5854,2,0,0.272342,1035,911,124,0.880193,1.488,2.33871,1.5,83.3333,42.36
STGCN,learned,123,25,600,10,1,10,test,1,0.765092,0.5,0,3530,207,0.0586402,3389,7,0.00206551,2.63237,1.1,0,0.220643,266,253,13,0.951128,0.156,2.15385,2,83.3333,42.36
STGCN,learned,123,25,600,10,1,10,val,1,0.13858,0.5,0,2966,2956,0.996628,2785,2773,0.995691,26.6176,29.4,16.8,0.985154,64017,3027,60990,0.0472843,731.88,13.2563,6,83.3333,35.592
STGCN,learned,123,25,600,10,1,10,val,1,0.244461,0.5,0,2966,2930,0.987862,2785,2720,0.976661,25.7699,29.2,13.5,0.956269,36623,3245,33378,0.0886055,400.536,11.8555,7,83.3333,35.592
STGCN,learned,123,25,600,10,1,10,val,1,0.301573,0.5,0,2966,2894,0.975725,2785,2646,0.95009,24.8612,29,11.2,0.925636,29432,3409,26023,0.115826,312.276,10.8308,6,83.3333,35.592
STGCN,learned,123,25,600,10,1,10,val,1,0.34052,0.5,0,2966,2852,0.961564,2785,2568,0.922083,24.0343,27.7,10,0.897739,25385,3569,21816,0.140595,261.792,9.96507,6,83.3333,35.592
STGCN,learned,123,25,600,10,1,10,val,1,0.368192,0.5,0,2966,2807,0.946392,2785,2484,0.891921,23.2387,26.4,8.86,0.871082,22803,3702,19101,0.162347,229.212,9.19428,6,83.3333,35.592
STGCN,learned,123,25,600,10,1,10,val,1,0.389301,0.5,0,2966,2762,0.93122,2785,2404,0.863196,22.4386,25.2,7.4,0.844373,20837,3765,17072,0.180688,204.864,8.48295,5,83.3333,35.592
STGCN,learned,123,25,600,10,1,10,val,1,0.407519,0.5,0,2966,2708,0.913014,2785,2319,0.832675,21.6482,24.2,6.6,0.818622,19105,3821,15284,0.2,183.408,7.79515,5,83.3333,35.592
STGCN,learned,123,25,600,10,1,10,val,1,0.423863,0.5,0,2966,2657,0.895819,2785,2222,0.797846,20.7003,23.3,5.3,0.78674,17387,3810,13577,0.219129,162.924,7.16278,4,83.3333,35.592
STGCN,learned,123,25,600,10,1,10,val,1,0.439086,0.5,0,2966,2578,0.869184,2785,2092,0.751167,19.6598,22.4,4.27,0.753151,15504,3740,11764,0.241228,141.168,6.7086,4,83.3333,35.592
STGCN,learned,123,25,600,10,1,10,val,1,0.453558,0.5,0,2966,2492,0.840189,2785,1937,0.695512,18.6416,21.5,3.31,0.720713,13790,3592,10198,0.260479,122.376,6.20896,4,83.3333,35.592
STGCN,learned,123,25,600,10,1,10,val,1,0.468663,0.5,0,2966,2397,0.808159,2785,1774,0.636984,17.3868,20.3,2.7,0.680622,11896,3394,8502,0.285306,102.024,5.77758,3,83.3333,35.592
STGCN,learned,123,25,600,10,1,10,val,1,0.484369,0.5,0,2966,2295,0.773769,2785,1571,0.564093,15.9876,18,2.2,0.636242,10049,3176,6873,0.316051,82.476,5.40099,3,83.3333,35.592
STGCN,learned,123,25,600,10,1,10,val,1,0.492317,0.5,0,2966,2243,0.756237,2785,1463,0.525314,15.2251,16.1,1.8,0.612294,9206,3047,6159,0.33098,73.908,5.21075,3,83.3333,35.592
STGCN,learned,123,25,600,10,1,10,val,1,0.501514,0.5,0,2966,2184,0.736345,2785,1353,0.485817,14.4385,13.5,1.6,0.58772,8423,2953,5470,0.350588,65.64,4.95009,3,83.3333,35.592
STGCN,learned,123,25,600,10,1,10,val,1,0.521427,0.5,0,2966,2058,0.693864,2785,1150,0.412926,13.0405,11.2,1.2,0.544506,6794,2737,4057,0.402855,48.684,4.62213,3,83.3333,35.592
STGCN,learned,123,25,600,10,1,10,val,1,0.546527,0.5,0,2966,1921,0.647674,2785,930,0.333932,11.6433,9.5,0.8,0.502663,5444,2532,2912,0.465099,34.944,4.18372,2,83.3333,35.592
STGCN,learned,123,25,600,10,1,10,val,1,0.579221,0.5,0,2966,1761,0.593729,2785,750,0.2693,10.3683,7.6,0.4,0.464399,4287,2394,1893,0.558432,22.716,3.77971,2,83.3333,35.592
STGCN,learned,123,25,600,10,1,10,val,1,0.613482,0.5,0,2966,1577,0.531693,2785,599,0.215081,9.24743,6.1,0.3,0.43136,3438,2277,1161,0.662304,13.932,3.45995,2,83.3333,35.592
STGCN,learned,123,25,600,10,1,10,val,1,0.645478,0.5,0,2966,1325,0.44673,2785,455,0.163375,8.24815,5.3,0.1,0.406256,2640,1956,684,0.740909,8.208,3.07749,2,83.3333,35.592
STGCN,learned,123,25,600,10,1,10,val,1,0.677201,0.5,0,2966,1027,0.346258,2785,283,0.101616,6.98939,4.2,0,0.379989,1867,1530,337,0.819497,4.044,2.67656,2,83.3333,35.592
STGCN,learned,123,25,600,10,1,10,val,1,0.712588,0.5,0,2966,641,0.216116,2785,117,0.0420108,5.31856,2.9,0,0.345452,1002,903,99,0.901198,1.188,2.62626,1,83.3333,35.592
STGCN,learned,123,25,600,10,1,10,val,1,0.765092,0.5,0,2966,224,0.0755226,2785,12,0.0043088,2.86607,1.2,0,0.314081,299,282,17,0.943144,0.204,2.94118,2,83.3333,35.592
STGCN,learned,123,25,600,10,1,10,test,1,0.13858,0.5,0.15,3530,3526,0.998867,3389,3382,0.997934,27.4134,29.4,21.4,0.989994,46353,3502,42851,0.0755507,514.212,36.2999,38,83.3333,42.36
STGCN,learned,123,25,600,10,1,10,test,1,0.244461,0.5,0.15,3530,3497,0.990652,3389,3337,0.984656,26.7125,29.3,18.2,0.966184,29793,3481,26312,0.11684,315.744,25.1418,25,83.3333,42.36
STGCN,learned,123,25,600,10,1,10,test,1,0.301573,0.5,0.15,3530,3464,0.981303,3389,3259,0.961641,25.9179,29.2,15.73,0.939315,24650,3479,21171,0.141136,254.052,21.7208,21,83.3333,42.36
STGCN,learned,123,25,600,10,1,10,test,1,0.34052,0.5,0.15,3530,3415,0.967422,3389,3163,0.933314,25.0692,28.7,13.3,0.910813,21583,3461,18122,0.160358,217.464,19.8943,19,83.3333,42.36
STGCN,learned,123,25,600,10,1,10,test,1,0.368192,0.5,0.15,3530,3357,0.950992,3389,3073,0.906757,24.2803,27.5,11.5,0.884065,19369,3425,15944,0.176829,191.328,18.7045,18,83.3333,42.36
STGCN,learned,123,25,600,10,1,10,test,1,0.389301,0.5,0.15,3530,3297,0.933994,3389,2982,0.879906,23.5121,26.4,10.3,0.85857,17562,3377,14185,0.19229,170.22,17.8506,17,83.3333,42.36
STGCN,learned,123,25,600,10,1,10,test,1,0.407519,0.5,0.15,3530,3233,0.915864,3389,2872,0.847448,22.6989,25.2,8.9,0.83133,16094,3339,12755,0.207469,153.06,17.0616,16,83.3333,42.36
STGCN,learned,123,25,600,10,1,10,test,1,0.423863,0.5,0.15,3530,3180,0.90085,3389,2762,0.81499,21.8104,24.1,7.2,0.801605,14698,3303,11395,0.224724,136.74,16.1994,15,83.3333,42.36
STGCN,learned,123,25,600,10,1,10,test,1,0.439086,0.5,0.15,3530,3117,0.883003,3389,2644,0.780171,20.8251,23.1,5.4,0.768569,13275,3244,10031,0.244369,120.372,15.4729,14,83.3333,42.36
STGCN,learned,123,25,600,10,1,10,test,1,0.453558,0.5,0.15,3530,3036,0.860057,3389,2487,0.733845,19.8451,22.3,4.2,0.736367,11889,3167,8722,0.266381,104.664,14.8044,13,83.3333,42.36
STGCN,learned,123,25,600,10,1,10,test,1,0.468663,0.5,0.15,3530,2935,0.831445,3389,2275,0.671289,18.551,21.3,3,0.693584,10511,3051,7460,0.290267,89.52,14.0488,12,83.3333,42.36
STGCN,learned,123,25,600,10,1,10,test,1,0.484369,0.5,0.15,3530,2811,0.796317,3389,2045,0.603423,17.0917,20,2.2,0.646146,9036,2923,6113,0.323484,73.356,13.4855,12,83.3333,42.36
STGCN,learned,123,25,600,10,1,10,test,1,0.492317,0.5,0.15,3530,2747,0.778187,3389,1919,0.566244,16.3835,18.6,2,0.623281,8342,2854,5488,0.342124,65.856,13.1015,11,83.3333,42.36
STGCN,learned,123,25,600,10,1,10,test,1,0.501514,0.5,0.15,3530,2678,0.75864,3389,1777,0.524343,15.5883,16,1.7,0.597286,7627,2785,4842,0.36515,58.104,12.6708,11,83.3333,42.36
STGCN,learned,123,25,600,10,1,10,test,1,0.521427,0.5,0.15,3530,2512,0.711615,3389,1496,0.441428,14.0505,12.5,1.2,0.548926,6253,2594,3659,0.414841,43.908,11.8838,10,83.3333,42.36
STGCN,learned,123,25,600,10,1,10,test,1,0.546527,0.5,0.15,3530,2320,0.657224,3389,1177,0.3473,12.162,10.1,0.7,0.488931,4947,2385,2562,0.48211,30.744,10.8283,9,83.3333,42.36
STGCN,learned,123,25,600,10,1,10,test,1,0.579221,0.5,0.15,3530,2063,0.584419,3389,908,0.267926,10.7101,8.2,0.5,0.446067,3785,2118,1667,0.559577,20.004,9.87702,8,83.3333,42.36
STGCN,learned,123,25,600,10,1,10,test,1,0.613482,0.5,0.15,3530,1799,0.509632,3389,714,0.210682,9.59767,6.4,0.3,0.413946,2850,1864,986,0.654035,11.832,8.65416,7,83.3333,42.36
STGCN,learned,123,25,600,10,1,10,test,1,0.645478,0.5,0.15,3530,1499,0.424646,3389,522,0.154028,8.42108,5.2,0.2,0.381583,2043,1535,508,0.751346,6.096,8.01772,6,83.3333,42.36
STGCN,learned,123,25,600,10,1,10,test,1,0.677201,0.5,0.15,3530,1149,0.325496,3389,304,0.089702,6.7678,3.5,0,0.333148,1443,1165,278,0.807346,3.336,7.07554,5,83.3333,42.36
STGCN,learned,123,25,600,10,1,10,test,1,0.712588,0.5,0.15,3530,686,0.194334,3389,112,0.0330481,4.62245,2,0,0.273403,789,687,102,0.870722,1.224,6.13725,5.5,83.3333,42.36
STGCN,learned,123,25,600,10,1,10,test,1,0.765092,0.5,0.15,3530,207,0.0586402,3389,7,0.00206551,2.63237,1.1,0,0.220643,218,207,11,0.949541,0.132,4.81818,4,83.3333,42.36
STGCN,learned,123,25,600,10,1,10,val,1,0.13858,0.5,0.15,2966,2959,0.99764,2785,2776,0.996768,26.6731,29.4,16.9,0.98694,40472,2943,37529,0.0727169,450.348,36.6051,39,83.3333,35.592
STGCN,learned,123,25,600,10,1,10,val,1,0.244461,0.5,0.15,2966,2936,0.989885,2785,2727,0.979174,25.8661,29.3,13.6,0.959343,25604,2929,22675,0.114396,272.1,24.6307,24,83.3333,35.592
STGCN,learned,123,25,600,10,1,10,val,1,0.301573,0.5,0.15,2966,2900,0.977748,2785,2653,0.952603,24.968,29.1,11.29,0.929059,21005,2911,18094,0.138586,217.128,21.0805,21,83.3333,35.592
STGCN,learned,123,25,600,10,1,10,val,1,0.34052,0.5,0.15,2966,2859,0.963924,2785,2576,0.924955,24.156,28,10,0.901664,18148,2898,15250,0.159687,183,19.2935,19,83.3333,35.592
STGCN,learned,123,25,600,10,1,10,val,1,0.368192,0.5,0.15,2966,2814,0.948753,2785,2491,0.894434,23.3522,26.7,8.9,0.8747,16160,2862,13298,0.177104,159.576,18.1439,17,83.3333,35.592
STGCN,learned,123,25,600,10,1,10,val,1,0.389301,0.5,0.15,2966,2773,0.934929,2785,2415,0.867145,22.5599,25.4,7.42,0.848127,14638,2832,11806,0.193469,141.672,17.3038,17,83.3333,35.592
STGCN,learned,123,25,600,10,1,10,val,1,0.407519,0.5,0.15,2966,2718,0.916386,2785,2329,0.836266,21.7554,24.3,6.6,0.821939,13285,2792,10493,0.210162,125.916,16.58,16,83.3333,35.592
STGCN,learned,123,25,600,10,1,10,val,1,0.423863,0.5,0.15,2966,2672,0.900877,2785,2239,0.80395,20.8616,23.4,5.4,0.791722,12082,2754,9328,0.227942,111.936,15.8315,15,83.3333,35.592
STGCN,learned,123,25,600,10,1,10,val,1,0.439086,0.5,0.15,2966,2594,0.874579,2785,2111,0.757989,19.8474,22.5,4.33,0.758989,10836,2673,8163,0.246678,97.956,15.2015,14,83.3333,35.592
STGCN,learned,123,25,600,10,1,10,val,1,0.453558,0.5,0.15,2966,2509,0.84592,2785,1955,0.701975,18.7993,21.6,3.4,0.72549,9669,2592,7077,0.268073,84.924,14.5995,13,83.3333,35.592
STGCN,learned,123,25,600,10,1,10,val,1,0.468663,0.5,0.15,2966,2415,0.814228,2785,1795,0.644524,17.5612,20.4,2.74,0.685871,8405,2485,5920,0.295657,71.04,13.9674,12,83.3333,35.592
STGCN,learned,123,25,600,10,1,10,val,1,0.484369,0.5,0.15,2966,2306,0.777478,2785,1587,0.569838,16.1664,18.4,2.2,0.641852,7215,2371,4844,0.328621,58.128,13.1831,11,83.3333,35.592
STGCN,learned,123,25,600,10,1,10,val,1,0.492317,0.5,0.15,2966,2253,0.759609,2785,1477,0.530341,15.4077,16.3,1.82,0.618064,6654,2311,4343,0.34731,52.116,12.8798,11,83.3333,35.592
STGCN,learned,123,25,600,10,1,10,val,1,0.501514,0.5,0.15,2966,2195,0.740054,2785,1370,0.491921,14.6298,13.8,1.6,0.593708,6103,2247,3856,0.36818,46.272,12.4748,11,83.3333,35.592
STGCN,learned,123,25,600,10,1,10,val,1,0.521427,0.5,0.15,2966,2072,0.698584,2785,1167,0.419031,13.2215,11.3,1.2,0.549934,5015,2120,2895,0.422732,34.74,11.6615,10,83.3333,35.592
STGCN,learned,123,25,600,10,1,10,val,1,0.546527,0.5,0.15,2966,1929,0.650371,2785,940,0.337522,11.7692,9.6,0.8,0.506508,4051,1971,2080,0.486547,24.96,10.8183,9,83.3333,35.592
STGCN,learned,123,25,600,10,1,10,val,1,0.579221,0.5,0.15,2966,1767,0.595752,2785,757,0.271813,10.4663,7.6,0.4,0.467354,3164,1810,1354,0.572061,16.248,10.0059,8,83.3333,35.592
STGCN,learned,123,25,600,10,1,10,val,1,0.613482,0.5,0.15,2966,1578,0.53203,2785,601,0.215799,9.28124,6.2,0.3,0.432433,2475,1618,857,0.653737,10.284,9.0035,7,83.3333,35.592
STGCN,learned,123,25,600,10,1,10,val,1,0.645478,0.5,0.15,2966,1326,0.447067,2785,456,0.163734,8.26478,5.3,0.1,0.406729,1853,1352,501,0.729628,6.012,8.15768,6,83.3333,35.592
STGCN,learned,123,25,600,10,1,10,val,1,0.677201,0.5,0.15,2966,1027,0.346258,2785,283,0.101616,6.99036,4.2,0,0.380022,1291,1040,251,0.805577,3.012,7.25896,5,83.3333,35.592
STGCN,learned,123,25,600,10,1,10,val,1,0.712588,0.5,0.15,2966,642,0.216453,2785,118,0.0423698,5.35576,2.9,0,0.346472,726,644,82,0.887052,0.984,6.92683,5,83.3333,35.592
STGCN,learned,123,25,600,10,1,10,val,1,0.765092,0.5,0.15,2966,224,0.0755226,2785,12,0.0043088,2.86607,1.2,0,0.314081,238,224,14,0.941176,0.168,7.5,6,83.3333,35.592
STGCN,learned,123,25,600,10,1,10,test,1,0.13858,0.25,0,3530,3517,0.996317,3389,3373,0.995279,27.303,29.4,20.76,0.986377,52846,3525,49321,0.0667033,591.852,18.9586,15,83.3333,42.36
STGCN,learned,123,25,600,10,1,10,test,1,0.244461,0.25,0,3530,3466,0.98187,3389,3290,0.970788,26.196,29.2,17.45,0.949072,31580,3625,27955,0.114788,335.46,16.3355,14,83.3333,42.36
STGCN,learned,123,25,600,10,1,10,test,1,0.301573,0.25,0,3530,3401,0.963456,3389,3164,0.933609,24.8937,28,13.7,0.905553,25704,3678,22026,0.143091,264.312,14.5583,12,83.3333,42.36
STGCN,learned,123,25,600,10,1,10,test,1,0.34052,0.25,0,3530,3319,0.940227,3389,3031,0.894364,23.6939,26.3,11.18,0.865713,22120,3755,18365,0.169756,220.38,13.2524,10,83.3333,42.36
STGCN,learned,123,25,600,10,1,10,test,1,0.368192,0.25,0,3530,3229,0.914731,3389,2896,0.854529,22.6141,24.9,9.7,0.829486,19747,3769,15978,0.190864,191.736,12.077,9,83.3333,42.36
STGCN,learned,123,25,600,10,1,10,test,1,0.389301,0.25,0,3530,3145,0.890935,3389,2752,0.812039,21.5546,23.7,8,0.794221,17794,3774,14020,0.212094,168.24,11.1195,8,83.3333,42.36
STGCN,learned,123,25,600,10,1,10,test,1,0.407519,0.25,0,3530,3059,0.866572,3389,2594,0.765418,20.3915,22.7,5.5,0.755565,15971,3746,12225,0.23455,146.7,10.2787,7,83.3333,42.36
STGCN,learned,123,25,600,10,1,10,test,1,0.423863,0.25,0,3530,2982,0.844759,3389,2431,0.717321,19.1973,21.7,4.1,0.715861,14072,3677,10395,0.261299,124.74,9.70476,6,83.3333,42.36
STGCN,learned,123,25,600,10,1,10,test,1,0.439086,0.25,0,3530,2884,0.816997,3389,2235,0.659487,18.0126,20.7,2.8,0.677012,12373,3530,8843,0.285299,106.116,9.09284,6,83.3333,42.36
STGCN,learned,123,25,600,10,1,10,test,1,0.453558,0.25,0,3530,2761,0.782153,3389,2036,0.600767,16.9006,19.6,2.3,0.641226,10726,3362,7364,0.313444,88.368,8.60388,6,83.3333,42.36
STGCN,learned,123,25,600,10,1,10,test,1,0.468663,0.25,0,3530,2638,0.747309,3389,1811,0.534376,15.5715,17.3,1.8,0.598537,9171,3180,5991,0.346745,71.892,8.05275,5,83.3333,42.36
STGCN,learned,123,25,600,10,1,10,test,1,0.484369,0.25,0,3530,2495,0.706799,3389,1574,0.464444,14.3215,14,1.3,0.559402,7620,2961,4659,0.388583,55.908,7.65851,5,83.3333,42.36
STGCN,learned,123,25,600,10,1,10,test,1,0.492317,0.25,0,3530,2434,0.689518,3389,1465,0.432281,13.6935,13.1,1.1,0.53957,6999,2856,4143,0.408058,49.716,7.35675,5,83.3333,42.36
STGCN,learned,123,25,600,10,1,10,test,1,0.501514,0.25,0,3530,2354,0.666856,3389,1348,0.397757,13.062,11.8,0.8,0.519913,6322,2763,3559,0.437045,42.708,7.10115,5,83.3333,42.36
STGCN,learned,123,25,600,10,1,10,test,1,0.521427,0.25,0,3530,2145,0.607649,3389,1076,0.317498,11.726,10,0.6,0.481096,4991,2434,2557,0.487678,30.684,6.60227,4,83.3333,42.36
STGCN,learned,123,25,600,10,1,10,test,1,0.546527,0.25,0,3530,1898,0.537677,3389,880,0.259664,10.834,8.9,0.3,0.458691,3920,2174,1746,0.554592,20.952,5.89519,4,83.3333,42.36
STGCN,learned,123,25,600,10,1,10,test,1,0.579221,0.25,0,3530,1586,0.449292,3389,674,0.198879,9.89483,7.7,0.2,0.439137,2881,1868,1013,0.648386,12.156,5.26555,3,83.3333,42.36
STGCN,learned,123,25,600,10,1,10,test,1,0.613482,0.25,0,3530,1251,0.354391,3389,495,0.146061,9.26707,7.3,0.3,0.436028,2057,1542,515,0.749635,6.18,4.80388,3,83.3333,42.36
STGCN,learned,123,25,600,10,1,10,test,1,0.645478,0.25,0,3530,932,0.264023,3389,318,0.093833,7.99592,5.4,0.2,0.413069,1409,1139,270,0.808375,3.24,4.3963,3,83.3333,42.36
STGCN,learned,123,25,600,10,1,10,test,1,0.677201,0.25,0,3530,625,0.177054,3389,160,0.0472116,6.4568,3.9,0.1,0.384428,909,786,123,0.864686,1.476,3.5935,2,83.3333,42.36
STGCN,learned,123,25,600,10,1,10,test,1,0.712588,0.25,0,3530,317,0.0898017,3389,54,0.0159339,4.96751,2.5,0,0.377061,411,374,37,0.909976,0.444,3.32432,3,83.3333,42.36
STGCN,learned,123,25,600,10,1,10,test,1,0.765092,0.25,0,3530,69,0.0195467,3389,2,0.000590145,2.35652,0.8,0,0.336768,80,78,2,0.975,0.024,2.5,2.5,83.3333,42.36
STGCN,learned,123,25,600,10,1,10,val,1,0.13858,0.25,0,2966,2955,0.996291,2785,2770,0.994614,26.5235,29.4,16.4,0.982001,46343,2982,43361,0.0643463,520.332,18.3399,15,83.3333,35.592
STGCN,learned,123,25,600,10,1,10,val,1,0.244461,0.25,0,2966,2904,0.979096,2785,2681,0.962657,25.2728,29.1,12.5,0.940049,27240,3032,24208,0.111307,290.496,15.6192,13,83.3333,35.592
STGCN,learned,123,25,600,10,1,10,val,1,0.301573,0.25,0,2966,2846,0.959541,2785,2572,0.923519,23.9811,27.3,10.2,0.8968,21555,3053,18502,0.141638,222.024,14.1181,11,83.3333,35.592
STGCN,learned,123,25,600,10,1,10,val,1,0.34052,0.25,0,2966,2771,0.934255,2785,2431,0.87289,22.76,25.5,8.1,0.856539,18470,3126,15344,0.169247,184.128,12.7849,10,83.3333,35.592
STGCN,learned,123,25,600,10,1,10,val,1,0.368192,0.25,0,2966,2693,0.907957,2785,2321,0.833393,21.6962,24.2,6.9,0.821712,16269,3148,13121,0.193497,157.452,11.7635,8,83.3333,35.592
STGCN,learned,123,25,600,10,1,10,val,1,0.389301,0.25,0,2966,2621,0.883682,2785,2212,0.794255,20.7032,23.1,5.6,0.788882,14602,3156,11446,0.216135,137.352,10.836,7,83.3333,35.592
STGCN,learned,123,25,600,10,1,10,val,1,0.407519,0.25,0,2966,2539,0.856035,2785,2078,0.74614,19.4782,22.1,4.08,0.749407,12897,3078,9819,0.23866,117.828,10.1655,7,83.3333,35.592
STGCN,learned,123,25,600,10,1,10,val,1,0.423863,0.25,0,2966,2441,0.822994,2785,1900,0.682226,18.2878,21,3.2,0.710696,11301,2948,8353,0.260862,100.236,9.5325,6,83.3333,35.592
STGCN,learned,123,25,600,10,1,10,val,1,0.439086,0.25,0,2966,2354,0.793661,2785,1735,0.62298,17.0732,19.9,2.53,0.671854,9717,2832,6885,0.291448,82.62,9.18504,6,83.3333,35.592
STGCN,learned,123,25,600,10,1,10,val,1,0.453558,0.25,0,2966,2278,0.768038,2785,1595,0.572711,15.9793,18.35,2,0.636756,8491,2758,5733,0.324815,68.796,8.68707,6,83.3333,35.592
STGCN,learned,123,25,600,10,1,10,val,1,0.468663,0.25,0,2966,2171,0.731962,2785,1403,0.50377,14.7793,15.6,1.6,0.599715,7174,2583,4591,0.36005,55.092,8.33413,5,83.3333,35.592
STGCN,learned,123,25,600,10,1,10,val,1,0.484369,0.25,0,2966,2061,0.694875,2785,1218,0.437343,13.527,12.6,1.2,0.561595,6170,2408,3762,0.390276,45.144,7.61244,5,83.3333,35.592
STGCN,learned,123,25,600,10,1,10,val,1,0.492317,0.25,0,2966,2015,0.679366,2785,1136,0.407899,12.964,11.8,1,0.544482,5632,2327,3305,0.413175,39.66,7.45779,5,83.3333,35.592
STGCN,learned,123,25,600,10,1,10,val,1,0.501514,0.25,0,2966,1940,0.65408,2785,1050,0.37702,12.4137,11.1,0.9,0.529268,5107,2229,2878,0.43646,34.536,7.18728,5,83.3333,35.592
STGCN,learned,123,25,600,10,1,10,val,1,0.521427,0.25,0,2966,1801,0.607215,2785,887,0.318492,11.3897,9.6,0.5,0.500882,4150,2058,2092,0.495904,25.104,6.74952,4,83.3333,35.592
STGCN,learned,123,25,600,10,1,10,val,1,0.546527,0.25,0,2966,1622,0.546864,2785,733,0.263196,10.4924,8.2,0.3,0.480096,3297,1833,1464,0.55596,17.568,6.15642,4,83.3333,35.592
STGCN,learned,123,25,600,10,1,10,val,1,0.579221,0.25,0,2966,1376,0.463924,2785,576,0.206822,9.76446,7.5,0.2,0.470737,2457,1577,880,0.64184,10.56,5.58295,4,83.3333,35.592
STGCN,learned,123,25,600,10,1,10,val,1,0.613482,0.25,0,2966,1109,0.373904,2785,433,0.155476,9.1725,6.9,0.1,0.468915,1897,1375,522,0.724829,6.264,4.91379,3,83.3333,35.592
STGCN,learned,123,25,600,10,1,10,val,1,0.645478,0.25,0,2966,833,0.28085,2785,288,0.103411,8.43902,6.8,0.2,0.475861,1322,1052,270,0.795764,3.24,4.5037,3,83.3333,35.592
STGCN,learned,123,25,600,10,1,10,val,1,0.677201,0.25,0,2966,591,0.199258,2785,156,0.0560144,6.97699,5.3,0.2,0.461647,873,752,121,0.861397,1.452,3.8595,2,83.3333,35.592
STGCN,learned,123,25,600,10,1,10,val,1,0.712588,0.25,0,2966,345,0.116318,2785,53,0.0190305,5.19391,3.4,0,0.440805,450,418,32,0.928889,0.384,4.53125,2.5,83.3333,35.592
STGCN,learned,123,25,600,10,1,10,val,1,0.765092,0.25,0,2966,104,0.0350641,2785,7,0.00251346,3.42404,2,0,0.500304,131,125,6,0.954198,0.072,4.83333,6,83.3333,35.592
STGCN,learned,123,25,600,10,1,10,test,1,0.13858,0.25,0.15,3530,3521,0.99745,3389,3377,0.996459,27.3484,29.4,21,0.987841,42468,3497,38971,0.0823444,467.652,35.9752,38,83.3333,42.36
STGCN,learned,123,25,600,10,1,10,test,1,0.244461,0.25,0.15,3530,3476,0.984703,3389,3300,0.973739,26.2608,29.2,17.5,0.951107,26345,3454,22891,0.131106,274.692,26.9833,27,83.3333,42.36
STGCN,learned,123,25,600,10,1,10,test,1,0.301573,0.25,0.15,3530,3414,0.967139,3389,3177,0.937445,25.0029,28.15,13.8,0.909015,21353,3395,17958,0.158994,215.496,23.4874,23,83.3333,42.36
STGCN,learned,123,25,600,10,1,10,test,1,0.34052,0.25,0.15,3530,3331,0.943626,3389,3045,0.898495,23.8144,26.5,11.3,0.869551,18117,3331,14786,0.18386,177.432,21.6004,21,83.3333,42.36
STGCN,learned,123,25,600,10,1,10,test,1,0.368192,0.25,0.15,3530,3242,0.918414,3389,2911,0.858955,22.7519,25,9.8,0.833872,15958,3249,12709,0.203597,152.508,20.2457,20,83.3333,42.36
STGCN,learned,123,25,600,10,1,10,test,1,0.389301,0.25,0.15,3530,3160,0.895184,3389,2768,0.81676,21.681,23.8,8.09,0.798189,14205,3167,11038,0.22295,132.456,19.2314,19,83.3333,42.36
STGCN,learned,123,25,600,10,1,10,test,1,0.407519,0.25,0.15,3530,3075,0.871105,3389,2612,0.770729,20.5294,22.8,5.64,0.759877,12758,3089,9669,0.242123,116.028,18.1352,17,83.3333,42.36
STGCN,learned,123,25,600,10,1,10,test,1,0.423863,0.25,0.15,3530,2997,0.849008,3389,2448,0.722337,19.3352,21.8,4.2,0.720205,11289,3011,8278,0.26672,99.336,17.3417,16,83.3333,42.36
STGCN,learned,123,25,600,10,1,10,test,1,0.439086,0.25,0.15,3530,2901,0.821813,3389,2254,0.665093,18.1603,20.8,2.9,0.681634,9981,2914,7067,0.291955,84.804,16.5169,15,83.3333,42.36
STGCN,learned,123,25,600,10,1,10,test,1,0.453558,0.25,0.15,3530,2778,0.786969,3389,2053,0.605783,17.0332,19.6,2.3,0.6453,8732,2795,5937,0.320087,71.244,15.823,14,83.3333,42.36
STGCN,learned,123,25,600,10,1,10,test,1,0.468663,0.25,0.15,3530,2655,0.752125,3389,1829,0.539687,15.7256,17.6,1.8,0.603287,7507,2671,4836,0.355801,58.032,15.2529,14,83.3333,42.36
STGCN,learned,123,25,600,10,1,10,test,1,0.484369,0.25,0.15,3530,2513,0.711898,3389,1593,0.47005,14.4841,14.3,1.3,0.564362,6322,2526,3796,0.399557,45.552,14.6109,13,83.3333,42.36
STGCN,learned,123,25,600,10,1,10,test,1,0.492317,0.25,0.15,3530,2453,0.694901,3389,1485,0.438182,13.8775,13.2,1.1,0.545184,5826,2462,3364,0.422588,40.368,14.2669,13,83.3333,42.36
STGCN,learned,123,25,600,10,1,10,test,1,0.501514,0.25,0.15,3530,2373,0.672238,3389,1369,0.403954,13.249,12.1,0.8,0.525585,5287,2383,2904,0.450728,34.848,13.9012,12,83.3333,42.36
STGCN,learned,123,25,600,10,1,10,test,1,0.521427,0.25,0.15,3530,2164,0.613031,3389,1096,0.323399,11.9098,10.1,0.6,0.486535,4258,2172,2086,0.510099,25.032,13.373,12,83.3333,42.36
STGCN,learned,123,25,600,10,1,10,test,1,0.546527,0.25,0.15,3530,1910,0.541076,3389,893,0.2635,10.9945,9,0.3,0.463503,3287,1918,1369,0.583511,16.428,12.6567,11,83.3333,42.36
STGCN,learned,123,25,600,10,1,10,test,1,0.579221,0.25,0.15,3530,1594,0.451558,3389,683,0.201534,10.0251,7.7,0.2,0.442994,2402,1596,806,0.664446,9.672,11.5658,10,83.3333,42.36
STGCN,learned,123,25,600,10,1,10,test,1,0.613482,0.25,0.15,3530,1255,0.355524,3389,500,0.147536,9.36175,7.4,0.3,0.438829,1685,1258,427,0.746588,5.124,10.5902,8,83.3333,42.36
STGCN,learned,123,25,600,10,1,10,test,1,0.645478,0.25,0.15,3530,937,0.265439,3389,323,0.0953084,8.11131,5.4,0.2,0.416201,1163,937,226,0.805675,2.712,9.60177,8,83.3333,42.36
STGCN,learned,123,25,600,10,1,10,test,1,0.677201,0.25,0.15,3530,626,0.177337,3389,161,0.0475066,6.49441,3.9,0.1,0.385411,729,626,103,0.858711,1.236,8.68932,7,83.3333,42.36
STGCN,learned,123,25,600,10,1,10,test,1,0.712588,0.25,0.15,3530,317,0.0898017,3389,54,0.0159339,4.96751,2.5,0,0.377061,347,317,30,0.913545,0.36,8.76667,9,83.3333,42.36
STGCN,learned,123,25,600,10,1,10,test,1,0.765092,0.25,0.15,3530,69,0.0195467,3389,2,0.000590145,2.35652,0.8,0,0.336768,71,69,2,0.971831,0.024,4,4,83.3333,42.36
STGCN,learned,123,25,600,10,1,10,val,1,0.13858,0.25,0.15,2966,2959,0.99764,2785,2774,0.99605,26.5785,29.4,16.58,0.98374,36881,2943,33938,0.0797972,407.256,36.4505,38,83.3333,35.592
STGCN,learned,123,25,600,10,1,10,val,1,0.244461,0.25,0.15,2966,2913,0.982131,2785,2690,0.965889,25.3737,29.1,12.6,0.943185,22602,2901,19701,0.128351,236.412,26.5584,26,83.3333,35.592
STGCN,learned,123,25,600,10,1,10,val,1,0.301573,0.25,0.15,2966,2856,0.962913,2785,2583,0.927469,24.0838,27.5,10.35,0.899958,17993,2849,15144,0.158339,181.728,23.024,23,83.3333,35.592
STGCN,learned,123,25,600,10,1,10,val,1,0.34052,0.25,0.15,2966,2778,0.936615,2785,2440,0.876122,22.8931,25.7,8.2,0.860801,15227,2774,12453,0.182176,149.436,20.9987,21,83.3333,35.592
STGCN,learned,123,25,600,10,1,10,val,1,0.368192,0.25,0.15,2966,2701,0.910654,2785,2330,0.836625,21.8046,24.3,6.9,0.825102,13296,2700,10596,0.203069,127.152,19.7534,19,83.3333,35.592
STGCN,learned,123,25,600,10,1,10,val,1,0.389301,0.25,0.15,2966,2633,0.887728,2785,2226,0.799282,20.8398,23.2,5.7,0.793111,11749,2635,9114,0.224274,109.368,18.7626,18,83.3333,35.592
STGCN,learned,123,25,600,10,1,10,val,1,0.407519,0.25,0.15,2966,2551,0.860081,2785,2090,0.750449,19.5828,22.2,4.2,0.752516,10415,2557,7858,0.245511,94.296,17.887,17,83.3333,35.592
STGCN,learned,123,25,600,10,1,10,val,1,0.423863,0.25,0.15,2966,2451,0.826365,2785,1910,0.685817,18.3787,21.1,3.3,0.713392,9173,2458,6715,0.26796,80.58,17.0051,16,83.3333,35.592
STGCN,learned,123,25,600,10,1,10,val,1,0.439086,0.25,0.15,2966,2364,0.797033,2785,1748,0.627648,17.1907,20,2.6,0.67544,7951,2370,5581,0.298076,66.972,16.4746,15,83.3333,35.592
STGCN,learned,123,25,600,10,1,10,val,1,0.453558,0.25,0.15,2966,2288,0.771409,2785,1609,0.577738,16.1142,18.55,2,0.640929,6951,2294,4657,0.330024,55.884,15.8447,14,83.3333,35.592
STGCN,learned,123,25,600,10,1,10,val,1,0.468663,0.25,0.15,2966,2181,0.735334,2785,1417,0.508797,14.9276,15.9,1.6,0.604295,5957,2192,3765,0.36797,45.18,15.1981,14,83.3333,35.592
STGCN,learned,123,25,600,10,1,10,val,1,0.484369,0.25,0.15,2966,2072,0.698584,2785,1231,0.442011,13.6651,12.8,1.2,0.565731,5123,2080,3043,0.406012,36.516,14.5117,13,83.3333,35.592
STGCN,learned,123,25,600,10,1,10,val,1,0.492317,0.25,0.15,2966,2026,0.683075,2785,1149,0.412567,13.1089,11.85,1,0.548815,4734,2036,2698,0.43008,32.376,14.2261,13,83.3333,35.592
STGCN,learned,123,25,600,10,1,10,val,1,0.501514,0.25,0.15,2966,1950,0.657451,2785,1062,0.381329,12.547,11.15,0.9,0.533215,4303,1959,2344,0.455264,28.128,13.8626,12,83.3333,35.592
STGCN,learned,123,25,600,10,1,10,val,1,0.521427,0.25,0.15,2966,1810,0.610249,2785,897,0.322083,11.5048,9.8,0.5,0.504211,3539,1815,1724,0.512857,20.688,13.2558,11,83.3333,35.592
STGCN,learned,123,25,600,10,1,10,val,1,0.546527,0.25,0.15,2966,1628,0.548887,2785,740,0.265709,10.5926,8.3,0.3,0.483039,2808,1634,1174,0.581909,14.088,12.6695,11,83.3333,35.592
STGCN,learned,123,25,600,10,1,10,val,1,0.579221,0.25,0.15,2966,1382,0.465947,2785,584,0.209695,9.89182,7.6,0.2,0.474465,2086,1384,702,0.663471,8.424,11.7849,10,83.3333,35.592
STGCN,learned,123,25,600,10,1,10,val,1,0.613482,0.25,0.15,2966,1115,0.375927,2785,439,0.15763,9.28233,7,0.1,0.471803,1547,1118,429,0.722689,5.148,10.5315,9,83.3333,35.592
STGCN,learned,123,25,600,10,1,10,val,1,0.645478,0.25,0.15,2966,835,0.281524,2785,290,0.104129,8.48886,6.9,0.2,0.477116,1056,837,219,0.792614,2.628,10.0913,8,83.3333,35.592
STGCN,learned,123,25,600,10,1,10,val,1,0.677201,0.25,0.15,2966,592,0.199595,2785,157,0.0563734,7.01453,5.3,0.2,0.462557,690,593,97,0.85942,1.164,9.70103,8,83.3333,35.592
STGCN,learned,123,25,600,10,1,10,val,1,0.712588,0.25,0.15,2966,345,0.116318,2785,53,0.0190305,5.19391,3.4,0,0.440805,374,345,29,0.92246,0.348,9.06897,7,83.3333,35.592
STGCN,learned,123,25,600,10,1,10,val,1,0.765092,0.25,0.15,2966,104,0.0350641,2785,7,0.00251346,3.42404,2,0,0.500304,110,104,6,0.945455,0.072,8.83333,8.5,83.3333,35.592
STGCN,learned,456,24,600,10,1,10,test,1,0.139655,1,0,3530,3521,0.99745,3389,3378,0.996754,27.4268,29.4,21.7,0.990703,115451,3781,111670,0.0327498,1340.04,8.71208,2,83.3333,42.36
STGCN,learned,456,24,600,10,1,10,test,1,0.249276,1,0,3530,3491,0.988952,3389,3340,0.985541,26.7667,29.3,18.5,0.968436,64887,4339,60548,0.0668701,726.576,8.02606,3,83.3333,42.36
STGCN,learned,456,24,600,10,1,10,test,1,0.304466,1,0,3530,3473,0.983853,3389,3295,0.972263,26.1476,29.2,17.22,0.946997,52968,4842,48126,0.0914137,577.512,7.36579,3,83.3333,42.36
STGCN,learned,456,24,600,10,1,10,test,1,0.340094,1,0,3530,3432,0.972238,3389,3220,0.950133,25.5249,29.1,15.2,0.926157,46683,5128,41555,0.109847,498.66,6.80963,3,83.3333,42.36
STGCN,learned,456,24,600,10,1,10,test,1,0.367216,1,0,3530,3384,0.95864,3389,3147,0.928593,24.857,28.2,13.13,0.903874,42147,5453,36694,0.129381,440.328,6.29544,3,83.3333,42.36
STGCN,learned,456,24,600,10,1,10,test,1,0.388322,1,0,3530,3340,0.946176,3389,3075,0.907347,24.243,27.1,11.8,0.883218,38347,5606,32741,0.146191,392.892,5.86983,3,83.3333,42.36
STGCN,learned,456,24,600,10,1,10,test,1,0.406427,1,0,3530,3284,0.930312,3389,2986,0.881086,23.574,26.2,10.83,0.860865,35121,5704,29417,0.16241,353.004,5.44804,3,83.3333,42.36
STGCN,learned,456,24,600,10,1,10,test,1,0.422778,1,0,3530,3243,0.918697,3389,2895,0.854234,22.795,25.2,9.5,0.834653,32226,5746,26480,0.178303,317.76,5.0051,3,83.3333,42.36
STGCN,learned,456,24,600,10,1,10,test,1,0.437177,1,0,3530,3192,0.904249,3389,2805,0.827678,22.007,24.2,7.91,0.808463,29513,5773,23740,0.195609,284.88,4.60986,2,83.3333,42.36
STGCN,learned,456,24,600,10,1,10,test,1,0.451332,1,0,3530,3123,0.884703,3389,2689,0.793449,21.1653,23.4,6.42,0.780443,26891,5779,21112,0.214905,253.344,4.17867,2,83.3333,42.36
STGCN,learned,456,24,600,10,1,10,test,1,0.464908,1,0,3530,3057,0.866006,3389,2539,0.749189,20.0931,22.5,4.7,0.744199,24163,5664,18499,0.234408,221.988,3.79339,2,83.3333,42.36
STGCN,learned,456,24,600,10,1,10,test,1,0.478702,1,0,3530,2980,0.844193,3389,2371,0.699616,18.8549,21.6,3.59,0.70266,21449,5599,15850,0.261038,190.2,3.42038,2,83.3333,42.36
STGCN,learned,456,24,600,10,1,10,test,1,0.481666,1,0,3530,2968,0.840793,3389,2341,0.690764,18.5736,21.4,3.4,0.692644,20859,5537,15322,0.265449,183.864,3.3414,2,83.3333,42.36
STGCN,learned,456,24,600,10,1,10,test,1,0.493158,1,0,3530,2886,0.817564,3389,2156,0.636176,17.3965,20.3,2.6,0.653989,18582,5335,13247,0.287106,158.964,3.05239,2,83.3333,42.36
STGCN,learned,456,24,600,10,1,10,test,1,0.510268,1,0,3530,2732,0.773938,3389,1865,0.55031,15.6575,15.9,2,0.597733,15553,5042,10511,0.324182,126.132,2.68909,1,83.3333,42.36
STGCN,learned,456,24,600,10,1,10,test,1,0.531333,1,0,3530,2561,0.725496,3389,1507,0.444674,13.7474,11.8,1.4,0.535843,12414,4752,7662,0.382794,91.944,2.38815,1,83.3333,42.36
STGCN,learned,456,24,600,10,1,10,test,1,0.55883,1,0,3530,2386,0.675921,3389,1197,0.353202,12.1091,10,1,0.482643,10038,4604,5434,0.458657,65.208,2.10674,1,83.3333,42.36
STGCN,learned,456,24,600,10,1,10,test,1,0.589672,1,0,3530,2200,0.623229,3389,998,0.294482,10.8898,8.4,0.7,0.445112,8127,4439,3688,0.546204,44.256,1.86361,1,83.3333,42.36
STGCN,learned,456,24,600,10,1,10,test,1,0.620171,1,0,3530,1998,0.566006,3389,793,0.233992,9.56151,6,0.4,0.403121,6476,4169,2307,0.643762,27.684,1.73212,1,83.3333,42.36
STGCN,learned,456,24,600,10,1,10,test,1,0.651625,1,0,3530,1780,0.504249,3389,569,0.167896,7.86702,4.3,0.3,0.344138,4813,3475,1338,0.722003,16.056,1.5568,1,83.3333,42.36
STGCN,learned,456,24,600,10,1,10,test,1,0.685484,1,0,3530,1407,0.398584,3389,291,0.085866,5.57697,2.4,0,0.266573,2959,2363,596,0.798581,7.152,1.42785,1,83.3333,42.36
STGCN,learned,456,24,600,10,1,10,test,1,0.740043,1,0,3530,627,0.17762,3389,48,0.0141635,2.89601,0.9,0,0.171775,927,860,67,0.927724,0.804,1.20896,1,83.3333,42.36
STGCN,learned,456,24,600,10,1,10,val,1,0.139655,1,0,2966,2956,0.996628,2785,2773,0.995691,26.6521,29.4,16.85,0.986529,102428,3198,99230,0.0312219,1190.76,8.40885,2,83.3333,35.592
STGCN,learned,456,24,600,10,1,10,val,1,0.249276,1,0,2966,2933,0.988874,2785,2735,0.982047,25.9824,29.3,14.2,0.963685,56820,3615,53205,0.063622,638.46,7.70708,3,83.3333,35.592
STGCN,learned,456,24,600,10,1,10,val,1,0.304466,1,0,2966,2908,0.980445,2785,2683,0.963375,25.2675,29.1,12.57,0.939095,45085,3960,41125,0.0878341,493.5,7.1904,3,83.3333,35.592
STGCN,learned,456,24,600,10,1,10,val,1,0.340094,1,0,2966,2869,0.967296,2785,2616,0.939318,24.653,28.7,10.9,0.918341,39626,4284,35342,0.108111,424.104,6.62311,3,83.3333,35.592
STGCN,learned,456,24,600,10,1,10,val,1,0.367216,1,0,2966,2848,0.960216,2785,2571,0.92316,24.0353,27.6,10.17,0.89751,35242,4468,30774,0.126781,369.288,6.17349,3,83.3333,35.592
STGCN,learned,456,24,600,10,1,10,val,1,0.388322,1,0,2966,2814,0.948753,2785,2500,0.897666,23.3653,26.5,8.93,0.875078,31943,4631,27312,0.144977,327.744,5.74894,3,83.3333,35.592
STGCN,learned,456,24,600,10,1,10,val,1,0.406427,1,0,2966,2773,0.934929,2785,2436,0.874686,22.7185,25.5,7.9,0.853984,29133,4745,24388,0.162874,292.656,5.33172,3,83.3333,35.592
STGCN,learned,456,24,600,10,1,10,val,1,0.422778,1,0,2966,2742,0.924477,2785,2373,0.852065,21.9891,24.5,7,0.829247,26574,4834,21740,0.181907,260.88,4.92323,3,83.3333,35.592
STGCN,learned,456,24,600,10,1,10,val,1,0.437177,1,0,2966,2703,0.911328,2785,2302,0.826571,21.196,23.7,6.12,0.802381,24352,4895,19457,0.20101,233.484,4.53647,2,83.3333,35.592
STGCN,learned,456,24,600,10,1,10,val,1,0.451332,1,0,2966,2642,0.890762,2785,2184,0.784201,20.2611,22.9,4.9,0.771781,22012,4837,17175,0.219744,206.1,4.1299,2,83.3333,35.592
STGCN,learned,456,24,600,10,1,10,val,1,0.464908,1,0,2966,2583,0.87087,2785,2070,0.743268,19.1803,22,4,0.736384,19759,4731,15028,0.239435,180.336,3.73682,2,83.3333,35.592
STGCN,learned,456,24,600,10,1,10,val,1,0.478702,1,0,2966,2509,0.84592,2785,1915,0.687612,17.9405,21,3.18,0.695838,17265,4565,12700,0.264408,152.4,3.41622,2,83.3333,35.592
STGCN,learned,456,24,600,10,1,10,val,1,0.481666,1,0,2966,2493,0.840526,2785,1879,0.674686,17.6641,20.8,3,0.68671,16733,4535,12198,0.271021,146.376,3.35448,2,83.3333,35.592
STGCN,learned,456,24,600,10,1,10,val,1,0.493158,1,0,2966,2404,0.810519,2785,1709,0.613645,16.5037,19.1,2.5,0.649883,14820,4397,10423,0.296694,125.076,3.12693,2,83.3333,35.592
STGCN,learned,456,24,600,10,1,10,val,1,0.510268,1,0,2966,2290,0.772084,2785,1471,0.528187,14.8086,13.6,1.8,0.595672,12333,4115,8218,0.333658,98.616,2.80518,1,83.3333,35.592
STGCN,learned,456,24,600,10,1,10,val,1,0.531333,1,0,2966,2137,0.720499,2785,1186,0.425853,13.1111,11.1,1.4,0.542884,10074,3865,6209,0.383661,74.508,2.49203,1,83.3333,35.592
STGCN,learned,456,24,600,10,1,10,val,1,0.55883,1,0,2966,1991,0.671274,2785,956,0.343268,11.7133,9.4,1,0.500264,8247,3743,4504,0.453862,54.048,2.21714,1,83.3333,35.592
STGCN,learned,456,24,600,10,1,10,val,1,0.589672,1,0,2966,1861,0.627444,2785,812,0.291562,10.6905,7.8,0.6,0.46549,6907,3763,3144,0.54481,37.728,1.95452,1,83.3333,35.592
STGCN,learned,456,24,600,10,1,10,val,1,0.620171,1,0,2966,1739,0.586312,2785,653,0.23447,9.40656,6,0.5,0.420845,5658,3556,2102,0.628491,25.224,1.75928,1,83.3333,35.592
STGCN,learned,456,24,600,10,1,10,val,1,0.651625,1,0,2966,1551,0.522927,2785,486,0.174506,7.97073,4.4,0.3,0.372666,4262,3070,1192,0.720319,14.304,1.56544,1,83.3333,35.592
STGCN,learned,456,24,600,10,1,10,val,1,0.685484,1,0,2966,1254,0.422792,2785,287,0.103052,6.08405,2.8,0.1,0.304488,2767,2265,502,0.818576,6.024,1.44223,1,83.3333,35.592
STGCN,learned,456,24,600,10,1,10,val,1,0.740043,1,0,2966,640,0.215779,2785,39,0.0140036,2.70813,0.8,0,0.182852,984,894,90,0.908537,1.08,1.33333,1,83.3333,35.592
STGCN,learned,456,24,600,10,1,10,test,1,0.139655,1,0.15,3530,3526,0.998867,3389,3383,0.99823,27.4888,29.4,21.9,0.992711,50500,3502,46998,0.0693465,563.976,37.3333,41,83.3333,42.36
STGCN,learned,456,24,600,10,1,10,test,1,0.249276,1,0.15,3530,3498,0.990935,3389,3348,0.987902,26.8645,29.3,18.7,0.971625,36791,3560,33231,0.0967628,398.772,20.3757,18,83.3333,42.36
STGCN,learned,456,24,600,10,1,10,test,1,0.304466,1,0.15,3530,3481,0.986119,3389,3304,0.974919,26.2731,29.3,17.4,0.951111,31018,3618,27400,0.116642,328.8,17.5069,15,83.3333,42.36
STGCN,learned,456,24,600,10,1,10,test,1,0.340094,1,0.15,3530,3439,0.974221,3389,3228,0.952493,25.6536,29.1,15.2,0.930384,27666,3640,24026,0.131569,288.312,16.159,14,83.3333,42.36
STGCN,learned,456,24,600,10,1,10,test,1,0.367216,1,0.15,3530,3395,0.961756,3389,3162,0.933019,25.0415,28.7,13.5,0.909915,25009,3656,21353,0.146187,256.236,15.2132,13,83.3333,42.36
STGCN,learned,456,24,600,10,1,10,test,1,0.388322,1,0.15,3530,3356,0.950708,3389,3093,0.912659,24.4333,27.6,12,0.889353,22800,3653,19147,0.160219,229.764,14.5671,12,83.3333,42.36
STGCN,learned,456,24,600,10,1,10,test,1,0.406427,1,0.15,3530,3302,0.935411,3389,3006,0.886987,23.7756,26.6,10.9,0.867342,20972,3653,17319,0.174185,207.828,13.9644,12,83.3333,42.36
STGCN,learned,456,24,600,10,1,10,test,1,0.422778,1,0.15,3530,3262,0.924079,3389,2917,0.860726,22.9931,25.4,9.6,0.840991,19281,3637,15644,0.188631,187.728,13.3817,11,83.3333,42.36
STGCN,learned,456,24,600,10,1,10,test,1,0.437177,1,0.15,3530,3212,0.909915,3389,2826,0.833874,22.2228,24.5,8.1,0.815372,17664,3595,14069,0.203521,168.828,12.8156,10,83.3333,42.36
STGCN,learned,456,24,600,10,1,10,test,1,0.451332,1,0.15,3530,3147,0.891501,3389,2715,0.801121,21.3972,23.6,6.56,0.787836,16040,3533,12507,0.220262,150.084,12.1774,10,83.3333,42.36
STGCN,learned,456,24,600,10,1,10,test,1,0.464908,1,0.15,3530,3071,0.869972,3389,2554,0.753615,20.2999,22.6,4.8,0.750936,14516,3469,11047,0.238978,132.564,11.5325,9,83.3333,42.36
STGCN,learned,456,24,600,10,1,10,test,1,0.478702,1,0.15,3530,2995,0.848442,3389,2388,0.704633,19.0713,21.7,3.6,0.709684,12869,3391,9478,0.263501,113.736,10.9046,8,83.3333,42.36
STGCN,learned,456,24,600,10,1,10,test,1,0.481666,1,0.15,3530,2981,0.844476,3389,2354,0.6946,18.7643,21.5,3.4,0.698835,12565,3373,9192,0.268444,110.304,10.7484,8,83.3333,42.36
STGCN,learned,456,24,600,10,1,10,test,1,0.493158,1,0.15,3530,2904,0.822663,3389,2174,0.641487,17.5892,20.4,2.6,0.660108,11300,3261,8039,0.288584,96.468,10.1702,7,83.3333,42.36
STGCN,learned,456,24,600,10,1,10,test,1,0.510268,1,0.15,3530,2747,0.778187,3389,1884,0.555916,15.8806,16.4,2,0.604929,9573,3069,6504,0.320589,78.048,9.31012,6,83.3333,42.36
STGCN,learned,456,24,600,10,1,10,test,1,0.531333,1,0.15,3530,2579,0.730595,3389,1531,0.451756,13.9862,12,1.5,0.543429,7680,2838,4842,0.369531,58.104,8.48472,5,83.3333,42.36
STGCN,learned,456,24,600,10,1,10,test,1,0.55883,1,0.15,3530,2399,0.679603,3389,1217,0.359103,12.3308,10.2,1,0.48973,6206,2624,3582,0.422817,42.984,7.39866,4,83.3333,42.36
STGCN,learned,456,24,600,10,1,10,test,1,0.589672,1,0.15,3530,2210,0.626062,3389,1012,0.298613,11.0661,8.5,0.7,0.450717,4988,2438,2550,0.488773,30.6,6.39412,4,83.3333,42.36
STGCN,learned,456,24,600,10,1,10,test,1,0.620171,1,0.15,3530,2005,0.567989,3389,801,0.236353,9.66264,6.1,0.4,0.406244,3959,2240,1719,0.565799,20.628,5.25887,3,83.3333,42.36
STGCN,learned,456,24,600,10,1,10,test,1,0.651625,1,0.15,3530,1784,0.505382,3389,573,0.169076,7.9162,4.3,0.3,0.345609,3050,2014,1036,0.660328,12.432,4.36486,3,83.3333,42.36
STGCN,learned,456,24,600,10,1,10,test,1,0.685484,1,0.15,3530,1409,0.39915,3389,293,0.0864562,5.62427,2.4,0,0.268048,2019,1540,479,0.762754,5.748,3.78914,3,83.3333,42.36
STGCN,learned,456,24,600,10,1,10,test,1,0.740043,1,0.15,3530,627,0.17762,3389,48,0.0141635,2.89601,0.9,0,0.171775,704,646,58,0.917614,0.696,3.37931,2,83.3333,42.36
STGCN,learned,456,24,600,10,1,10,val,1,0.139655,1,0.15,2966,2961,0.998314,2785,2778,0.997487,26.7229,29.4,17.1,0.988783,44374,2945,41429,0.0663677,497.148,37.6787,41,83.3333,35.592
STGCN,learned,456,24,600,10,1,10,val,1,0.249276,1,0.15,2966,2940,0.991234,2785,2742,0.98456,26.082,29.3,14.2,0.966854,32021,3001,29020,0.0937197,348.24,19.9485,18,83.3333,35.592
STGCN,learned,456,24,600,10,1,10,val,1,0.304466,1,0.15,2966,2912,0.981794,2785,2687,0.964811,25.3871,29.2,12.6,0.943027,26678,3040,23638,0.113952,283.656,17.0929,15,83.3333,35.592
STGCN,learned,456,24,600,10,1,10,val,1,0.340094,1,0.15,2966,2875,0.969319,2785,2623,0.941831,24.7849,29.1,11,0.922627,23431,3046,20385,0.129999,244.62,15.8419,13,83.3333,35.592
STGCN,learned,456,24,600,10,1,10,val,1,0.367216,1,0.15,2966,2855,0.962576,2785,2578,0.925673,24.1796,28.1,10.2,0.902182,21005,3054,17951,0.145394,215.412,14.9728,12,83.3333,35.592
STGCN,learned,456,24,600,10,1,10,val,1,0.388322,1,0.15,2966,2823,0.951787,2785,2511,0.901616,23.5102,26.9,9,0.879693,19037,3034,16003,0.159374,192.036,14.355,12,83.3333,35.592
STGCN,learned,456,24,600,10,1,10,val,1,0.406427,1,0.15,2966,2784,0.938638,2785,2447,0.878636,22.8503,25.8,7.9,0.858101,17378,3018,14360,0.173668,172.32,13.7968,11,83.3333,35.592
STGCN,learned,456,24,600,10,1,10,val,1,0.422778,1,0.15,2966,2753,0.928186,2785,2385,0.856373,22.1424,24.7,7,0.834088,15886,3021,12865,0.190167,154.38,13.2434,11,83.3333,35.592
STGCN,learned,456,24,600,10,1,10,val,1,0.437177,1,0.15,2966,2715,0.915374,2785,2316,0.831598,21.381,23.9,6.2,0.808265,14593,3005,11588,0.205921,139.056,12.6553,10,83.3333,35.592
STGCN,learned,456,24,600,10,1,10,val,1,0.451332,1,0.15,2966,2653,0.894471,2785,2198,0.789228,20.4655,23,5,0.778345,13221,2955,10266,0.223508,123.192,12.039,9,83.3333,35.592
STGCN,learned,456,24,600,10,1,10,val,1,0.464908,1,0.15,2966,2590,0.87323,2785,2079,0.746499,19.344,22.1,4,0.741711,11908,2895,9013,0.243114,108.156,11.4339,9,83.3333,35.592
STGCN,learned,456,24,600,10,1,10,val,1,0.478702,1,0.15,2966,2519,0.849292,2785,1928,0.69228,18.117,21.1,3.2,0.701466,10523,2818,7705,0.267794,92.46,10.8082,8,83.3333,35.592
STGCN,learned,456,24,600,10,1,10,val,1,0.481666,1,0.15,2966,2503,0.843898,2785,1893,0.679713,17.8525,20.9,3,0.692732,10232,2802,7430,0.273847,89.16,10.6495,8,83.3333,35.592
STGCN,learned,456,24,600,10,1,10,val,1,0.493158,1,0.15,2966,2415,0.814228,2785,1723,0.618671,16.6877,19.3,2.6,0.655702,9134,2691,6443,0.294614,77.316,10.0414,7,83.3333,35.592
STGCN,learned,456,24,600,10,1,10,val,1,0.510268,1,0.15,2966,2300,0.775455,2785,1488,0.534291,15.0148,14,1.8,0.602263,7642,2517,5125,0.329364,61.5,9.24059,6,83.3333,35.592
STGCN,learned,456,24,600,10,1,10,val,1,0.531333,1,0.15,2966,2147,0.723871,2785,1201,0.431239,13.3095,11.2,1.4,0.549143,6278,2335,3943,0.371934,47.316,8.26883,5,83.3333,35.592
STGCN,learned,456,24,600,10,1,10,val,1,0.55883,1,0.15,2966,1998,0.673635,2785,965,0.346499,11.8383,9.6,1,0.504142,5105,2164,2941,0.423898,35.292,7.41516,5,83.3333,35.592
STGCN,learned,456,24,600,10,1,10,val,1,0.589672,1,0.15,2966,1866,0.62913,2785,819,0.294075,10.7971,7.9,0.6,0.468846,4185,2060,2125,0.492234,25.5,6.54824,4,83.3333,35.592
STGCN,learned,456,24,600,10,1,10,val,1,0.620171,1,0.15,2966,1743,0.58766,2785,658,0.236266,9.48176,6.1,0.5,0.423175,3393,1928,1465,0.568229,17.58,5.60546,3,83.3333,35.592
STGCN,learned,456,24,600,10,1,10,val,1,0.651625,1,0.15,2966,1551,0.522927,2785,486,0.174506,7.98233,4.4,0.3,0.373065,2612,1733,879,0.663476,10.548,4.78385,3,83.3333,35.592
STGCN,learned,456,24,600,10,1,10,val,1,0.685484,1,0.15,2966,1254,0.422792,2785,287,0.103052,6.08724,2.8,0.1,0.304596,1784,1385,399,0.776345,4.788,4.15539,3,83.3333,35.592
STGCN,learned,456,24,600,10,1,10,val,1,0.740043,1,0.15,2966,640,0.215779,2785,39,0.0140036,2.70813,0.8,0,0.182852,745,670,75,0.899329,0.9,3.64,2,83.3333,35.592
STGCN,learned,456,24,600,10,1,10,test,1,0.139655,0.5,0,3530,3518,0.996601,3389,3375,0.995869,27.3942,29.4,21.4,0.989649,69980,3583,66397,0.0512003,796.764,14.4404,7,83.3333,42.36
STGCN,learned,456,24,600,10,1,10,test,1,0.249276,0.5,0,3530,3483,0.986686,3389,3326,0.98141,26.5791,29.3,18.2,0.962113,41464,3842,37622,0.0926587,451.464,12.5379,8,83.3333,42.36
STGCN,learned,456,24,600,10,1,10,test,1,0.304466,0.5,0,3530,3445,0.975921,3389,3245,0.95751,25.7224,29.1,15.74,0.932961,34333,4107,30226,0.119623,362.712,11.2155,7,83.3333,42.36
STGCN,learned,456,24,600,10,1,10,test,1,0.340094,0.5,0,3530,3391,0.960623,3389,3152,0.930068,24.9291,28.2,13.4,0.906395,30438,4295,26143,0.141107,313.716,10.1918,6,83.3333,42.36
STGCN,learned,456,24,600,10,1,10,test,1,0.367216,0.5,0,3530,3325,0.941926,3389,3055,0.901446,24.106,27,11.6,0.879187,27597,4437,23160,0.160778,277.92,9.26865,6,83.3333,42.36
STGCN,learned,456,24,600,10,1,10,test,1,0.388322,0.5,0,3530,3271,0.926629,3389,2955,0.871939,23.2919,25.9,10.2,0.851828,25218,4571,20647,0.181259,247.764,8.54124,5,83.3333,42.36
STGCN,learned,456,24,600,10,1,10,test,1,0.406427,0.5,0,3530,3207,0.908499,3389,2845,0.839481,22.4713,24.9,8.9,0.824234,23015,4624,18391,0.200912,220.692,7.89832,5,83.3333,42.36
STGCN,learned,456,24,600,10,1,10,test,1,0.422778,0.5,0,3530,3147,0.891501,3389,2733,0.806433,21.5527,23.8,7.2,0.793525,20917,4551,16366,0.217574,196.392,7.24588,4,83.3333,42.36
STGCN,learned,456,24,600,10,1,10,test,1,0.437177,0.5,0,3530,3080,0.872521,3389,2612,0.770729,20.6119,22.9,5.4,0.762078,18731,4505,14226,0.24051,170.712,6.78476,4,83.3333,42.36
STGCN,learned,456,24,600,10,1,10,test,1,0.451332,0.5,0,3530,2997,0.849008,3389,2436,0.718796,19.4717,22,3.8,0.723942,16713,4387,12326,0.26249,147.912,6.23511,4,83.3333,42.36
STGCN,learned,456,24,600,10,1,10,test,1,0.464908,0.5,0,3530,2917,0.826346,3389,2246,0.662732,18.2251,21.1,2.6,0.682485,14714,4243,10471,0.288365,125.652,5.72667,4,83.3333,42.36
STGCN,learned,456,24,600,10,1,10,test,1,0.478702,0.5,0,3530,2814,0.797167,3389,2040,0.601947,16.9094,20,2.1,0.639012,12678,4018,8660,0.316927,103.92,5.23603,3,83.3333,42.36
STGCN,learned,456,24,600,10,1,10,test,1,0.481666,0.5,0,3530,2786,0.789235,3389,1984,0.585423,16.5251,19.4,2,0.626082,12205,3947,8258,0.323392,99.096,5.15658,3,83.3333,42.36
STGCN,learned,456,24,600,10,1,10,test,1,0.493158,0.5,0,3530,2675,0.75779,3389,1778,0.524639,15.3163,16.3,1.6,0.587263,10572,3723,6849,0.352157,82.188,4.82129,3,83.3333,42.36
STGCN,learned,456,24,600,10,1,10,test,1,0.510268,0.5,0,3530,2501,0.708499,3389,1467,0.432871,13.5996,12,1.1,0.532711,8588,3404,5184,0.396367,62.208,4.31443,3,83.3333,42.36
STGCN,learned,456,24,600,10,1,10,test,1,0.531333,0.5,0,3530,2320,0.657224,3389,1203,0.354972,12.1613,10.3,0.7,0.487536,6722,3157,3565,0.469652,42.78,3.96297,2,83.3333,42.36
STGCN,learned,456,24,600,10,1,10,test,1,0.55883,0.5,0,3530,2077,0.588385,3389,933,0.275302,10.6435,8.4,0.5,0.44112,5175,2890,2285,0.558454,27.42,3.5256,2,83.3333,42.36
STGCN,learned,456,24,600,10,1,10,test,1,0.589672,0.5,0,3530,1833,0.519263,3389,717,0.211567,9.3784,6.3,0.22,0.404213,4035,2714,1321,0.672615,15.852,3.12415,2,83.3333,42.36
STGCN,learned,456,24,600,10,1,10,test,1,0.620171,0.5,0,3530,1544,0.437394,3389,522,0.154028,8.1296,4.9,0,0.369331,3022,2357,665,0.779947,7.98,3.02406,2,83.3333,42.36
STGCN,learned,456,24,600,10,1,10,test,1,0.651625,0.5,0,3530,1154,0.326912,3389,290,0.085571,6.57929,3.2,0,0.325828,2008,1687,321,0.840139,3.852,2.73209,2,83.3333,42.36
STGCN,learned,456,24,600,10,1,10,test,1,0.685484,0.5,0,3530,705,0.199717,3389,107,0.0315727,4.77248,2,0,0.279629,1065,950,115,0.892019,1.38,2.28696,2,83.3333,42.36
STGCN,learned,456,24,600,10,1,10,test,1,0.740043,0.5,0,3530,184,0.0521246,3389,8,0.00236058,2.50924,0.7,0,0.219214,241,234,7,0.970954,0.084,1.71429,1,83.3333,42.36
STGCN,learned,456,24,600,10,1,10,val,1,0.139655,0.5,0,2966,2955,0.996291,2785,2771,0.994973,26.6206,29.4,16.74,0.98548,61762,3024,58738,0.0489621,704.856,14.029,7,83.3333,35.592
STGCN,learned,456,24,600,10,1,10,val,1,0.249276,0.5,0,2966,2917,0.983479,2785,2710,0.97307,25.7428,29.2,13.62,0.955954,36118,3226,32892,0.0893183,394.704,12.0783,7,83.3333,35.592
STGCN,learned,456,24,600,10,1,10,val,1,0.304466,0.5,0,2966,2876,0.969656,2785,2631,0.944704,24.8182,28.9,11.15,0.924398,29071,3369,25702,0.115889,308.424,10.9759,6,83.3333,35.592
STGCN,learned,456,24,600,10,1,10,val,1,0.340094,0.5,0,2966,2842,0.958193,2785,2560,0.91921,24.0377,27.7,10,0.897796,25593,3569,22024,0.139452,264.288,9.99196,6,83.3333,35.592
STGCN,learned,456,24,600,10,1,10,val,1,0.367216,0.5,0,2966,2805,0.945718,2785,2480,0.890485,23.2442,26.3,8.84,0.871257,23018,3735,19283,0.162264,231.396,9.14064,5,83.3333,35.592
STGCN,learned,456,24,600,10,1,10,val,1,0.388322,0.5,0,2966,2753,0.928186,2785,2403,0.862837,22.4906,25.3,7.6,0.846599,20934,3825,17109,0.182717,205.308,8.42358,5,83.3333,35.592
STGCN,learned,456,24,600,10,1,10,val,1,0.406427,0.5,0,2966,2710,0.913688,2785,2321,0.833393,21.6557,24.3,6.6,0.818375,18983,3853,15130,0.202971,181.56,7.78222,5,83.3333,35.592
STGCN,learned,456,24,600,10,1,10,val,1,0.422778,0.5,0,2966,2661,0.897168,2785,2227,0.799641,20.7507,23.3,5.4,0.788568,17137,3825,13312,0.223201,159.744,7.1881,4,83.3333,35.592
STGCN,learned,456,24,600,10,1,10,val,1,0.437177,0.5,0,2966,2582,0.870533,2785,2097,0.752962,19.7383,22.4,4.2,0.755438,15348,3763,11585,0.245179,139.02,6.7047,4,83.3333,35.592
STGCN,learned,456,24,600,10,1,10,val,1,0.451332,0.5,0,2966,2502,0.84356,2785,1950,0.70018,18.6478,21.5,3.21,0.720551,13509,3638,9871,0.269302,118.452,6.24395,4,83.3333,35.592
STGCN,learned,456,24,600,10,1,10,val,1,0.464908,0.5,0,2966,2420,0.815914,2785,1781,0.639497,17.3743,20.5,2.6,0.679683,11697,3461,8236,0.295888,98.832,5.80379,3,83.3333,35.592
STGCN,learned,456,24,600,10,1,10,val,1,0.478702,0.5,0,2966,2319,0.781861,2785,1587,0.569838,15.9276,18.4,2,0.633275,10024,3266,6758,0.325818,81.096,5.38192,3,83.3333,35.592
STGCN,learned,456,24,600,10,1,10,val,1,0.481666,0.5,0,2966,2296,0.774107,2785,1542,0.55368,15.6542,17.7,1.9,0.62466,9663,3203,6460,0.331471,77.52,5.29505,3,83.3333,35.592
STGCN,learned,456,24,600,10,1,10,val,1,0.493158,0.5,0,2966,2198,0.741065,2785,1391,0.499461,14.5618,14,1.5,0.590828,8356,3007,5349,0.359861,64.188,5.00598,3,83.3333,35.592
STGCN,learned,456,24,600,10,1,10,val,1,0.510268,0.5,0,2966,2066,0.696561,2785,1145,0.411131,13.0904,11.2,1.1,0.545466,6774,2778,3996,0.410097,47.952,4.70495,3,83.3333,35.592
STGCN,learned,456,24,600,10,1,10,val,1,0.531333,0.5,0,2966,1931,0.651045,2785,945,0.339318,11.6215,9.6,0.7,0.499929,5414,2556,2858,0.472109,34.296,4.28691,3,83.3333,35.592
STGCN,learned,456,24,600,10,1,10,val,1,0.55883,0.5,0,2966,1768,0.596089,2785,764,0.274327,10.4529,7.8,0.4,0.465196,4379,2440,1939,0.557205,23.268,3.77978,2,83.3333,35.592
STGCN,learned,456,24,600,10,1,10,val,1,0.589672,0.5,0,2966,1607,0.541807,2785,615,0.220826,9.25488,6.2,0.3,0.426334,3508,2349,1159,0.669612,13.908,3.46419,2,83.3333,35.592
STGCN,learned,456,24,600,10,1,10,val,1,0.620171,0.5,0,2966,1367,0.46089,2785,450,0.16158,8.10358,4.8,0.1,0.396179,2742,2054,688,0.749088,8.256,2.92587,2,83.3333,35.592
STGCN,learned,456,24,600,10,1,10,val,1,0.651625,0.5,0,2966,1045,0.352326,2785,284,0.101975,7.06756,3.7,0,0.373478,1865,1564,301,0.838606,3.612,2.69435,2,83.3333,35.592
STGCN,learned,456,24,600,10,1,10,val,1,0.685484,0.5,0,2966,695,0.234322,2785,118,0.0423698,4.97079,2,0,0.304317,1089,983,106,0.902663,1.272,2.50943,2,83.3333,35.592
STGCN,learned,456,24,600,10,1,10,val,1,0.740043,0.5,0,2966,215,0.0724882,2785,13,0.00466786,2.70419,0.8,0,0.259284,276,263,13,0.952899,0.156,2.15385,1,83.3333,35.592
STGCN,learned,456,24,600,10,1,10,test,1,0.139655,0.5,0.15,3530,3523,0.998017,3389,3380,0.997344,27.4487,29.4,21.7,0.991404,45738,3499,42239,0.0765009,506.868,37.5466,40,83.3333,42.36
STGCN,learned,456,24,600,10,1,10,test,1,0.249276,0.5,0.15,3530,3492,0.989235,3389,3336,0.984361,26.6857,29.3,18.31,0.965571,29263,3481,25782,0.118956,309.384,25.1243,25,83.3333,42.36
STGCN,learned,456,24,600,10,1,10,test,1,0.304466,0.5,0.15,3530,3454,0.97847,3389,3255,0.96046,25.8288,29.1,15.83,0.936399,24233,3465,20768,0.142987,249.216,21.8464,21,83.3333,42.36
STGCN,learned,456,24,600,10,1,10,test,1,0.340094,0.5,0.15,3530,3401,0.963456,3389,3162,0.933019,25.0617,28.5,13.5,0.910697,21332,3442,17890,0.161354,214.68,20.1667,20,83.3333,42.36
STGCN,learned,456,24,600,10,1,10,test,1,0.367216,0.5,0.15,3530,3337,0.945326,3389,3069,0.905577,24.2795,27.3,11.8,0.884818,19109,3392,15717,0.177508,188.604,18.9434,18,83.3333,42.36
STGCN,learned,456,24,600,10,1,10,test,1,0.388322,0.5,0.15,3530,3288,0.931445,3389,2974,0.877545,23.4792,26.2,10.3,0.857822,17258,3360,13898,0.194692,166.776,18.133,17,83.3333,42.36
STGCN,learned,456,24,600,10,1,10,test,1,0.406427,0.5,0.15,3530,3229,0.914731,3389,2868,0.846267,22.6431,25.1,8.98,0.829609,15716,3318,12398,0.211122,148.776,17.3826,17,83.3333,42.36
STGCN,learned,456,24,600,10,1,10,test,1,0.422778,0.5,0.15,3530,3169,0.897734,3389,2756,0.813219,21.738,24,7.28,0.799354,14279,3276,11003,0.229428,132.036,16.5973,15,83.3333,42.36
STGCN,learned,456,24,600,10,1,10,test,1,0.437177,0.5,0.15,3530,3101,0.87847,3389,2635,0.777515,20.8087,23.1,5.4,0.768315,12875,3221,9654,0.250175,115.848,15.8196,14,83.3333,42.36
STGCN,learned,456,24,600,10,1,10,test,1,0.451332,0.5,0.15,3530,3017,0.854674,3389,2459,0.725583,19.6728,22.2,3.86,0.730334,11561,3141,8420,0.271689,101.04,14.9802,13,83.3333,42.36
STGCN,learned,456,24,600,10,1,10,test,1,0.464908,0.5,0.15,3530,2938,0.832295,3389,2270,0.669814,18.4216,21.2,2.7,0.688678,10184,3051,7133,0.299588,85.596,14.2574,13,83.3333,42.36
STGCN,learned,456,24,600,10,1,10,test,1,0.478702,0.5,0.15,3530,2832,0.802266,3389,2059,0.607554,17.0659,20.1,2.1,0.64387,8868,2936,5932,0.331078,71.184,13.5516,12,83.3333,42.36
STGCN,learned,456,24,600,10,1,10,test,1,0.481666,0.5,0.15,3530,2805,0.794618,3389,2005,0.59162,16.6979,19.5,2,0.63146,8579,2900,5679,0.338035,68.148,13.3684,12,83.3333,42.36
STGCN,learned,456,24,600,10,1,10,test,1,0.493158,0.5,0.15,3530,2692,0.762606,3389,1797,0.530245,15.5006,16.6,1.6,0.593057,7530,2774,4756,0.368393,57.072,12.7931,11,83.3333,42.36
STGCN,learned,456,24,600,10,1,10,test,1,0.510268,0.5,0.15,3530,2519,0.713598,3389,1491,0.439953,13.8349,12.3,1.1,0.540121,6203,2589,3614,0.417379,43.368,11.9034,10,83.3333,42.36
STGCN,learned,456,24,600,10,1,10,test,1,0.531333,0.5,0.15,3530,2328,0.65949,3389,1213,0.357923,12.3056,10.35,0.7,0.492127,4932,2387,2545,0.483982,30.54,11.0031,9,83.3333,42.36
STGCN,learned,456,24,600,10,1,10,test,1,0.55883,0.5,0.15,3530,2086,0.590935,3389,943,0.278253,10.7671,8.5,0.5,0.444941,3767,2136,1631,0.567029,19.572,10.3274,8,83.3333,42.36
STGCN,learned,456,24,600,10,1,10,test,1,0.589672,0.5,0.15,3530,1837,0.520397,3389,721,0.212747,9.44682,6.4,0.26,0.406325,2880,1886,994,0.654861,11.928,9.2173,7,83.3333,42.36
STGCN,learned,456,24,600,10,1,10,test,1,0.620171,0.5,0.15,3530,1547,0.438244,3389,525,0.154913,8.19244,4.9,0,0.371257,2105,1587,518,0.753919,6.216,8.19498,6,83.3333,42.36
STGCN,learned,456,24,600,10,1,10,test,1,0.651625,0.5,0.15,3530,1155,0.327195,3389,292,0.0861611,6.62121,3.2,0,0.327155,1423,1172,251,0.823612,3.012,7.68924,6,83.3333,42.36
STGCN,learned,456,24,600,10,1,10,test,1,0.685484,0.5,0.15,3530,706,0.2,3389,108,0.0318678,4.80963,2,0,0.280697,801,709,92,0.885144,1.104,6.67391,5,83.3333,42.36
STGCN,learned,456,24,600,10,1,10,test,1,0.740043,0.5,0.15,3530,184,0.0521246,3389,8,0.00236058,2.50924,0.7,0,0.219214,192,185,7,0.963542,0.084,5,4,83.3333,42.36
STGCN,learned,456,24,600,10,1,10,val,1,0.139655,0.5,0.15,2966,2960,0.997977,2785,2776,0.996768,26.6782,29.4,16.89,0.987279,40195,2944,37251,0.0732429,447.012,37.8852,41,83.3333,35.592
STGCN,learned,456,24,600,10,1,10,val,1,0.249276,0.5,0.15,2966,2924,0.98584,2785,2719,0.976302,25.8562,29.3,13.83,0.95957,25345,2918,22427,0.115131,269.124,24.7561,24,83.3333,35.592
STGCN,learned,456,24,600,10,1,10,val,1,0.304466,0.5,0.15,2966,2883,0.972016,2785,2639,0.947576,24.9478,29.1,11.2,0.928574,20678,2897,17781,0.140101,213.372,21.5004,21,83.3333,35.592
STGCN,learned,456,24,600,10,1,10,val,1,0.340094,0.5,0.15,2966,2847,0.959879,2785,2566,0.921364,24.1592,28,10,0.901755,18054,2882,15172,0.159632,182.064,19.736,19,83.3333,35.592
STGCN,learned,456,24,600,10,1,10,val,1,0.367216,0.5,0.15,2966,2813,0.948415,2785,2489,0.893716,23.3486,26.6,8.9,0.874538,16087,2863,13224,0.17797,158.688,18.6109,18,83.3333,35.592
STGCN,learned,456,24,600,10,1,10,val,1,0.388322,0.5,0.15,2966,2764,0.931895,2785,2415,0.867145,22.5992,25.5,7.7,0.849936,14487,2822,11665,0.194795,139.98,17.816,17,83.3333,35.592
STGCN,learned,456,24,600,10,1,10,val,1,0.406427,0.5,0.15,2966,2720,0.91706,2785,2331,0.836984,21.785,24.4,6.69,0.822435,13103,2790,10313,0.212928,123.756,17.131,16,83.3333,35.592
STGCN,learned,456,24,600,10,1,10,val,1,0.422778,0.5,0.15,2966,2671,0.900539,2785,2238,0.803591,20.8908,23.4,5.5,0.793003,11769,2734,9035,0.232305,108.42,16.4412,15,83.3333,35.592
STGCN,learned,456,24,600,10,1,10,val,1,0.437177,0.5,0.15,2966,2596,0.875253,2785,2113,0.758707,19.9055,22.5,4.25,0.760624,10571,2663,7908,0.251916,94.896,15.7915,15,83.3333,35.592
STGCN,learned,456,24,600,10,1,10,val,1,0.451332,0.5,0.15,2966,2514,0.847606,2785,1966,0.705925,18.8105,21.6,3.3,0.725655,9407,2580,6827,0.274264,81.924,15.0319,13,83.3333,35.592
STGCN,learned,456,24,600,10,1,10,val,1,0.464908,0.5,0.15,2966,2433,0.820297,2785,1796,0.644883,17.5074,20.7,2.6,0.683727,8183,2502,5681,0.305756,68.172,14.4196,13,83.3333,35.592
STGCN,learned,456,24,600,10,1,10,val,1,0.478702,0.5,0.15,2966,2331,0.785907,2785,1603,0.575583,16.0858,18.7,2.1,0.638143,7082,2387,4695,0.337052,56.34,13.5755,12,83.3333,35.592
STGCN,learned,456,24,600,10,1,10,val,1,0.481666,0.5,0.15,2966,2308,0.778152,2785,1558,0.559425,15.8194,18,1.9,0.629766,6863,2364,4499,0.344456,53.988,13.4139,12,83.3333,35.592
STGCN,learned,456,24,600,10,1,10,val,1,0.493158,0.5,0.15,2966,2208,0.744437,2785,1406,0.504847,14.7316,14.25,1.5,0.596134,5998,2253,3745,0.375625,44.94,12.8435,11,83.3333,35.592
STGCN,learned,456,24,600,10,1,10,val,1,0.510268,0.5,0.15,2966,2077,0.70027,2785,1160,0.416517,13.2659,11.3,1.1,0.550871,4958,2115,2843,0.426583,34.116,12.0039,10,83.3333,35.592
STGCN,learned,456,24,600,10,1,10,val,1,0.531333,0.5,0.15,2966,1938,0.653405,2785,954,0.342549,11.7314,9.7,0.7,0.50328,4026,1976,2050,0.49081,24.6,11.2727,9,83.3333,35.592
STGCN,learned,456,24,600,10,1,10,val,1,0.55883,0.5,0.15,2966,1771,0.5971,2785,769,0.276122,10.5425,7.9,0.4,0.468063,3186,1811,1375,0.568424,16.5,10.4298,8,83.3333,35.592
STGCN,learned,456,24,600,10,1,10,val,1,0.589672,0.5,0.15,2966,1609,0.542481,2785,618,0.221903,9.3036,6.2,0.3,0.427854,2503,1649,854,0.658809,10.248,9.5281,7,83.3333,35.592
STGCN,learned,456,24,600,10,1,10,val,1,0.620171,0.5,0.15,2966,1370,0.461902,2785,453,0.162657,8.15088,4.9,0.1,0.397526,1899,1402,497,0.738283,5.964,8.41247,6,83.3333,35.592
STGCN,learned,456,24,600,10,1,10,val,1,0.651625,0.5,0.15,2966,1046,0.352664,2785,285,0.102334,7.08967,3.7,0,0.37411,1295,1065,230,0.822394,2.76,7.87391,6,83.3333,35.592
STGCN,learned,456,24,600,10,1,10,val,1,0.685484,0.5,0.15,2966,696,0.234659,2785,119,0.0427289,5.0056,2.05,0,0.305316,786,704,82,0.895674,0.984,6.64634,5.5,83.3333,35.592
STGCN,learned,456,24,600,10,1,10,val,1,0.740043,0.5,0.15,2966,215,0.0724882,2785,13,0.00466786,2.70419,0.8,0,0.259284,226,215,11,0.951327,0.132,7.36364,6,83.3333,35.592
STGCN,learned,456,24,600,10,1,10,test,1,0.139655,0.25,0,3530,3512,0.994901,3389,3369,0.994099,27.3259,29.4,21,0.987437,52261,3519,48742,0.0673351,584.904,19.4287,16,83.3333,42.36
STGCN,learned,456,24,600,10,1,10,test,1,0.249276,0.25,0,3530,3454,0.97847,3389,3282,0.968427,26.1059,29.1,17.5,0.946574,30910,3600,27310,0.116467,327.72,16.5423,14,83.3333,42.36
STGCN,learned,456,24,600,10,1,10,test,1,0.304466,0.25,0,3530,3382,0.958074,3389,3149,0.929183,24.7842,27.6,13.8,0.902137,25342,3663,21679,0.144543,260.148,14.5745,12,83.3333,42.36
STGCN,learned,456,24,600,10,1,10,test,1,0.340094,0.25,0,3530,3302,0.935411,3389,3022,0.891708,23.6451,26.1,11.21,0.864231,22017,3711,18306,0.168552,219.672,13.2026,10,83.3333,42.36
STGCN,learned,456,24,600,10,1,10,test,1,0.367216,0.25,0,3530,3220,0.912181,3389,2886,0.851579,22.5456,24.7,9.7,0.827778,19703,3798,15905,0.192763,190.86,11.9388,9,83.3333,42.36
STGCN,learned,456,24,600,10,1,10,test,1,0.388322,0.25,0,3530,3131,0.886969,3389,2746,0.810269,21.4763,23.6,8,0.792367,17743,3825,13918,0.215578,167.016,10.8985,7,83.3333,42.36
STGCN,learned,456,24,600,10,1,10,test,1,0.406427,0.25,0,3530,3044,0.862323,3389,2587,0.763352,20.2984,22.5,5.9,0.753111,15692,3770,11922,0.24025,143.064,10.1847,7,83.3333,42.36
STGCN,learned,456,24,600,10,1,10,test,1,0.422778,0.25,0,3530,2951,0.835977,3389,2392,0.705813,18.9914,21.5,3.8,0.709328,13790,3640,10150,0.263959,121.8,9.50581,6,83.3333,42.36
STGCN,learned,456,24,600,10,1,10,test,1,0.437177,0.25,0,3530,2866,0.811898,3389,2197,0.648274,17.7445,20.6,2.5,0.667997,12114,3502,8612,0.289087,103.344,8.91674,6,83.3333,42.36
STGCN,learned,456,24,600,10,1,10,test,1,0.451332,0.25,0,3530,2757,0.78102,3389,2002,0.590735,16.6119,19.5,2.06,0.63108,10411,3350,7061,0.321775,84.732,8.43507,5,83.3333,42.36
STGCN,learned,456,24,600,10,1,10,test,1,0.464908,0.25,0,3530,2630,0.745042,3389,1780,0.525229,15.4003,17.45,1.6,0.592278,8916,3140,5776,0.352176,69.312,7.89249,5,83.3333,42.36
STGCN,learned,456,24,600,10,1,10,test,1,0.478702,0.25,0,3530,2484,0.703683,3389,1549,0.457067,14.1828,14.1,1.1,0.554031,7489,2947,4542,0.39351,54.504,7.44364,5,83.3333,42.36
STGCN,learned,456,24,600,10,1,10,test,1,0.481666,0.25,0,3530,2460,0.696884,3389,1506,0.444379,13.9451,13.4,1.1,0.545927,7231,2903,4328,0.401466,51.936,7.30222,5,83.3333,42.36
STGCN,learned,456,24,600,10,1,10,test,1,0.493158,0.25,0,3530,2349,0.665439,3389,1345,0.396872,13.0065,11.7,0.8,0.516746,6289,2740,3549,0.435681,42.588,6.82953,4,83.3333,42.36
STGCN,learned,456,24,600,10,1,10,test,1,0.510268,0.25,0,3530,2158,0.611331,3389,1107,0.326645,11.8397,10.2,0.6,0.482689,5023,2495,2528,0.496715,30.336,6.39755,4,83.3333,42.36
STGCN,learned,456,24,600,10,1,10,test,1,0.531333,0.25,0,3530,1912,0.541643,3389,882,0.260254,10.7324,8.9,0.4,0.452472,3912,2188,1724,0.559305,20.688,5.7703,4,83.3333,42.36
STGCN,learned,456,24,600,10,1,10,test,1,0.55883,0.25,0,3530,1618,0.458357,3389,674,0.198879,9.71792,7.4,0.1,0.428916,2952,1919,1033,0.650068,12.396,5.11423,3,83.3333,42.36
STGCN,learned,456,24,600,10,1,10,test,1,0.589672,0.25,0,3530,1289,0.365156,3389,498,0.146946,9.03445,6.8,0.1,0.422227,2112,1593,519,0.754261,6.228,4.70906,3,83.3333,42.36
STGCN,learned,456,24,600,10,1,10,test,1,0.620171,0.25,0,3530,944,0.267422,3389,307,0.0905872,7.95339,5.6,0.1,0.409955,1418,1187,231,0.837094,2.772,4.82251,3,83.3333,42.36
STGCN,learned,456,24,600,10,1,10,test,1,0.651625,0.25,0,3530,608,0.172238,3389,152,0.044851,6.71711,3.9,0.1,0.400359,891,779,112,0.874299,1.344,4.09821,3,83.3333,42.36
STGCN,learned,456,24,600,10,1,10,test,1,0.685484,0.25,0,3530,322,0.0912181,3389,54,0.0159339,5.22826,2.5,0,0.385328,438,409,29,0.93379,0.348,3.7931,2,83.3333,42.36
STGCN,learned,456,24,600,10,1,10,test,1,0.740043,0.25,0,3530,61,0.0172805,3389,5,0.00147536,3.23443,1.2,0,0.412403,72,71,1,0.986111,0.012,1,1,83.3333,42.36
STGCN,learned,456,24,600,10,1,10,val,1,0.139655,0.25,0,2966,2953,0.995617,2785,2769,0.994255,26.549,29.4,16.6,0.983096,45932,2981,42951,0.0649003,515.412,18.9814,15,83.3333,35.592
STGCN,learned,456,24,600,10,1,10,val,1,0.249276,0.25,0,2966,2891,0.974713,2785,2674,0.960144,25.2422,29.1,12.7,0.939631,26859,3010,23849,0.112067,286.188,15.9499,13,83.3333,35.592
STGCN,learned,456,24,600,10,1,10,val,1,0.304466,0.25,0,2966,2828,0.953473,2785,2550,0.915619,23.9246,27.2,10.07,0.895047,21379,3046,18333,0.142476,219.996,14.3033,11,83.3333,35.592
STGCN,learned,456,24,600,10,1,10,val,1,0.340094,0.25,0,2966,2762,0.93122,2785,2442,0.87684,22.783,25.5,8.6,0.857129,18586,3104,15482,0.167007,185.784,12.9009,10,83.3333,35.592
STGCN,learned,456,24,600,10,1,10,val,1,0.367216,0.25,0,2966,2689,0.906608,2785,2324,0.83447,21.7425,24.2,7.08,0.82325,16437,3195,13242,0.194379,158.904,11.7578,8,83.3333,35.592
STGCN,learned,456,24,600,10,1,10,val,1,0.388322,0.25,0,2966,2614,0.881322,2785,2207,0.79246,20.6848,23.2,6,0.788448,14604,3168,11436,0.216927,137.232,10.8203,7,83.3333,35.592
STGCN,learned,456,24,600,10,1,10,val,1,0.406427,0.25,0,2966,2535,0.854686,2785,2072,0.743986,19.555,22.2,4.64,0.751803,12857,3118,9739,0.242514,116.868,10.1197,7,83.3333,35.592
STGCN,learned,456,24,600,10,1,10,val,1,0.422778,0.25,0,2966,2438,0.821982,2785,1902,0.682944,18.2721,21.1,3.27,0.711018,11189,2996,8193,0.267763,98.316,9.46723,6,83.3333,35.592
STGCN,learned,456,24,600,10,1,10,val,1,0.437177,0.25,0,2966,2346,0.790964,2785,1733,0.622262,17.0647,20,2.5,0.672077,9628,2874,6754,0.298504,81.048,9.10823,6,83.3333,35.592
STGCN,learned,456,24,600,10,1,10,val,1,0.451332,0.25,0,2966,2261,0.762306,2785,1568,0.563016,15.845,18.5,1.8,0.633392,8204,2712,5492,0.33057,65.904,8.73471,6,83.3333,35.592
STGCN,learned,456,24,600,10,1,10,val,1,0.464908,0.25,0,2966,2172,0.732299,2785,1396,0.501257,14.6919,16.1,1.4,0.597229,7058,2586,4472,0.366393,53.664,8.2453,5,83.3333,35.592
STGCN,learned,456,24,600,10,1,10,val,1,0.478702,0.25,0,2966,2059,0.694201,2785,1219,0.437702,13.5126,12.6,1.18,0.560942,5995,2417,3578,0.403169,42.936,7.73002,5,83.3333,35.592
STGCN,learned,456,24,600,10,1,10,val,1,0.481666,0.25,0,2966,2040,0.687795,2785,1183,0.424776,13.3007,12.3,1.1,0.55437,5802,2397,3405,0.413133,40.86,7.62261,5,83.3333,35.592
STGCN,learned,456,24,600,10,1,10,val,1,0.493158,0.25,0,2966,1946,0.656102,2785,1038,0.372711,12.3719,10.95,0.75,0.525984,4982,2223,2759,0.446206,33.108,7.35158,5,83.3333,35.592
STGCN,learned,456,24,600,10,1,10,val,1,0.510268,0.25,0,2966,1810,0.610249,2785,894,0.321005,11.3077,9.6,0.4,0.495364,4121,2065,2056,0.501092,24.672,6.81907,4,83.3333,35.592
STGCN,learned,456,24,600,10,1,10,val,1,0.531333,0.25,0,2966,1633,0.550573,2785,740,0.265709,10.4826,8.6,0.3,0.476059,3286,1873,1413,0.569994,16.956,6.36801,4,83.3333,35.592
STGCN,learned,456,24,600,10,1,10,val,1,0.55883,0.25,0,2966,1408,0.474713,2785,581,0.208618,9.74247,7.35,0.1,0.464667,2569,1641,928,0.63877,11.136,5.53233,4,83.3333,35.592
STGCN,learned,456,24,600,10,1,10,val,1,0.589672,0.25,0,2966,1140,0.384356,2785,430,0.154399,9.05807,6.55,0.1,0.457632,1921,1399,522,0.728267,6.264,4.84866,3,83.3333,35.592
STGCN,learned,456,24,600,10,1,10,val,1,0.620171,0.25,0,2966,855,0.288267,2785,289,0.10377,8.26971,5.7,0.2,0.458968,1375,1106,269,0.804364,3.228,4.27138,3,83.3333,35.592
STGCN,learned,456,24,600,10,1,10,val,1,0.651625,0.25,0,2966,599,0.201955,2785,152,0.0545781,6.86093,4.3,0,0.433015,875,771,104,0.881143,1.248,4.23077,3,83.3333,35.592
STGCN,learned,456,24,600,10,1,10,val,1,0.685484,0.25,0,2966,346,0.116655,2785,59,0.0211849,5.03468,2.4,0,0.390881,460,422,38,0.917391,0.456,3.68421,3,83.3333,35.592
STGCN,learned,456,24,600,10,1,10,val,1,0.740043,0.25,0,2966,88,0.0296696,2785,4,0.00143627,2.87955,1.2,0,0.425566,103,101,2,0.980583,0.024,5.5,5.5,83.3333,35.592
STGCN,learned,456,24,600,10,1,10,test,1,0.139655,0.25,0.15,3530,3517,0.996317,3389,3374,0.995574,27.3733,29.4,21.3,0.988957,42312,3493,38819,0.0825534,465.828,37.4613,40,83.3333,42.36
STGCN,learned,456,24,600,10,1,10,test,1,0.249276,0.25,0.15,3530,3462,0.980737,3389,3291,0.971083,26.1821,29.1,17.6,0.949018,25967,3440,22527,0.132476,270.324,27.0004,27,83.3333,42.36
STGCN,learned,456,24,600,10,1,10,test,1,0.304466,0.25,0.15,3530,3393,0.96119,3389,3160,0.932428,24.8686,27.8,13.9,0.904787,21004,3376,17628,0.160731,211.536,23.6254,23,83.3333,42.36
STGCN,learned,456,24,600,10,1,10,test,1,0.340094,0.25,0.15,3530,3316,0.939377,3389,3039,0.896725,23.783,26.3,11.35,0.868618,18006,3316,14690,0.184161,176.28,21.814,22,83.3333,42.36
STGCN,learned,456,24,600,10,1,10,test,1,0.367216,0.25,0.15,3530,3235,0.916431,3389,2903,0.856595,22.683,24.9,9.7,0.832109,15747,3240,12507,0.205753,150.084,20.5402,20,83.3333,42.36
STGCN,learned,456,24,600,10,1,10,test,1,0.388322,0.25,0.15,3530,3151,0.892635,3389,2769,0.817055,21.6451,23.7,8.1,0.797664,13998,3160,10838,0.225747,130.056,19.4787,19,83.3333,42.36
STGCN,learned,456,24,600,10,1,10,test,1,0.406427,0.25,0.15,3530,3064,0.867989,3389,2607,0.769253,20.4343,22.6,5.9,0.757277,12421,3076,9345,0.247645,112.14,18.508,18,83.3333,42.36
STGCN,learned,456,24,600,10,1,10,test,1,0.422778,0.25,0.15,3530,2967,0.84051,3389,2411,0.711419,19.136,21.6,3.8,0.713864,10997,2981,8016,0.271074,96.192,17.5104,16,83.3333,42.36
STGCN,learned,456,24,600,10,1,10,test,1,0.437177,0.25,0.15,3530,2884,0.816997,3389,2217,0.654175,17.8919,20.7,2.5,0.67257,9688,2893,6795,0.298617,81.54,16.6578,15,83.3333,42.36
STGCN,learned,456,24,600,10,1,10,test,1,0.451332,0.25,0.15,3530,2772,0.785269,3389,2020,0.596046,16.7793,19.6,2.1,0.636366,8409,2781,5628,0.330717,67.536,15.887,14,83.3333,42.36
STGCN,learned,456,24,600,10,1,10,test,1,0.464908,0.25,0.15,3530,2645,0.749292,3389,1796,0.52995,15.545,17.7,1.6,0.596764,7256,2655,4601,0.365904,55.212,15.298,14,83.3333,42.36
STGCN,learned,456,24,600,10,1,10,test,1,0.478702,0.25,0.15,3530,2501,0.708499,3389,1566,0.462083,14.3426,14.4,1.1,0.558909,6158,2508,3650,0.407275,43.8,14.6532,13,83.3333,42.36
STGCN,learned,456,24,600,10,1,10,test,1,0.481666,0.25,0.15,3530,2477,0.7017,3389,1524,0.44969,14.1048,13.7,1.1,0.550798,5952,2484,3468,0.417339,41.616,14.5637,13,83.3333,42.36
STGCN,learned,456,24,600,10,1,10,test,1,0.493158,0.25,0.15,3530,2367,0.670538,3389,1365,0.402774,13.1826,11.9,0.8,0.522085,5205,2374,2831,0.4561,33.972,13.9883,12,83.3333,42.36
STGCN,learned,456,24,600,10,1,10,test,1,0.510268,0.25,0.15,3530,2174,0.615864,3389,1126,0.332251,12.0195,10.4,0.6,0.488122,4213,2180,2033,0.517446,24.396,13.4235,12,83.3333,42.36
STGCN,learned,456,24,600,10,1,10,test,1,0.531333,0.25,0.15,3530,1922,0.544476,3389,894,0.263795,10.8652,9.05,0.4,0.456475,3297,1923,1374,0.583258,16.488,12.8115,11,83.3333,42.36
STGCN,learned,456,24,600,10,1,10,test,1,0.55883,0.25,0.15,3530,1627,0.460907,3389,684,0.201829,9.86312,7.5,0.1,0.433236,2442,1630,812,0.667486,9.744,12.2204,10,83.3333,42.36
STGCN,learned,456,24,600,10,1,10,test,1,0.589672,0.25,0.15,3530,1294,0.366572,3389,503,0.148421,9.13841,6.8,0.1,0.425274,1727,1294,433,0.749276,5.196,11.1524,9,83.3333,42.36
STGCN,learned,456,24,600,10,1,10,test,1,0.620171,0.25,0.15,3530,948,0.268555,3389,312,0.0920626,8.0693,5.7,0.1,0.413278,1146,949,197,0.828098,2.364,10.7056,8,83.3333,42.36
STGCN,learned,456,24,600,10,1,10,test,1,0.651625,0.25,0.15,3530,612,0.173371,3389,156,0.0460313,6.86667,4.05,0.1,0.404278,704,610,94,0.866477,1.128,9.71277,8,83.3333,42.36
STGCN,learned,456,24,600,10,1,10,test,1,0.685484,0.25,0.15,3530,322,0.0912181,3389,54,0.0159339,5.22826,2.5,0,0.385328,344,322,22,0.936047,0.264,9.68182,8.5,83.3333,42.36
STGCN,learned,456,24,600,10,1,10,test,1,0.740043,0.25,0.15,3530,61,0.0172805,3389,5,0.00147536,3.23443,1.2,0,0.412403,62,61,1,0.983871,0.012,5,5,83.3333,42.36
STGCN,learned,456,24,600,10,1,10,val,1,0.139655,0.25,0.15,2966,2958,0.997303,2785,2774,0.99605,26.6064,29.4,16.77,0.98489,37066,2942,34124,0.0793719,409.488,37.8581,40,83.3333,35.592
STGCN,learned,456,24,600,10,1,10,val,1,0.249276,0.25,0.15,2966,2900,0.977748,2785,2686,0.964452,25.3359,29.1,12.89,0.942517,22434,2888,19546,0.128733,234.552,26.8164,27,83.3333,35.592
STGCN,learned,456,24,600,10,1,10,val,1,0.304466,0.25,0.15,2966,2838,0.956844,2785,2562,0.919928,24.0434,27.4,10.27,0.898749,17904,2830,15074,0.158065,180.888,23.3127,23,83.3333,35.592
STGCN,learned,456,24,600,10,1,10,val,1,0.340094,0.25,0.15,2966,2772,0.934592,2785,2454,0.881149,22.9288,25.7,8.71,0.861739,15250,2771,12479,0.181705,149.748,21.5049,21,83.3333,35.592
STGCN,learned,456,24,600,10,1,10,val,1,0.367216,0.25,0.15,2966,2697,0.909305,2785,2335,0.83842,21.8635,24.3,7.1,0.82708,13252,2697,10555,0.203516,126.66,20.2746,20,83.3333,35.592
STGCN,learned,456,24,600,10,1,10,val,1,0.388322,0.25,0.15,2966,2623,0.884356,2785,2217,0.79605,20.8149,23.3,6.02,0.792554,11600,2627,8973,0.226466,107.676,19.4077,19,83.3333,35.592
STGCN,learned,456,24,600,10,1,10,val,1,0.406427,0.25,0.15,2966,2546,0.858395,2785,2083,0.747935,19.6879,22.2,4.7,0.755921,10228,2552,7676,0.249511,92.112,18.5031,18,83.3333,35.592
STGCN,learned,456,24,600,10,1,10,val,1,0.422778,0.25,0.15,2966,2452,0.826703,2785,1917,0.68833,18.4247,21.2,3.3,0.715667,8941,2454,6487,0.274466,77.844,17.5169,16,83.3333,35.592
STGCN,learned,456,24,600,10,1,10,val,1,0.437177,0.25,0.15,2966,2359,0.795347,2785,1747,0.627289,17.2091,20.1,2.5,0.676455,7775,2364,5411,0.304051,64.932,16.8832,15,83.3333,35.592
STGCN,learned,456,24,600,10,1,10,val,1,0.451332,0.25,0.15,2966,2271,0.765678,2785,1580,0.567325,15.9633,18.7,1.9,0.636968,6745,2279,4466,0.33788,53.592,16.2179,15,83.3333,35.592
STGCN,learned,456,24,600,10,1,10,val,1,0.464908,0.25,0.15,2966,2183,0.736008,2785,1409,0.505925,14.8058,16.2,1.4,0.600574,5844,2189,3655,0.374572,43.86,15.4274,14,83.3333,35.592
STGCN,learned,456,24,600,10,1,10,val,1,0.478702,0.25,0.15,2966,2070,0.69791,2785,1233,0.442729,13.6607,12.9,1.2,0.565401,4991,2076,2915,0.415949,34.98,14.7708,13,83.3333,35.592
STGCN,learned,456,24,600,10,1,10,val,1,0.481666,0.25,0.15,2966,2050,0.691167,2785,1195,0.429084,13.4322,12.4,1.1,0.558304,4828,2055,2773,0.425642,33.276,14.7166,13,83.3333,35.592
STGCN,learned,456,24,600,10,1,10,val,1,0.493158,0.25,0.15,2966,1956,0.659474,2785,1049,0.376661,12.4923,11,0.8,0.529503,4221,1956,2265,0.463397,27.18,14.3276,13,83.3333,35.592
STGCN,learned,456,24,600,10,1,10,val,1,0.510268,0.25,0.15,2966,1816,0.612272,2785,901,0.323519,11.3891,9.8,0.4,0.497744,3520,1818,1702,0.516477,20.424,13.5993,12,83.3333,35.592
STGCN,learned,456,24,600,10,1,10,val,1,0.531333,0.25,0.15,2966,1638,0.552259,2785,747,0.268223,10.594,8.7,0.3,0.479467,2796,1643,1153,0.587625,13.836,13.0937,11,83.3333,35.592
STGCN,learned,456,24,600,10,1,10,val,1,0.55883,0.25,0.15,2966,1414,0.476736,2785,589,0.21149,9.87878,7.5,0.1,0.468722,2158,1417,741,0.656627,8.892,12.2996,11,83.3333,35.592
STGCN,learned,456,24,600,10,1,10,val,1,0.589672,0.25,0.15,2966,1143,0.385367,2785,434,0.155835,9.13762,6.7,0.1,0.459949,1575,1148,427,0.728889,5.124,11.267,10,83.3333,35.592
STGCN,learned,456,24,600,10,1,10,val,1,0.620171,0.25,0.15,2966,858,0.289278,2785,292,0.104847,8.34324,5.7,0.2,0.460859,1078,863,215,0.800557,2.58,10.3488,8,83.3333,35.592
STGCN,learned,456,24,600,10,1,10,val,1,0.651625,0.25,0.15,2966,600,0.202293,2785,153,0.0549372,6.9,4.3,0,0.434017,688,601,87,0.873547,1.044,9.94253,9,83.3333,35.592
STGCN,learned,456,24,600,10,1,10,val,1,0.685484,0.25,0.15,2966,347,0.116993,2785,60,0.021544,5.10432,2.4,0,0.392636,377,347,30,0.920424,0.36,10.4667,8.5,83.3333,35.592
STGCN,learned,456,24,600,10,1,10,val,1,0.740043,0.25,0.15,2966,88,0.0296696,2785,4,0.00143627,2.87955,1.2,0,0.425566,90,88,2,0.977778,0.024,10.5,10.5,83.3333,35.592
TR-GAT,trgat,42,46,600,10,1,10,test,1,0.15778,1,0,3530,3520,0.997167,3389,3377,0.996459,27.3442,29.4,20.8,0.987835,93281,3744,89537,0.0401368,1074.44,9.08413,3,83.3333,42.36
TR-GAT,trgat,42,46,600,10,1,10,test,1,0.250761,1,0,3530,3500,0.991501,3389,3342,0.986132,26.7802,29.3,18.5,0.968439,60029,4278,55751,0.0712656,669.012,8.24493,3,83.3333,42.36
TR-GAT,trgat,42,46,600,10,1,10,test,1,0.299271,1,0,3530,3469,0.98272,3389,3283,0.968722,26.1209,29.2,16.8,0.946166,50333,4753,45580,0.0944311,546.96,7.43392,3,83.3333,42.36
TR-GAT,trgat,42,46,600,10,1,10,test,1,0.329941,1,0,3530,3441,0.974788,3389,3235,0.954559,25.5464,29.1,14.7,0.92673,45543,5139,40404,0.112838,484.848,6.80123,3,83.3333,42.36
TR-GAT,trgat,42,46,600,10,1,10,test,1,0.356046,1,0,3530,3391,0.960623,3389,3162,0.933019,24.8782,28.5,13.2,0.904289,42145,5471,36674,0.129814,440.088,6.14683,3,83.3333,42.36
TR-GAT,trgat,42,46,600,10,1,10,test,1,0.377626,1,0,3530,3345,0.947592,3389,3093,0.912659,24.2519,27.6,12.04,0.883571,39189,5648,33541,0.144122,402.492,5.6108,3,83.3333,42.36
TR-GAT,trgat,42,46,600,10,1,10,test,1,0.397674,1,0,3530,3295,0.933428,3389,3013,0.889053,23.6111,26.4,11.04,0.861972,36312,5867,30445,0.161572,365.34,5.15944,3,83.3333,42.36
TR-GAT,trgat,42,46,600,10,1,10,test,1,0.416805,1,0,3530,3236,0.916714,3389,2905,0.857185,22.8624,25.3,9.75,0.83712,33543,5999,27544,0.178845,330.528,4.71315,2,83.3333,42.36
TR-GAT,trgat,42,46,600,10,1,10,test,1,0.434865,1,0,3530,3183,0.9017,3389,2799,0.825907,22.1118,24.1,8.6,0.812026,30724,6087,24637,0.198119,295.644,4.34359,2,83.3333,42.36
TR-GAT,trgat,42,46,600,10,1,10,test,1,0.45263,1,0,3530,3134,0.887819,3389,2692,0.794335,21.2383,23.2,6.7,0.782549,28026,6115,21911,0.21819,262.932,3.97786,2,83.3333,42.36
TR-GAT,trgat,42,46,600,10,1,10,test,1,0.469934,1,0,3530,3062,0.867422,3389,2558,0.754795,20.3267,22.4,5.4,0.752372,25254,6076,19178,0.240596,230.136,3.65763,2,83.3333,42.36
TR-GAT,trgat,42,46,600,10,1,10,test,1,0.482464,1,0,3530,3018,0.854958,3389,2470,0.728829,19.6432,21.9,4.6,0.729068,23328,6066,17262,0.260031,207.144,3.42875,2,83.3333,42.36
TR-GAT,trgat,42,46,600,10,1,10,test,1,0.487948,1,0,3530,2988,0.846459,3389,2407,0.710239,19.3189,21.7,4.3,0.718411,22490,6036,16454,0.268386,197.448,3.33202,2,83.3333,42.36
TR-GAT,trgat,42,46,600,10,1,10,test,1,0.505773,1,0,3530,2897,0.82068,3389,2227,0.657126,18.2007,20.9,3.4,0.681134,19734,5905,13829,0.29923,165.948,3.06038,2,83.3333,42.36
TR-GAT,trgat,42,46,600,10,1,10,test,1,0.525451,1,0,3530,2796,0.792068,3389,2031,0.599292,16.9502,19.9,2.5,0.639549,16950,5674,11276,0.334749,135.312,2.7665,2,83.3333,42.36
TR-GAT,trgat,42,46,600,10,1,10,test,1,0.546032,1,0,3530,2676,0.758074,3389,1779,0.524934,15.4212,16.3,2,0.588735,14243,5382,8861,0.37787,106.332,2.51755,1,83.3333,42.36
TR-GAT,trgat,42,46,600,10,1,10,test,1,0.569055,1,0,3530,2525,0.715297,3389,1480,0.436707,13.8416,12.1,1.4,0.537086,11541,4979,6562,0.431418,78.744,2.32048,1,83.3333,42.36
TR-GAT,trgat,42,46,600,10,1,10,test,1,0.594455,1,0,3530,2337,0.66204,3389,1188,0.350546,12.1522,10.2,1,0.481628,9150,4554,4596,0.497705,55.152,2.13294,1,83.3333,42.36
TR-GAT,trgat,42,46,600,10,1,10,test,1,0.623185,1,0,3530,2126,0.602266,3389,951,0.280614,10.7851,8.5,0.7,0.433951,7163,4110,3053,0.573782,36.636,1.9073,1,83.3333,42.36
TR-GAT,trgat,42,46,600,10,1,10,test,1,0.655077,1,0,3530,1811,0.513031,3389,689,0.203305,9.34594,6,0.5,0.38269,5209,3375,1834,0.647917,22.008,1.72192,1,83.3333,42.36
TR-GAT,trgat,42,46,600,10,1,10,test,1,0.693112,1,0,3530,1370,0.388102,3389,436,0.128652,7.97387,4.1,0.3,0.333656,3264,2395,869,0.733762,10.428,1.53395,1,83.3333,42.36
TR-GAT,trgat,42,46,600,10,1,10,test,1,0.751006,1,0,3530,612,0.173371,3389,128,0.0377693,5.85866,2.35,0.01,0.250543,1122,923,199,0.822638,2.388,1.30653,1,83.3333,42.36
TR-GAT,trgat,42,46,600,10,1,10,val,1,0.15778,1,0,2966,2961,0.998314,2785,2778,0.997487,26.6565,29.4,17.3,0.986381,84082,3198,80884,0.0380343,970.608,8.57779,3,83.3333,35.592
TR-GAT,trgat,42,46,600,10,1,10,val,1,0.250761,1,0,2966,2936,0.989885,2785,2735,0.982047,25.9366,29.3,14.25,0.961899,52513,3580,48933,0.0681736,587.196,7.81105,3,83.3333,35.592
TR-GAT,trgat,42,46,600,10,1,10,val,1,0.299271,1,0,2966,2912,0.981794,2785,2688,0.965171,25.3088,29.1,12.51,0.940458,43459,4019,39440,0.092478,473.28,7.0356,3,83.3333,35.592
TR-GAT,trgat,42,46,600,10,1,10,val,1,0.329941,1,0,2966,2891,0.974713,2785,2642,0.948654,24.6356,28.6,11,0.917588,38929,4307,34622,0.110637,415.464,6.42565,3,83.3333,35.592
TR-GAT,trgat,42,46,600,10,1,10,val,1,0.356046,1,0,2966,2864,0.96561,2785,2588,0.929264,23.9507,27.8,10.2,0.894747,35534,4528,31006,0.127427,372.072,5.82629,3,83.3333,35.592
TR-GAT,trgat,42,46,600,10,1,10,val,1,0.377626,1,0,2966,2817,0.949764,2785,2513,0.902334,23.2815,26.6,9.4,0.872528,32687,4661,28026,0.142595,336.312,5.34768,3,83.3333,35.592
TR-GAT,trgat,42,46,600,10,1,10,val,1,0.397674,1,0,2966,2776,0.935941,2785,2437,0.875045,22.5141,25.5,8.4,0.846494,29969,4810,25159,0.160499,301.908,4.92675,2,83.3333,35.592
TR-GAT,trgat,42,46,600,10,1,10,val,1,0.416805,1,0,2966,2726,0.919083,2785,2356,0.845961,21.775,24.3,7.2,0.822535,27483,4943,22540,0.179857,270.48,4.53008,2,83.3333,35.592
TR-GAT,trgat,42,46,600,10,1,10,val,1,0.434865,1,0,2966,2678,0.9029,2785,2256,0.810054,20.9735,23.4,6.2,0.796183,25117,4983,20134,0.198392,241.608,4.15576,2,83.3333,35.592
TR-GAT,trgat,42,46,600,10,1,10,val,1,0.45263,1,0,2966,2631,0.887053,2785,2163,0.776661,20.1858,22.6,5.4,0.770159,22794,5002,17792,0.219444,213.504,3.82942,2,83.3333,35.592
TR-GAT,trgat,42,46,600,10,1,10,val,1,0.469934,1,0,2966,2566,0.865138,2785,2049,0.735727,19.2515,21.8,4.4,0.73913,20402,4966,15436,0.243408,185.232,3.54924,2,83.3333,35.592
TR-GAT,trgat,42,46,600,10,1,10,val,1,0.482464,1,0,2966,2523,0.850641,2785,1964,0.705206,18.6322,21.4,3.8,0.718967,18846,4957,13889,0.263027,166.668,3.32717,2,83.3333,35.592
TR-GAT,trgat,42,46,600,10,1,10,val,1,0.487948,1,0,2966,2501,0.843223,2785,1923,0.690485,18.2837,21.1,3.6,0.707531,18120,4950,13170,0.273179,158.04,3.25771,2,83.3333,35.592
TR-GAT,trgat,42,46,600,10,1,10,val,1,0.505773,1,0,2966,2409,0.812205,2785,1751,0.628725,17.134,20.1,3,0.670067,15850,4844,11006,0.305615,132.072,3.01635,2,83.3333,35.592
TR-GAT,trgat,42,46,600,10,1,10,val,1,0.525451,1,0,2966,2332,0.786244,2785,1580,0.567325,15.914,18,2.3,0.629694,13634,4679,8955,0.343186,107.46,2.74897,2,83.3333,35.592
TR-GAT,trgat,42,46,600,10,1,10,val,1,0.546032,1,0,2966,2222,0.749157,2785,1378,0.494794,14.5769,13.5,1.8,0.585369,11531,4480,7051,0.388518,84.612,2.50901,1,83.3333,35.592
TR-GAT,trgat,42,46,600,10,1,10,val,1,0.569055,1,0,2966,2098,0.70735,2785,1158,0.415799,13.0163,11,1.37,0.533773,9470,4213,5257,0.444879,63.084,2.30074,1,83.3333,35.592
TR-GAT,trgat,42,46,600,10,1,10,val,1,0.594455,1,0,2966,1959,0.660486,2785,966,0.346858,11.5947,9.8,0.9,0.486088,7697,3895,3802,0.506041,45.624,2.06391,1,83.3333,35.592
TR-GAT,trgat,42,46,600,10,1,10,val,1,0.623185,1,0,2966,1805,0.608564,2785,790,0.283662,10.2973,7.9,0.6,0.437122,6088,3570,2518,0.586399,30.216,1.88245,1,83.3333,35.592
TR-GAT,trgat,42,46,600,10,1,10,val,1,0.655077,1,0,2966,1574,0.530681,2785,579,0.207899,8.88856,5.7,0.4,0.384009,4489,2983,1506,0.664513,18.072,1.69721,1,83.3333,35.592
TR-GAT,trgat,42,46,600,10,1,10,val,1,0.693112,1,0,2966,1234,0.416049,2785,344,0.123519,7.21426,3.7,0.2,0.323137,2860,2138,722,0.747552,8.664,1.50693,1,83.3333,35.592
TR-GAT,trgat,42,46,600,10,1,10,val,1,0.751006,1,0,2966,559,0.188469,2785,100,0.0359066,5.07603,1.9,0,0.239279,976,820,156,0.840164,1.872,1.32051,1,83.3333,35.592
TR-GAT,trgat,42,46,600,10,1,10,test,1,0.15778,1,0.15,3530,3525,0.998584,3389,3382,0.997934,27.4197,29.4,21.3,0.990307,49139,3502,45637,0.0712672,547.644,29.0248,29,83.3333,42.36
TR-GAT,trgat,42,46,600,10,1,10,test,1,0.250761,1,0.15,3530,3505,0.992918,3389,3349,0.988197,26.8587,29.3,19,0.971014,35964,3522,32442,0.0979313,389.304,19.4893,17,83.3333,42.36
TR-GAT,trgat,42,46,600,10,1,10,test,1,0.299271,1,0.15,3530,3477,0.984986,3389,3292,0.971378,26.2071,29.3,17,0.948947,29852,3549,26303,0.118887,315.636,17.6945,16,83.3333,42.36
TR-GAT,trgat,42,46,600,10,1,10,test,1,0.329941,1,0.15,3530,3449,0.977054,3389,3243,0.956919,25.6756,29.2,14.7,0.930965,26592,3564,23028,0.134025,276.336,16.6776,15,83.3333,42.36
TR-GAT,trgat,42,46,600,10,1,10,test,1,0.356046,1,0.15,3530,3407,0.965156,3389,3180,0.93833,25.0558,29,13.36,0.910011,24031,3564,20467,0.148308,245.604,15.8266,14,83.3333,42.36
TR-GAT,trgat,42,46,600,10,1,10,test,1,0.377626,1,0.15,3530,3363,0.952691,3389,3112,0.918265,24.4542,28.1,12.2,0.890086,22143,3559,18584,0.160728,223.008,15.0186,13,83.3333,42.36
TR-GAT,trgat,42,46,600,10,1,10,test,1,0.397674,1,0.15,3530,3312,0.938244,3389,3031,0.894364,23.7947,27,11.1,0.867876,20457,3558,16899,0.173926,202.788,14.3062,12,83.3333,42.36
TR-GAT,trgat,42,46,600,10,1,10,test,1,0.416805,1,0.15,3530,3259,0.923229,3389,2932,0.865152,23.0751,25.7,9.9,0.843909,18764,3532,15232,0.188233,182.784,13.6618,11,83.3333,42.36
TR-GAT,trgat,42,46,600,10,1,10,test,1,0.434865,1,0.15,3530,3206,0.908215,3389,2827,0.834169,22.3531,24.4,8.8,0.81975,17302,3512,13790,0.202982,165.48,12.9336,10,83.3333,42.36
TR-GAT,trgat,42,46,600,10,1,10,test,1,0.45263,1,0.15,3530,3156,0.894051,3389,2721,0.802892,21.5173,23.4,6.9,0.791557,15878,3496,12382,0.220179,148.584,12.2259,9,83.3333,42.36
TR-GAT,trgat,42,46,600,10,1,10,test,1,0.469934,1,0.15,3530,3082,0.873088,3389,2585,0.762762,20.6001,22.6,5.61,0.761234,14462,3444,11018,0.238141,132.216,11.5562,9,83.3333,42.36
TR-GAT,trgat,42,46,600,10,1,10,test,1,0.482464,1,0.15,3530,3041,0.861473,3389,2497,0.736796,19.9207,22.1,4.7,0.738001,13493,3442,10051,0.255095,120.612,11.0547,8,83.3333,42.36
TR-GAT,trgat,42,46,600,10,1,10,test,1,0.487948,1,0.15,3530,3009,0.852408,3389,2432,0.717616,19.5751,21.8,4.4,0.726641,13007,3409,9598,0.26209,115.176,10.8809,8,83.3333,42.36
TR-GAT,trgat,42,46,600,10,1,10,test,1,0.505773,1,0.15,3530,2915,0.825779,3389,2247,0.663027,18.4197,21,3.4,0.68815,11659,3329,8330,0.28553,99.96,10.0419,7,83.3333,42.36
TR-GAT,trgat,42,46,600,10,1,10,test,1,0.525451,1,0.15,3530,2813,0.796884,3389,2051,0.605193,17.1795,20,2.6,0.646914,10214,3244,6970,0.317603,83.64,9.14218,6,83.3333,42.36
TR-GAT,trgat,42,46,600,10,1,10,test,1,0.546032,1,0.15,3530,2690,0.76204,3389,1800,0.53113,15.6661,16.95,2,0.596671,8733,3110,5623,0.35612,67.476,8.39516,5,83.3333,42.36
TR-GAT,trgat,42,46,600,10,1,10,test,1,0.569055,1,0.15,3530,2539,0.719263,3389,1499,0.442313,14.0657,12.3,1.4,0.544306,7297,2917,4380,0.399753,52.56,7.52603,5,83.3333,42.36
TR-GAT,trgat,42,46,600,10,1,10,test,1,0.594455,1,0.15,3530,2352,0.666289,3389,1208,0.356447,12.3612,10.3,1,0.488252,5880,2683,3197,0.456293,38.364,6.64654,4,83.3333,42.36
TR-GAT,trgat,42,46,600,10,1,10,test,1,0.623185,1,0.15,3530,2133,0.604249,3389,960,0.283269,10.8922,8.6,0.7,0.437333,4652,2441,2211,0.524721,26.532,5.78426,4,83.3333,42.36
TR-GAT,trgat,42,46,600,10,1,10,test,1,0.655077,1,0.15,3530,1816,0.514448,3389,694,0.20478,9.41228,6.1,0.5,0.384728,3448,2062,1386,0.598028,16.632,4.95022,3,83.3333,42.36
TR-GAT,trgat,42,46,600,10,1,10,test,1,0.693112,1,0.15,3530,1371,0.388385,3389,437,0.128947,7.99147,4.1,0.3,0.334216,2232,1542,690,0.69086,8.28,4.25797,3,83.3333,42.36
TR-GAT,trgat,42,46,600,10,1,10,test,1,0.751006,1,0.15,3530,612,0.173371,3389,128,0.0377693,5.85866,2.35,0.01,0.250543,832,665,167,0.799279,2.004,3.67066,3,83.3333,42.36
TR-GAT,trgat,42,46,600,10,1,10,val,1,0.15778,1,0.15,2966,2962,0.998651,2785,2779,0.997846,26.7132,29.4,17.5,0.988271,43723,2947,40776,0.0674016,489.312,28.7537,29,83.3333,35.592
TR-GAT,trgat,42,46,600,10,1,10,val,1,0.250761,1,0.15,2966,2939,0.990897,2785,2739,0.983483,26.0341,29.3,14.4,0.9651,31463,2970,28493,0.0943966,341.916,18.7954,16,83.3333,35.592
TR-GAT,trgat,42,46,600,10,1,10,val,1,0.299271,1,0.15,2966,2916,0.983142,2785,2693,0.966966,25.4172,29.2,12.6,0.944016,25864,2999,22865,0.115953,274.38,16.9295,14,83.3333,35.592
TR-GAT,trgat,42,46,600,10,1,10,val,1,0.329941,1,0.15,2966,2895,0.976062,2785,2646,0.95009,24.7462,29.1,11,0.921233,22845,3011,19834,0.131801,238.008,15.9655,14,83.3333,35.592
TR-GAT,trgat,42,46,600,10,1,10,val,1,0.356046,1,0.15,2966,2869,0.967296,2785,2594,0.931418,24.0948,28.1,10.28,0.899492,20601,3004,17597,0.145818,211.164,15.0664,12,83.3333,35.592
TR-GAT,trgat,42,46,600,10,1,10,val,1,0.377626,1,0.15,2966,2824,0.952124,2785,2521,0.905206,23.4178,27,9.5,0.876931,18784,2986,15798,0.158965,189.576,14.3283,12,83.3333,35.592
TR-GAT,trgat,42,46,600,10,1,10,val,1,0.397674,1,0.15,2966,2781,0.937626,2785,2443,0.877199,22.6764,25.8,8.4,0.85185,17108,2955,14153,0.172726,169.836,13.6667,11,83.3333,35.592
TR-GAT,trgat,42,46,600,10,1,10,val,1,0.416805,1,0.15,2966,2736,0.922454,2785,2368,0.850269,21.9585,24.6,7.3,0.828423,15604,2938,12666,0.188285,151.992,13.0171,10,83.3333,35.592
TR-GAT,trgat,42,46,600,10,1,10,val,1,0.434865,1,0.15,2966,2688,0.906271,2785,2269,0.814722,21.1574,23.5,6.3,0.802073,14248,2909,11339,0.204169,136.068,12.3678,10,83.3333,35.592
TR-GAT,trgat,42,46,600,10,1,10,val,1,0.45263,1,0.15,2966,2646,0.892111,2785,2181,0.783124,20.4141,22.8,5.5,0.777369,13035,2904,10131,0.222785,121.572,11.7135,9,83.3333,35.592
TR-GAT,trgat,42,46,600,10,1,10,val,1,0.469934,1,0.15,2966,2581,0.870196,2785,2067,0.74219,19.4714,21.9,4.5,0.746057,11838,2864,8974,0.241933,107.688,11.0383,8,83.3333,35.592
TR-GAT,trgat,42,46,600,10,1,10,val,1,0.482464,1,0.15,2966,2536,0.855024,2785,1980,0.710952,18.8345,21.5,3.8,0.725355,11005,2861,8144,0.259973,97.728,10.5923,7,83.3333,35.592
TR-GAT,trgat,42,46,600,10,1,10,val,1,0.487948,1,0.15,2966,2517,0.848618,2785,1941,0.696948,18.4922,21.2,3.66,0.714011,10636,2845,7791,0.267488,93.492,10.3768,7,83.3333,35.592
TR-GAT,trgat,42,46,600,10,1,10,val,1,0.505773,1,0.15,2966,2422,0.816588,2785,1765,0.633752,17.3308,20.2,3,0.676226,9399,2738,6661,0.291308,79.932,9.71326,6,83.3333,35.592
TR-GAT,trgat,42,46,600,10,1,10,val,1,0.525451,1,0.15,2966,2340,0.788941,2785,1588,0.570197,16.0722,18.4,2.3,0.634759,8166,2643,5523,0.323659,66.276,8.98316,6,83.3333,35.592
TR-GAT,trgat,42,46,600,10,1,10,val,1,0.546032,1,0.15,2966,2229,0.751517,2785,1386,0.497666,14.7658,13.8,1.88,0.591482,7016,2521,4495,0.359322,53.94,8.2574,5,83.3333,35.592
TR-GAT,trgat,42,46,600,10,1,10,val,1,0.569055,1,0.15,2966,2106,0.710047,2785,1169,0.419749,13.1934,11.1,1.4,0.539447,5868,2373,3495,0.404397,41.94,7.39456,5,83.3333,35.592
TR-GAT,trgat,42,46,600,10,1,10,val,1,0.594455,1,0.15,2966,1963,0.661834,2785,971,0.348654,11.6984,9.8,0.9,0.489436,4808,2197,2611,0.456947,31.332,6.5136,4,83.3333,35.592
TR-GAT,trgat,42,46,600,10,1,10,val,1,0.623185,1,0.15,2966,1807,0.609238,2785,792,0.284381,10.3581,7.9,0.6,0.439101,3822,2024,1798,0.529566,21.576,5.79922,4,83.3333,35.592
TR-GAT,trgat,42,46,600,10,1,10,val,1,0.655077,1,0.15,2966,1575,0.531018,2785,580,0.208259,8.90394,5.7,0.4,0.384486,2909,1786,1123,0.613957,13.476,5.15138,3,83.3333,35.592
TR-GAT,trgat,42,46,600,10,1,10,val,1,0.693112,1,0.15,2966,1234,0.416049,2785,344,0.123519,7.22075,3.7,0.2,0.323358,1956,1384,572,0.707566,6.864,4.31993,3,83.3333,35.592
TR-GAT,trgat,42,46,600,10,1,10,val,1,0.751006,1,0.15,2966,560,0.188806,2785,101,0.0362657,5.12607,1.9,0,0.240878,728,588,140,0.807692,1.68,3.49286,3,83.3333,35.592
TR-GAT,trgat,42,46,600,10,1,10,test,1,0.15778,0.5,0,3530,3517,0.996317,3389,3373,0.995279,27.2941,29.4,20.7,0.986164,59781,3567,56214,0.0596678,674.568,14.1392,8,83.3333,42.36
TR-GAT,trgat,42,46,600,10,1,10,test,1,0.250761,0.5,0,3530,3497,0.990652,3389,3331,0.982886,26.5474,29.3,18.2,0.960515,39115,3813,35302,0.0974818,423.624,12.5693,8,83.3333,42.36
TR-GAT,trgat,42,46,600,10,1,10,test,1,0.299271,0.5,0,3530,3443,0.975354,3389,3243,0.956919,25.729,29.1,15.5,0.933215,32795,4042,28753,0.12325,345.036,11.2976,7,83.3333,42.36
TR-GAT,trgat,42,46,600,10,1,10,test,1,0.329941,0.5,0,3530,3400,0.963173,3389,3173,0.936264,24.9676,28.4,13.7,0.90755,29614,4246,25368,0.143378,304.416,10.3123,6,83.3333,42.36
TR-GAT,trgat,42,46,600,10,1,10,test,1,0.356046,0.5,0,3530,3339,0.945892,3389,3079,0.908528,24.1057,27.4,11.6,0.878664,27261,4337,22924,0.159092,275.088,9.29829,6,83.3333,42.36
TR-GAT,trgat,42,46,600,10,1,10,test,1,0.377626,0.5,0,3530,3280,0.929178,3389,2988,0.881676,23.3439,26.1,10.6,0.853345,25276,4456,20820,0.176294,249.84,8.48391,5,83.3333,42.36
TR-GAT,trgat,42,46,600,10,1,10,test,1,0.397674,0.5,0,3530,3223,0.913031,3389,2866,0.845677,22.4909,24.9,9.42,0.824564,23262,4523,18739,0.194437,224.868,7.76995,5,83.3333,42.36
TR-GAT,trgat,42,46,600,10,1,10,test,1,0.416805,0.5,0,3530,3157,0.894334,3389,2741,0.808793,21.6484,23.7,8,0.796598,21299,4597,16702,0.215832,200.424,7.1246,4,83.3333,42.36
TR-GAT,trgat,42,46,600,10,1,10,test,1,0.434865,0.5,0,3530,3084,0.873654,3389,2603,0.768073,20.7087,22.7,5.8,0.765647,19297,4538,14759,0.235166,177.108,6.54868,4,83.3333,42.36
TR-GAT,trgat,42,46,600,10,1,10,test,1,0.45263,0.5,0,3530,3002,0.850425,3389,2473,0.729714,19.8166,21.9,4.7,0.735896,17236,4504,12732,0.261314,152.784,6.06236,4,83.3333,42.36
TR-GAT,trgat,42,46,600,10,1,10,test,1,0.469934,0.5,0,3530,2922,0.827762,3389,2303,0.679551,18.6864,21.2,3.6,0.698247,15368,4430,10938,0.288261,131.256,5.56473,4,83.3333,42.36
TR-GAT,trgat,42,46,600,10,1,10,test,1,0.482464,0.5,0,3530,2852,0.807932,3389,2173,0.641192,17.8946,20.6,3,0.671912,13945,4306,9639,0.308785,115.668,5.24328,3,83.3333,42.36
TR-GAT,trgat,42,46,600,10,1,10,test,1,0.487948,0.5,0,3530,2816,0.797734,3389,2106,0.621422,17.5058,20.3,2.65,0.659354,13364,4272,9092,0.319665,109.104,5.09701,3,83.3333,42.36
TR-GAT,trgat,42,46,600,10,1,10,test,1,0.505773,0.5,0,3530,2699,0.764589,3389,1891,0.557982,16.2772,19.3,2,0.619151,11460,4099,7361,0.357679,88.332,4.7283,3,83.3333,42.36
TR-GAT,trgat,42,46,600,10,1,10,test,1,0.525451,0.5,0,3530,2544,0.72068,3389,1630,0.480968,14.8653,15.7,1.5,0.572868,9489,3822,5667,0.402782,68.004,4.34586,3,83.3333,42.36
TR-GAT,trgat,42,46,600,10,1,10,test,1,0.546032,0.5,0,3530,2386,0.675921,3389,1344,0.396577,13.2226,11.4,1,0.519075,7686,3490,4196,0.454072,50.352,4.00882,3,83.3333,42.36
TR-GAT,trgat,42,46,600,10,1,10,test,1,0.569055,0.5,0,3530,2167,0.613881,3389,1092,0.322219,11.9706,10,0.7,0.480245,6023,3163,2860,0.525154,34.32,3.77308,2,83.3333,42.36
TR-GAT,trgat,42,46,600,10,1,10,test,1,0.594455,0.5,0,3530,1924,0.545042,3389,862,0.254352,10.7913,8.8,0.5,0.444593,4673,2793,1880,0.597689,22.56,3.43723,2,83.3333,42.36
TR-GAT,trgat,42,46,600,10,1,10,test,1,0.623185,0.5,0,3530,1611,0.456374,3389,636,0.187666,9.6013,6.9,0.5,0.405511,3451,2314,1137,0.67053,13.644,3.08355,2,83.3333,42.36
TR-GAT,trgat,42,46,600,10,1,10,test,1,0.655077,0.5,0,3530,1226,0.347309,3389,393,0.115963,8.27871,5.05,0.3,0.363609,2347,1760,587,0.749893,7.044,2.74617,2,83.3333,42.36
TR-GAT,trgat,42,46,600,10,1,10,test,1,0.693112,0.5,0,3530,771,0.218414,3389,219,0.0646208,7.38353,4.1,0.1,0.332323,1300,1080,220,0.830769,2.64,2.34091,2,83.3333,42.36
TR-GAT,trgat,42,46,600,10,1,10,test,1,0.751006,0.5,0,3530,216,0.0611898,3389,37,0.0109177,5.14907,2.05,0.1,0.260881,322,290,32,0.900621,0.384,1.8125,1,83.3333,42.36
TR-GAT,trgat,42,46,600,10,1,10,val,1,0.15778,0.5,0,2966,2958,0.997303,2785,2775,0.996409,26.5945,29.4,16.8,0.984301,53511,3037,50474,0.0567547,605.688,13.434,7,83.3333,35.592
TR-GAT,trgat,42,46,600,10,1,10,val,1,0.250761,0.5,0,2966,2925,0.986177,2785,2714,0.974506,25.7024,29.2,13.64,0.954124,33790,3206,30584,0.0948801,367.008,12.0569,7,83.3333,35.592
TR-GAT,trgat,42,46,600,10,1,10,val,1,0.299271,0.5,0,2966,2896,0.976399,2785,2650,0.951526,24.7815,28.8,11.45,0.922543,28114,3369,24745,0.119834,296.94,10.7386,6,83.3333,35.592
TR-GAT,trgat,42,46,600,10,1,10,val,1,0.329941,0.5,0,2966,2857,0.96325,2785,2586,0.928546,23.9709,27.7,10.2,0.895633,25188,3506,21682,0.139193,260.184,9.74287,6,83.3333,35.592
TR-GAT,trgat,42,46,600,10,1,10,val,1,0.356046,0.5,0,2966,2807,0.946392,2785,2496,0.89623,23.0986,26.3,9.2,0.866924,22705,3596,19109,0.158379,229.308,8.89649,5,83.3333,35.592
TR-GAT,trgat,42,46,600,10,1,10,val,1,0.377626,0.5,0,2966,2769,0.933581,2785,2417,0.867864,22.2914,25.3,7.9,0.839484,20808,3694,17114,0.177528,205.368,8.15858,5,83.3333,35.592
TR-GAT,trgat,42,46,600,10,1,10,val,1,0.397674,0.5,0,2966,2705,0.912003,2785,2317,0.831957,21.423,24.1,6.9,0.810887,18889,3724,15165,0.197152,181.98,7.54039,5,83.3333,35.592
TR-GAT,trgat,42,46,600,10,1,10,val,1,0.416805,0.5,0,2966,2650,0.893459,2785,2214,0.794973,20.6388,23.1,5.8,0.785654,17287,3788,13499,0.219124,161.988,6.89859,4,83.3333,35.592
TR-GAT,trgat,42,46,600,10,1,10,val,1,0.434865,0.5,0,2966,2591,0.873567,2785,2091,0.750808,19.6807,22.2,4.7,0.75416,15704,3761,11943,0.239493,143.316,6.30813,4,83.3333,35.592
TR-GAT,trgat,42,46,600,10,1,10,val,1,0.45263,0.5,0,2966,2509,0.84592,2785,1962,0.704488,18.7155,21.3,3.8,0.723159,13874,3692,10182,0.266109,122.184,5.89324,4,83.3333,35.592
TR-GAT,trgat,42,46,600,10,1,10,val,1,0.469934,0.5,0,2966,2428,0.818611,2785,1822,0.654219,17.7246,20.6,3.2,0.691216,12293,3616,8677,0.294151,104.124,5.44243,3,83.3333,35.592
TR-GAT,trgat,42,46,600,10,1,10,val,1,0.482464,0.5,0,2966,2357,0.794673,2785,1698,0.609695,16.8814,20,2.56,0.664201,11042,3483,7559,0.315432,90.708,5.1995,3,83.3333,35.592
TR-GAT,trgat,42,46,600,10,1,10,val,1,0.487948,0.5,0,2966,2326,0.784221,2785,1633,0.586355,16.4077,19.4,2.3,0.6487,10560,3417,7143,0.32358,85.716,5.05824,3,83.3333,35.592
TR-GAT,trgat,42,46,600,10,1,10,val,1,0.505773,0.5,0,2966,2226,0.750506,2785,1444,0.518492,15.1919,16.9,1.8,0.608868,9002,3270,5732,0.363253,68.784,4.75209,3,83.3333,35.592
TR-GAT,trgat,42,46,600,10,1,10,val,1,0.525451,0.5,0,2966,2120,0.714767,2785,1263,0.453501,13.9343,12.9,1.3,0.568745,7494,3102,4392,0.413931,52.704,4.43944,3,83.3333,35.592
TR-GAT,trgat,42,46,600,10,1,10,val,1,0.546032,0.5,0,2966,1991,0.671274,2785,1066,0.382765,12.5828,10.8,0.9,0.523999,6192,2881,3311,0.465278,39.732,4.09544,3,83.3333,35.592
TR-GAT,trgat,42,46,600,10,1,10,val,1,0.569055,0.5,0,2966,1835,0.618678,2785,881,0.316338,11.2381,9.4,0.7,0.480224,5013,2688,2325,0.536206,27.9,3.7557,2,83.3333,35.592
TR-GAT,trgat,42,46,600,10,1,10,val,1,0.594455,0.5,0,2966,1647,0.555293,2785,704,0.252783,10.0738,7.9,0.4,0.443137,3922,2393,1529,0.610148,18.348,3.43885,2,83.3333,35.592
TR-GAT,trgat,42,46,600,10,1,10,val,1,0.623185,0.5,0,2966,1395,0.47033,2785,526,0.188869,9.06301,6.6,0.2,0.408931,3010,2071,939,0.68804,11.268,3.04153,2,83.3333,35.592
TR-GAT,trgat,42,46,600,10,1,10,val,1,0.655077,0.5,0,2966,1074,0.362104,2785,317,0.113824,7.67318,4.4,0.2,0.357514,2053,1566,487,0.762786,5.844,2.58522,2,83.3333,35.592
TR-GAT,trgat,42,46,600,10,1,10,val,1,0.693112,0.5,0,2966,679,0.228928,2785,154,0.0552962,6.62401,3.3,0.1,0.325919,1114,934,180,0.83842,2.16,2.37778,2,83.3333,35.592
TR-GAT,trgat,42,46,600,10,1,10,val,1,0.751006,0.5,0,2966,189,0.0637222,2785,28,0.0100539,5.26667,2.7,0.1,0.305831,285,260,25,0.912281,0.3,1.76,1,83.3333,35.592
TR-GAT,trgat,42,46,600,10,1,10,test,1,0.15778,0.5,0.15,3530,3521,0.99745,3389,3377,0.996459,27.3545,29.4,21,0.988148,40732,3497,37235,0.0858539,446.82,33.3315,34,83.3333,42.36
TR-GAT,trgat,42,46,600,10,1,10,test,1,0.250761,0.5,0.15,3530,3501,0.991785,3389,3335,0.984066,26.604,29.3,18.2,0.962372,28507,3483,25024,0.122181,300.288,23.9559,23,83.3333,42.36
TR-GAT,trgat,42,46,600,10,1,10,test,1,0.299271,0.5,0.15,3530,3449,0.977054,3389,3250,0.958985,25.7994,29.2,15.5,0.935494,23737,3441,20296,0.144964,243.552,21.4568,21,83.3333,42.36
TR-GAT,trgat,42,46,600,10,1,10,test,1,0.329941,0.5,0.15,3530,3408,0.965439,3389,3181,0.938625,25.077,28.7,13.7,0.911111,21064,3415,17649,0.162125,211.788,20.1204,19,83.3333,42.36
TR-GAT,trgat,42,46,600,10,1,10,test,1,0.356046,0.5,0.15,3530,3351,0.949292,3389,3092,0.912364,24.2497,27.7,11.8,0.883307,18944,3377,15567,0.178262,186.804,19.0184,18,83.3333,42.36
TR-GAT,trgat,42,46,600,10,1,10,test,1,0.377626,0.5,0.15,3530,3297,0.933994,3389,3005,0.886692,23.5024,26.4,10.6,0.858381,17296,3333,13963,0.192704,167.556,18.0912,17,83.3333,42.36
TR-GAT,trgat,42,46,600,10,1,10,test,1,0.397674,0.5,0.15,3530,3243,0.918697,3389,2889,0.852464,22.6688,25.2,9.5,0.830196,15778,3286,12492,0.208265,149.904,17.2548,16,83.3333,42.36
TR-GAT,trgat,42,46,600,10,1,10,test,1,0.416805,0.5,0.15,3530,3181,0.901133,3389,2771,0.817645,21.8662,24,8.2,0.803491,14295,3236,11059,0.226373,132.708,16.4897,15,83.3333,42.36
TR-GAT,trgat,42,46,600,10,1,10,test,1,0.434865,0.5,0.15,3530,3110,0.88102,3389,2636,0.777811,20.959,22.9,6.1,0.773579,12955,3192,9763,0.246391,117.156,15.7891,14,83.3333,42.36
TR-GAT,trgat,42,46,600,10,1,10,test,1,0.45263,0.5,0.15,3530,3028,0.85779,3389,2506,0.739451,20.0621,22.2,4.97,0.743657,11656,3130,8526,0.268531,102.312,15.0496,13,83.3333,42.36
TR-GAT,trgat,42,46,600,10,1,10,test,1,0.469934,0.5,0.15,3530,2946,0.834561,3389,2330,0.687518,18.9289,21.3,3.65,0.705924,10367,3051,7316,0.294299,87.792,14.3535,13,83.3333,42.36
TR-GAT,trgat,42,46,600,10,1,10,test,1,0.482464,0.5,0.15,3530,2876,0.814731,3389,2200,0.649159,18.1228,20.7,3,0.679091,9517,2988,6529,0.313964,78.348,13.7477,12,83.3333,42.36
TR-GAT,trgat,42,46,600,10,1,10,test,1,0.487948,0.5,0.15,3530,2840,0.804533,3389,2134,0.629684,17.7346,20.4,2.7,0.66654,9114,2950,6164,0.323678,73.968,13.5286,12,83.3333,42.36
TR-GAT,trgat,42,46,600,10,1,10,test,1,0.505773,0.5,0.15,3530,2716,0.769405,3389,1911,0.563883,16.4616,19.4,2,0.624971,7875,2812,5063,0.357079,60.756,12.8305,11,83.3333,42.36
TR-GAT,trgat,42,46,600,10,1,10,test,1,0.525451,0.5,0.15,3530,2559,0.724929,3389,1648,0.486279,15.0568,16,1.5,0.578955,6566,2645,3921,0.402833,47.052,12.0457,10,83.3333,42.36
TR-GAT,trgat,42,46,600,10,1,10,test,1,0.546032,0.5,0.15,3530,2400,0.679887,3389,1365,0.402774,13.4742,11.5,1,0.52719,5486,2479,3007,0.451878,36.084,11.0971,9,83.3333,42.36
TR-GAT,trgat,42,46,600,10,1,10,test,1,0.569055,0.5,0.15,3530,2186,0.619263,3389,1116,0.329301,12.2237,10.1,0.7,0.488158,4381,2264,2117,0.516777,25.404,10.3958,8,83.3333,42.36
TR-GAT,trgat,42,46,600,10,1,10,test,1,0.594455,0.5,0.15,3530,1934,0.547875,3389,873,0.257598,10.9396,8.9,0.5,0.449169,3415,1997,1418,0.584773,17.016,9.59803,7,83.3333,42.36
TR-GAT,trgat,42,46,600,10,1,10,test,1,0.623185,0.5,0.15,3530,1615,0.457507,3389,641,0.189141,9.67189,6.9,0.5,0.407673,2543,1668,875,0.655918,10.5,8.77714,7,83.3333,42.36
TR-GAT,trgat,42,46,600,10,1,10,test,1,0.655077,0.5,0.15,3530,1229,0.348159,3389,396,0.116849,8.33686,5.1,0.3,0.365355,1721,1260,461,0.732132,5.532,7.69631,6,83.3333,42.36
TR-GAT,trgat,42,46,600,10,1,10,test,1,0.693112,0.5,0.15,3530,772,0.218697,3389,220,0.0649159,7.41282,4.1,0.1,0.333188,959,789,170,0.822732,2.04,7.88235,6,83.3333,42.36
TR-GAT,trgat,42,46,600,10,1,10,test,1,0.751006,0.5,0.15,3530,216,0.0611898,3389,37,0.0109177,5.14907,2.05,0.1,0.260881,249,220,29,0.883534,0.348,5.06897,5,83.3333,42.36
TR-GAT,trgat,42,46,600,10,1,10,val,1,0.15778,0.5,0.15,2966,2961,0.998314,2785,2778,0.997487,26.6478,29.4,16.9,0.98602,35971,2946,33025,0.0818993,396.3,33.3202,34,83.3333,35.592
TR-GAT,trgat,42,46,600,10,1,10,val,1,0.250761,0.5,0.15,2966,2931,0.9882,2785,2722,0.977379,25.803,29.3,14,0.957331,24630,2927,21703,0.118839,260.436,23.3728,22,83.3333,35.592
TR-GAT,trgat,42,46,600,10,1,10,val,1,0.299271,0.5,0.15,2966,2900,0.977748,2785,2655,0.953321,24.8959,29.1,11.59,0.926295,20365,2909,17456,0.142843,209.472,20.7685,20,83.3333,35.592
TR-GAT,trgat,42,46,600,10,1,10,val,1,0.329941,0.5,0.15,2966,2859,0.963924,2785,2589,0.929623,24.0931,28,10.28,0.89971,18018,2871,15147,0.159341,181.764,19.2991,18,83.3333,35.592
TR-GAT,trgat,42,46,600,10,1,10,val,1,0.356046,0.5,0.15,2966,2810,0.947404,2785,2500,0.897666,23.2238,26.6,9.2,0.871073,16061,2832,13229,0.176328,158.748,18.1927,17,83.3333,35.592
TR-GAT,trgat,42,46,600,10,1,10,val,1,0.377626,0.5,0.15,2966,2771,0.934255,2785,2420,0.868941,22.4043,25.5,8,0.84325,14496,2800,11696,0.193157,140.352,17.3705,16,83.3333,35.592
TR-GAT,trgat,42,46,600,10,1,10,val,1,0.397674,0.5,0.15,2966,2711,0.914026,2785,2323,0.834111,21.5465,24.2,6.9,0.814862,13085,2749,10336,0.210088,124.032,16.6255,15,83.3333,35.592
TR-GAT,trgat,42,46,600,10,1,10,val,1,0.416805,0.5,0.15,2966,2656,0.895482,2785,2221,0.797487,20.7424,23.2,5.85,0.788955,11779,2707,9072,0.229816,108.864,15.8666,14,83.3333,35.592
TR-GAT,trgat,42,46,600,10,1,10,val,1,0.434865,0.5,0.15,2966,2604,0.87795,2785,2105,0.755835,19.8123,22.2,4.7,0.75817,10635,2662,7973,0.250306,95.676,15.1982,14,83.3333,35.592
TR-GAT,trgat,42,46,600,10,1,10,val,1,0.45263,0.5,0.15,2966,2523,0.850641,2785,1977,0.709874,18.8674,21.4,3.8,0.727809,9454,2590,6864,0.273958,82.368,14.5165,13,83.3333,35.592
TR-GAT,trgat,42,46,600,10,1,10,val,1,0.469934,0.5,0.15,2966,2442,0.823331,2785,1837,0.659605,17.8824,20.7,3.2,0.696027,8405,2503,5902,0.297799,70.824,13.8085,12,83.3333,35.592
TR-GAT,trgat,42,46,600,10,1,10,val,1,0.482464,0.5,0.15,2966,2371,0.799393,2785,1712,0.614722,17.0458,20.1,2.6,0.669212,7594,2432,5162,0.320253,61.944,13.3842,11,83.3333,35.592
TR-GAT,trgat,42,46,600,10,1,10,val,1,0.487948,0.5,0.15,2966,2340,0.788941,2785,1647,0.591382,16.5807,19.6,2.3,0.653985,7273,2405,4868,0.330675,58.416,13.2169,11,83.3333,35.592
TR-GAT,trgat,42,46,600,10,1,10,val,1,0.505773,0.5,0.15,2966,2238,0.754552,2785,1457,0.52316,15.3713,17.35,1.8,0.614452,6288,2299,3989,0.365617,47.868,12.5578,10,83.3333,35.592
TR-GAT,trgat,42,46,600,10,1,10,val,1,0.525451,0.5,0.15,2966,2133,0.71915,2785,1277,0.458528,14.1409,13.2,1.3,0.575159,5301,2193,3108,0.413696,37.296,11.87,10,83.3333,35.592
TR-GAT,trgat,42,46,600,10,1,10,val,1,0.546032,0.5,0.15,2966,2001,0.674646,2785,1078,0.387074,12.774,10.8,1,0.530012,4416,2056,2360,0.46558,28.32,11.1331,9,83.3333,35.592
TR-GAT,trgat,42,46,600,10,1,10,val,1,0.569055,0.5,0.15,2966,1841,0.620701,2785,889,0.31921,11.3825,9.4,0.7,0.48482,3579,1884,1695,0.526404,20.34,10.246,8,83.3333,35.592
TR-GAT,trgat,42,46,600,10,1,10,val,1,0.594455,0.5,0.15,2966,1649,0.555968,2785,707,0.25386,10.1516,8,0.4,0.445667,2841,1688,1153,0.594157,13.836,9.56895,7,83.3333,35.592
TR-GAT,trgat,42,46,600,10,1,10,val,1,0.623185,0.5,0.15,2966,1397,0.471005,2785,528,0.189587,9.09979,6.7,0.2,0.410047,2147,1435,712,0.668374,8.544,8.58567,6,83.3333,35.592
TR-GAT,trgat,42,46,600,10,1,10,val,1,0.655077,0.5,0.15,2966,1074,0.362104,2785,317,0.113824,7.68063,4.4,0.2,0.357768,1480,1103,377,0.74527,4.524,8.08488,6,83.3333,35.592
TR-GAT,trgat,42,46,600,10,1,10,val,1,0.693112,0.5,0.15,2966,679,0.228928,2785,154,0.0552962,6.62401,3.3,0.1,0.325919,848,693,155,0.817217,1.86,6.50968,5,83.3333,35.592
TR-GAT,trgat,42,46,600,10,1,10,val,1,0.751006,0.5,0.15,2966,189,0.0637222,2785,28,0.0100539,5.26667,2.7,0.1,0.305831,211,189,22,0.895735,0.264,4.90909,4,83.3333,35.592
TR-GAT,trgat,42,46,600,10,1,10,test,1,0.15778,0.25,0,3530,3513,0.995184,3389,3367,0.993508,27.187,29.4,20.2,0.982535,45278,3529,41749,0.0779407,500.988,18.5342,15,83.3333,42.36
TR-GAT,trgat,42,46,600,10,1,10,test,1,0.250761,0.25,0,3530,3461,0.980453,3389,3282,0.968427,25.9725,29.1,16.9,0.941546,29666,3581,26085,0.120711,313.02,16.1183,14,83.3333,42.36
TR-GAT,trgat,42,46,600,10,1,10,test,1,0.299271,0.25,0,3530,3374,0.955807,3389,3153,0.930363,24.7645,27.8,13.73,0.901507,24362,3612,20750,0.148264,249,14.5275,12,83.3333,42.36
TR-GAT,trgat,42,46,600,10,1,10,test,1,0.329941,0.25,0,3530,3312,0.938244,3389,3050,0.89997,23.7456,26.4,11.51,0.8673,21606,3671,17935,0.169907,215.22,13.3484,10,83.3333,42.36
TR-GAT,trgat,42,46,600,10,1,10,test,1,0.356046,0.25,0,3530,3235,0.916431,3389,2920,0.861611,22.6656,24.8,10.1,0.831373,19469,3727,15742,0.191433,188.904,12.1897,9,83.3333,42.36
TR-GAT,trgat,42,46,600,10,1,10,test,1,0.377626,0.25,0,3530,3152,0.892918,3389,2769,0.817055,21.6667,23.8,8.6,0.798332,17690,3706,13984,0.209497,167.808,11.2103,8,83.3333,42.36
TR-GAT,trgat,42,46,600,10,1,10,test,1,0.397674,0.25,0,3530,3078,0.871955,3389,2620,0.773089,20.6472,22.7,6.7,0.764236,16056,3692,12364,0.229945,148.368,10.2646,7,83.3333,42.36
TR-GAT,trgat,42,46,600,10,1,10,test,1,0.416805,0.25,0,3530,2990,0.847025,3389,2465,0.727353,19.5954,21.8,5.09,0.729726,14385,3680,10705,0.255822,128.46,9.46801,6,83.3333,42.36
TR-GAT,trgat,42,46,600,10,1,10,test,1,0.434865,0.25,0,3530,2897,0.82068,3389,2302,0.679256,18.5136,20.9,3.8,0.694058,12712,3587,9125,0.282174,109.5,8.77293,6,83.3333,42.36
TR-GAT,trgat,42,46,600,10,1,10,test,1,0.45263,0.25,0,3530,2783,0.788385,3389,2098,0.619062,17.3164,19.9,2.62,0.654549,11014,3469,7545,0.314963,90.54,8.21484,5,83.3333,42.36
TR-GAT,trgat,42,46,600,10,1,10,test,1,0.469934,0.25,0,3530,2656,0.752408,3389,1875,0.553261,16.1625,18.9,1.9,0.617321,9451,3304,6147,0.349593,73.764,7.74963,5,83.3333,42.36
TR-GAT,trgat,42,46,600,10,1,10,test,1,0.482464,0.25,0,3530,2540,0.719547,3389,1699,0.501328,15.2951,17.4,1.6,0.590191,8479,3142,5337,0.370563,64.044,7.25595,5,83.3333,42.36
TR-GAT,trgat,42,46,600,10,1,10,test,1,0.487948,0.25,0,3530,2505,0.709632,3389,1642,0.484509,14.9883,16.7,1.5,0.580443,8069,3098,4971,0.383939,59.652,7.0698,5,83.3333,42.36
TR-GAT,trgat,42,46,600,10,1,10,test,1,0.505773,0.25,0,3530,2350,0.665722,3389,1407,0.415167,13.7514,13.4,1.1,0.540985,6703,2878,3825,0.42936,45.9,6.62928,4,83.3333,42.36
TR-GAT,trgat,42,46,600,10,1,10,test,1,0.525451,0.25,0,3530,2132,0.603966,3389,1164,0.343464,12.6499,11.1,0.9,0.507794,5438,2604,2834,0.478853,34.008,6.12103,4,83.3333,42.36
TR-GAT,trgat,42,46,600,10,1,10,test,1,0.546032,0.25,0,3530,1902,0.53881,3389,934,0.275598,11.5508,9.7,0.7,0.475986,4312,2330,1982,0.540353,23.784,5.69173,4,83.3333,42.36
TR-GAT,trgat,42,46,600,10,1,10,test,1,0.569055,0.25,0,3530,1653,0.468272,3389,731,0.215698,10.5888,8.6,0.5,0.452057,3312,2036,1276,0.614734,15.312,5.35893,4,83.3333,42.36
TR-GAT,trgat,42,46,600,10,1,10,test,1,0.594455,0.25,0,3530,1388,0.393201,3389,560,0.16524,9.65677,7.7,0.47,0.430019,2507,1695,812,0.676107,9.744,4.74754,3,83.3333,42.36
TR-GAT,trgat,42,46,600,10,1,10,test,1,0.623185,0.25,0,3530,1020,0.288952,3389,363,0.107111,8.89108,6.8,0.3,0.416204,1663,1256,407,0.755262,4.884,4.59705,3,83.3333,42.36
TR-GAT,trgat,42,46,600,10,1,10,test,1,0.655077,0.25,0,3530,697,0.19745,3389,209,0.0616701,7.90387,5.4,0.3,0.391875,1077,868,209,0.805942,2.508,3.79904,3,83.3333,42.36
TR-GAT,trgat,42,46,600,10,1,10,test,1,0.693112,0.25,0,3530,370,0.104816,3389,75,0.0221304,6.42,4.4,0.2,0.359756,518,463,55,0.893822,0.66,3.41818,3,83.3333,42.36
TR-GAT,trgat,42,46,600,10,1,10,test,1,0.751006,0.25,0,3530,70,0.01983,3389,17,0.00501623,6.59143,4.3,0.3,0.427049,93,85,8,0.913978,0.096,2.875,2,83.3333,42.36
TR-GAT,trgat,42,46,600,10,1,10,val,1,0.15778,0.25,0,2966,2950,0.994606,2785,2766,0.993178,26.4769,29.3,16.59,0.980462,40158,2984,37174,0.0743065,446.088,17.798,14,83.3333,35.592
TR-GAT,trgat,42,46,600,10,1,10,val,1,0.250761,0.25,0,2966,2898,0.977073,2785,2673,0.959785,25.1153,28.8,12.6,0.934588,25631,3009,22622,0.117397,271.464,15.4171,13,83.3333,35.592
TR-GAT,trgat,42,46,600,10,1,10,val,1,0.299271,0.25,0,2966,2836,0.95617,2785,2567,0.921724,23.7713,27,10.25,0.889689,20756,3036,17720,0.146271,212.64,13.8793,11,83.3333,35.592
TR-GAT,trgat,42,46,600,10,1,10,val,1,0.329941,0.25,0,2966,2783,0.938301,2785,2465,0.885099,22.6591,25.5,8.92,0.852822,18184,3065,15119,0.168555,181.428,12.7178,10,83.3333,35.592
TR-GAT,trgat,42,46,600,10,1,10,val,1,0.356046,0.25,0,2966,2717,0.916049,2785,2350,0.843806,21.5548,24.1,7.5,0.816551,16100,3055,13045,0.189752,156.54,11.6866,8,83.3333,35.592
TR-GAT,trgat,42,46,600,10,1,10,val,1,0.377626,0.25,0,2966,2638,0.889413,2785,2222,0.797846,20.6237,23.1,6.17,0.786323,14498,3049,11449,0.210305,137.388,10.7746,7,83.3333,35.592
TR-GAT,trgat,42,46,600,10,1,10,val,1,0.397674,0.25,0,2966,2566,0.865138,2785,2094,0.751885,19.6712,22.1,4.9,0.755287,13082,3071,10011,0.23475,120.132,9.9092,7,83.3333,35.592
TR-GAT,trgat,42,46,600,10,1,10,val,1,0.416805,0.25,0,2966,2479,0.835806,2785,1951,0.700539,18.6351,21.1,3.98,0.722437,11565,3027,8538,0.261738,102.456,9.22956,6,83.3333,35.592
TR-GAT,trgat,42,46,600,10,1,10,val,1,0.434865,0.25,0,2966,2386,0.80445,2785,1806,0.648474,17.5521,20.3,3,0.688106,10107,2908,7199,0.287721,86.388,8.64134,6,83.3333,35.592
TR-GAT,trgat,42,46,600,10,1,10,val,1,0.45263,0.25,0,2966,2294,0.773432,2785,1632,0.585996,16.3622,19.2,2.3,0.650169,8760,2794,5966,0.31895,71.592,8.08615,5,83.3333,35.592
TR-GAT,trgat,42,46,600,10,1,10,val,1,0.469934,0.25,0,2966,2194,0.739717,2785,1462,0.524955,15.2303,17.5,1.7,0.613999,7540,2681,4859,0.35557,58.308,7.59333,5,83.3333,35.592
TR-GAT,trgat,42,46,600,10,1,10,val,1,0.482464,0.25,0,2966,2122,0.715442,2785,1328,0.47684,14.4066,15.1,1.4,0.588141,6728,2591,4137,0.385107,49.644,7.26831,5,83.3333,35.592
TR-GAT,trgat,42,46,600,10,1,10,val,1,0.487948,0.25,0,2966,2091,0.70499,2785,1265,0.454219,13.9396,13.8,1.2,0.572938,6374,2540,3834,0.398494,46.008,7.17449,5,83.3333,35.592
TR-GAT,trgat,42,46,600,10,1,10,val,1,0.505773,0.25,0,2966,1970,0.664194,2785,1117,0.401077,12.9781,11.75,0.9,0.543484,5332,2378,2954,0.445986,35.448,6.81517,5,83.3333,35.592
TR-GAT,trgat,42,46,600,10,1,10,val,1,0.525451,0.25,0,2966,1796,0.605529,2785,934,0.335368,11.9024,10.4,0.6,0.512587,4350,2151,2199,0.494483,26.388,6.35471,4,83.3333,35.592
TR-GAT,trgat,42,46,600,10,1,10,val,1,0.546032,0.25,0,2966,1624,0.547539,2785,773,0.277558,11.0186,9.3,0.5,0.487634,3602,1992,1610,0.553026,19.32,5.80311,4,83.3333,35.592
TR-GAT,trgat,42,46,600,10,1,10,val,1,0.569055,0.25,0,2966,1416,0.477411,2785,615,0.220826,10.0729,8.45,0.4,0.463038,2806,1733,1073,0.617605,12.876,5.31687,3,83.3333,35.592
TR-GAT,trgat,42,46,600,10,1,10,val,1,0.594455,0.25,0,2966,1178,0.397168,2785,458,0.164452,9.40272,7.9,0.4,0.450603,2097,1459,638,0.695756,7.656,5.0627,3,83.3333,35.592
TR-GAT,trgat,42,46,600,10,1,10,val,1,0.623185,0.25,0,2966,897,0.302428,2785,282,0.101257,8.23289,6.1,0.3,0.417958,1494,1124,370,0.752343,4.44,4.31622,3,83.3333,35.592
TR-GAT,trgat,42,46,600,10,1,10,val,1,0.655077,0.25,0,2966,643,0.21679,2785,162,0.0581688,7.17947,4.7,0.1,0.382712,967,794,173,0.821096,2.076,3.62428,2,83.3333,35.592
TR-GAT,trgat,42,46,600,10,1,10,val,1,0.693112,0.25,0,2966,317,0.106878,2785,64,0.0229803,5.8612,3.6,0.1,0.377339,427,370,57,0.866511,0.684,3.15789,2,83.3333,35.592
TR-GAT,trgat,42,46,600,10,1,10,val,1,0.751006,0.25,0,2966,80,0.0269724,2785,10,0.00359066,4.96375,2.4,0,0.402478,101,94,7,0.930693,0.084,2.14286,1,83.3333,35.592
TR-GAT,trgat,42,46,600,10,1,10,test,1,0.15778,0.25,0.15,3530,3516,0.996034,3389,3370,0.994394,27.2237,29.4,20.35,0.983738,37267,3492,33775,0.0937022,405.3,33.7481,34,83.3333,42.36
TR-GAT,trgat,42,46,600,10,1,10,test,1,0.250761,0.25,0.15,3530,3465,0.981586,3389,3286,0.969608,26.0211,29.1,16.94,0.94313,25181,3443,21738,0.13673,260.856,25.6603,25,83.3333,42.36
TR-GAT,trgat,42,46,600,10,1,10,test,1,0.299271,0.25,0.15,3530,3379,0.957224,3389,3158,0.931838,24.8205,27.9,13.78,0.903314,20567,3360,17207,0.163369,206.484,23.017,22,83.3333,42.36
TR-GAT,trgat,42,46,600,10,1,10,test,1,0.329941,0.25,0.15,3530,3321,0.940793,3389,3059,0.902626,23.8068,26.6,11.6,0.869197,17989,3302,14687,0.183557,176.244,21.621,21,83.3333,42.36
TR-GAT,trgat,42,46,600,10,1,10,test,1,0.356046,0.25,0.15,3530,3244,0.91898,3389,2929,0.864267,22.7738,25.1,10.1,0.834863,15949,3234,12715,0.202771,152.58,20.3803,20,83.3333,42.36
TR-GAT,trgat,42,46,600,10,1,10,test,1,0.377626,0.25,0.15,3530,3170,0.898017,3389,2788,0.822662,21.802,23.95,8.6,0.802528,14248,3166,11082,0.222207,132.984,19.5113,19,83.3333,42.36
TR-GAT,trgat,42,46,600,10,1,10,test,1,0.397674,0.25,0.15,3530,3098,0.87762,3389,2644,0.780171,20.8101,22.9,6.9,0.769333,12754,3095,9659,0.242669,115.908,18.5898,18,83.3333,42.36
TR-GAT,trgat,42,46,600,10,1,10,test,1,0.416805,0.25,0.15,3530,3012,0.853258,3389,2494,0.73591,19.8098,21.9,5.2,0.736509,11358,3014,8344,0.265364,100.128,17.7499,17,83.3333,42.36
TR-GAT,trgat,42,46,600,10,1,10,test,1,0.434865,0.25,0.15,3530,2920,0.827195,3389,2327,0.686633,18.6937,21,3.99,0.699626,10015,2925,7090,0.292062,85.08,16.9392,15,83.3333,42.36
TR-GAT,trgat,42,46,600,10,1,10,test,1,0.45263,0.25,0.15,3530,2808,0.795467,3389,2126,0.627324,17.5293,20.1,2.7,0.661148,8675,2813,5862,0.324265,70.344,16.1733,14,83.3333,42.36
TR-GAT,trgat,42,46,600,10,1,10,test,1,0.469934,0.25,0.15,3530,2674,0.757507,3389,1896,0.559457,16.3767,19.1,2,0.624077,7527,2684,4843,0.356583,58.116,15.4605,14,83.3333,42.36
TR-GAT,trgat,42,46,600,10,1,10,test,1,0.482464,0.25,0.15,3530,2558,0.724646,3389,1719,0.507229,15.4756,17.7,1.6,0.595767,6754,2566,4188,0.379923,50.256,14.9776,13,83.3333,42.36
TR-GAT,trgat,42,46,600,10,1,10,test,1,0.487948,0.25,0.15,3530,2521,0.714164,3389,1661,0.490115,15.1577,16.9,1.5,0.585692,6422,2528,3894,0.393647,46.728,14.7447,13,83.3333,42.36
TR-GAT,trgat,42,46,600,10,1,10,test,1,0.505773,0.25,0.15,3530,2366,0.670255,3389,1426,0.420773,13.9527,13.7,1.1,0.547275,5412,2376,3036,0.439024,36.432,13.9937,12,83.3333,42.36
TR-GAT,trgat,42,46,600,10,1,10,test,1,0.525451,0.25,0.15,3530,2145,0.607649,3389,1179,0.34789,12.8308,11.2,0.9,0.513408,4430,2150,2280,0.485327,27.36,13.2298,11,83.3333,42.36
TR-GAT,trgat,42,46,600,10,1,10,test,1,0.546032,0.25,0.15,3530,1916,0.542776,3389,951,0.280614,11.7507,9.9,0.7,0.482099,3523,1923,1600,0.545842,19.2,12.675,11,83.3333,42.36
TR-GAT,trgat,42,46,600,10,1,10,test,1,0.569055,0.25,0.15,3530,1663,0.471105,3389,742,0.218944,10.7508,8.7,0.5,0.456934,2723,1669,1054,0.612927,12.648,11.889,10,83.3333,42.36
TR-GAT,trgat,42,46,600,10,1,10,test,1,0.594455,0.25,0.15,3530,1395,0.395184,3389,567,0.167306,9.78803,7.8,0.5,0.433923,2047,1396,651,0.681974,7.812,11.4147,9,83.3333,42.36
TR-GAT,trgat,42,46,600,10,1,10,test,1,0.623185,0.25,0.15,3530,1027,0.290935,3389,370,0.109177,9.05239,6.9,0.3,0.420837,1377,1027,350,0.745824,4.2,10.6629,8,83.3333,42.36
TR-GAT,trgat,42,46,600,10,1,10,test,1,0.655077,0.25,0.15,3530,700,0.1983,3389,212,0.0625553,8.02186,5.6,0.3,0.395293,871,700,171,0.803674,2.052,9.97076,8,83.3333,42.36
TR-GAT,trgat,42,46,600,10,1,10,test,1,0.693112,0.25,0.15,3530,370,0.104816,3389,75,0.0221304,6.42,4.4,0.2,0.359756,420,371,49,0.883333,0.588,8.77551,8,83.3333,42.36
TR-GAT,trgat,42,46,600,10,1,10,test,1,0.751006,0.25,0.15,3530,70,0.01983,3389,17,0.00501623,6.59143,4.3,0.3,0.427049,79,71,8,0.898734,0.096,7.5,7,83.3333,42.36
TR-GAT,trgat,42,46,600,10,1,10,val,1,0.15778,0.25,0.15,2966,2955,0.996291,2785,2771,0.994973,26.5349,29.4,16.74,0.98228,32650,2939,29711,0.0900153,356.532,34.0144,35,83.3333,35.592
TR-GAT,trgat,42,46,600,10,1,10,val,1,0.250761,0.25,0.15,2966,2905,0.979434,2785,2683,0.963375,25.2089,29,12.8,0.937527,21648,2892,18756,0.133592,225.072,25.2396,24,83.3333,35.592
TR-GAT,trgat,42,46,600,10,1,10,val,1,0.299271,0.25,0.15,2966,2842,0.958193,2785,2574,0.924237,23.8844,27.2,10.31,0.893333,17526,2834,14692,0.161703,176.304,22.491,22,83.3333,35.592
TR-GAT,trgat,42,46,600,10,1,10,val,1,0.329941,0.25,0.15,2966,2789,0.940324,2785,2473,0.887971,22.7986,25.8,9,0.857359,15270,2787,12483,0.182515,149.796,20.9405,20,83.3333,35.592
TR-GAT,trgat,42,46,600,10,1,10,val,1,0.356046,0.25,0.15,2966,2723,0.918071,2785,2357,0.84632,21.6848,24.3,7.5,0.820761,13332,2721,10611,0.204095,127.332,19.8281,19,83.3333,35.592
TR-GAT,trgat,42,46,600,10,1,10,val,1,0.377626,0.25,0.15,2966,2644,0.891436,2785,2229,0.800359,20.7422,23.2,6.2,0.790129,11826,2644,9182,0.223575,110.184,18.8989,18,83.3333,35.592
TR-GAT,trgat,42,46,600,10,1,10,val,1,0.397674,0.25,0.15,2966,2571,0.866824,2785,2101,0.754399,19.7903,22.2,4.9,0.75914,10469,2571,7898,0.245582,94.776,18.0689,17,83.3333,35.592
TR-GAT,trgat,42,46,600,10,1,10,val,1,0.416805,0.25,0.15,2966,2488,0.83884,2785,1961,0.704129,18.7566,21.2,4,0.726215,9190,2492,6698,0.271164,80.376,17.3909,16,83.3333,35.592
TR-GAT,trgat,42,46,600,10,1,10,val,1,0.434865,0.25,0.15,2966,2393,0.806811,2785,1813,0.650987,17.6435,20.3,3.02,0.690904,8056,2399,5657,0.29779,67.884,16.6392,15,83.3333,35.592
TR-GAT,trgat,42,46,600,10,1,10,val,1,0.45263,0.25,0.15,2966,2303,0.776467,2785,1641,0.589228,16.4844,19.3,2.3,0.653908,6987,2306,4681,0.330042,56.172,15.9628,14,83.3333,35.592
TR-GAT,trgat,42,46,600,10,1,10,val,1,0.469934,0.25,0.15,2966,2207,0.7441,2785,1475,0.529623,15.362,17.6,1.7,0.617872,6061,2212,3849,0.364956,46.188,15.2429,13,83.3333,35.592
TR-GAT,trgat,42,46,600,10,1,10,val,1,0.482464,0.25,0.15,2966,2134,0.719488,2785,1342,0.481867,14.5587,15.35,1.4,0.592715,5435,2134,3301,0.39264,39.612,14.6965,13,83.3333,35.592
TR-GAT,trgat,42,46,600,10,1,10,val,1,0.487948,0.25,0.15,2966,2104,0.709373,2785,1281,0.459964,14.1115,14.2,1.2,0.578142,5161,2106,3055,0.40806,36.66,14.5646,13,83.3333,35.592
TR-GAT,trgat,42,46,600,10,1,10,val,1,0.505773,0.25,0.15,2966,1982,0.66824,2785,1132,0.406463,13.1664,11.9,0.9,0.549246,4348,1986,2362,0.456762,28.344,13.9564,12,83.3333,35.592
TR-GAT,trgat,42,46,600,10,1,10,val,1,0.525451,0.25,0.15,2966,1811,0.610587,2785,952,0.341831,12.1294,10.6,0.7,0.519385,3584,1815,1769,0.506417,21.228,13.4081,12,83.3333,35.592
TR-GAT,trgat,42,46,600,10,1,10,val,1,0.546032,0.25,0.15,2966,1633,0.550573,2785,785,0.281867,11.19,9.4,0.5,0.492833,2926,1640,1286,0.560492,15.432,12.6096,11,83.3333,35.592
TR-GAT,trgat,42,46,600,10,1,10,val,1,0.569055,0.25,0.15,2966,1423,0.479771,2785,623,0.223698,10.2107,8.6,0.4,0.467114,2308,1428,880,0.618718,10.56,11.7023,10,83.3333,35.592
TR-GAT,trgat,42,46,600,10,1,10,val,1,0.594455,0.25,0.15,2966,1181,0.398179,2785,462,0.165889,9.49966,8,0.4,0.453555,1726,1185,541,0.686559,6.492,10.9242,9,83.3333,35.592
TR-GAT,trgat,42,46,600,10,1,10,val,1,0.623185,0.25,0.15,2966,900,0.303439,2785,285,0.102334,8.30456,6.1,0.3,0.419936,1200,904,296,0.753333,3.552,10.3108,8,83.3333,35.592
TR-GAT,trgat,42,46,600,10,1,10,val,1,0.655077,0.25,0.15,2966,644,0.217127,2785,163,0.0585278,7.21366,4.75,0.1,0.383671,792,647,145,0.816919,1.74,10.0207,8,83.3333,35.592
TR-GAT,trgat,42,46,600,10,1,10,val,1,0.693112,0.25,0.15,2966,317,0.106878,2785,64,0.0229803,5.8612,3.6,0.1,0.377339,368,317,51,0.861413,0.612,7.90196,6,83.3333,35.592
TR-GAT,trgat,42,46,600,10,1,10,val,1,0.751006,0.25,0.15,2966,80,0.0269724,2785,10,0.00359066,4.96375,2.4,0,0.402478,87,80,7,0.91954,0.084,7,6,83.3333,35.592
TR-GAT,trgat,123,41,600,10,1,10,test,1,0.16222,1,0,3530,3522,0.997734,3389,3379,0.997049,27.3914,29.4,21.4,0.989473,97603,3783,93820,0.0387591,1125.84,9.10095,3,83.3333,42.36
TR-GAT,trgat,123,41,600,10,1,10,test,1,0.255813,1,0,3530,3500,0.991501,3389,3342,0.986132,26.7953,29.3,18.5,0.969108,61778,4245,57533,0.0687138,690.396,8.34566,3,83.3333,42.36
TR-GAT,trgat,123,41,600,10,1,10,test,1,0.301491,1,0,3530,3476,0.984703,3389,3298,0.973148,26.2424,29.2,17,0.950418,51996,4721,47275,0.0907954,567.3,7.61271,3,83.3333,42.36
TR-GAT,trgat,123,41,600,10,1,10,test,1,0.333365,1,0,3530,3433,0.972521,3389,3232,0.953674,25.629,29.1,15,0.930135,47048,5097,41951,0.108336,503.412,6.9026,3,83.3333,42.36
TR-GAT,trgat,123,41,600,10,1,10,test,1,0.358624,1,0,3530,3382,0.958074,3389,3156,0.931248,25.0292,28.7,13.41,0.910423,43311,5320,37991,0.122833,455.892,6.30244,3,83.3333,42.36
TR-GAT,trgat,123,41,600,10,1,10,test,1,0.380163,1,0,3530,3339,0.945892,3389,3087,0.910888,24.3949,27.8,12.1,0.889437,40209,5573,34636,0.138601,415.632,5.78967,3,83.3333,42.36
TR-GAT,trgat,123,41,600,10,1,10,test,1,0.400082,1,0,3530,3302,0.935411,3389,3028,0.893479,23.7795,26.8,11.5,0.868942,37632,5806,31826,0.154284,381.912,5.26642,3,83.3333,42.36
TR-GAT,trgat,123,41,600,10,1,10,test,1,0.41932,1,0,3530,3258,0.922946,3389,2937,0.866627,23.0298,25.55,10.07,0.843914,34729,5962,28767,0.171672,345.204,4.82153,3,83.3333,42.36
TR-GAT,trgat,123,41,600,10,1,10,test,1,0.437088,1,0,3530,3193,0.904533,3389,2826,0.833874,22.2654,24.3,9,0.818201,32029,6020,26009,0.187955,312.108,4.40178,2,83.3333,42.36
TR-GAT,trgat,123,41,600,10,1,10,test,1,0.454655,1,0,3530,3126,0.885552,3389,2704,0.797875,21.4606,23.4,7.9,0.791524,29220,6060,23160,0.207392,277.92,4.02487,2,83.3333,42.36
TR-GAT,trgat,123,41,600,10,1,10,test,1,0.472321,1,0,3530,3065,0.868272,3389,2555,0.75391,20.5135,22.5,5.5,0.759686,26326,6003,20323,0.228026,243.876,3.65512,2,83.3333,42.36
TR-GAT,trgat,123,41,600,10,1,10,test,1,0.486466,1,0,3530,3015,0.854108,3389,2433,0.717911,19.6555,21.9,4.54,0.730418,23941,5893,18048,0.246147,216.576,3.39062,2,83.3333,42.36
TR-GAT,trgat,123,41,600,10,1,10,test,1,0.490792,1,0,3530,2991,0.847309,3389,2382,0.702862,19.3716,21.7,4.3,0.721203,23268,5877,17391,0.252579,208.692,3.31666,2,83.3333,42.36
TR-GAT,trgat,123,41,600,10,1,10,test,1,0.510125,1,0,3530,2898,0.820963,3389,2185,0.644733,18.2334,21.05,3.1,0.683361,20097,5673,14424,0.282281,173.088,3.01352,2,83.3333,42.36
TR-GAT,trgat,123,41,600,10,1,10,test,1,0.530847,1,0,3530,2772,0.785269,3389,1934,0.57067,16.7749,19.85,2.4,0.634664,17036,5464,11572,0.320733,138.864,2.72615,2,83.3333,42.36
TR-GAT,trgat,123,41,600,10,1,10,test,1,0.553189,1,0,3530,2620,0.74221,3389,1657,0.488935,15.2679,15.8,1.9,0.586074,14007,5153,8854,0.367887,106.248,2.48114,1,83.3333,42.36
TR-GAT,trgat,123,41,600,10,1,10,test,1,0.576738,1,0,3530,2481,0.702833,3389,1394,0.411331,13.8689,11.7,1.5,0.538197,11428,4932,6496,0.431572,77.952,2.27632,1,83.3333,42.36
TR-GAT,trgat,123,41,600,10,1,10,test,1,0.602532,1,0,3530,2280,0.645892,3389,1150,0.339333,12.4445,10.1,1.2,0.491498,9142,4542,4600,0.496828,55.2,2.07413,1,83.3333,42.36
TR-GAT,trgat,123,41,600,10,1,10,test,1,0.629643,1,0,3530,2049,0.580453,3389,928,0.273827,11.2751,8.7,0.8,0.453552,7069,4069,3000,0.575612,36,1.91667,1,83.3333,42.36
TR-GAT,trgat,123,41,600,10,1,10,test,1,0.659042,1,0,3530,1762,0.49915,3389,709,0.209206,10.0516,6.7,0.6,0.409995,5161,3272,1889,0.633986,22.668,1.68925,1,83.3333,42.36
TR-GAT,trgat,123,41,600,10,1,10,test,1,0.692087,1,0,3530,1370,0.388102,3389,484,0.142815,8.94861,5.05,0.5,0.36759,3260,2312,948,0.709202,11.376,1.50738,1,83.3333,42.36
TR-GAT,trgat,123,41,600,10,1,10,test,1,0.743449,1,0,3530,604,0.171105,3389,170,0.0501623,7.19255,3,0.2,0.305775,1098,892,206,0.812386,2.472,1.30583,1,83.3333,42.36
TR-GAT,trgat,123,41,600,10,1,10,val,1,0.16222,1,0,2966,2960,0.997977,2785,2775,0.996409,26.6553,29.4,17.08,0.986399,87351,3194,84157,0.0365651,1009.88,8.61325,3,83.3333,35.592
TR-GAT,trgat,123,41,600,10,1,10,val,1,0.255813,1,0,2966,2936,0.989885,2785,2740,0.983842,25.976,29.3,14.2,0.963632,53557,3586,49971,0.0669567,599.652,7.90378,3,83.3333,35.592
TR-GAT,trgat,123,41,600,10,1,10,val,1,0.301491,1,0,2966,2910,0.981119,2785,2687,0.964811,25.2902,29.1,12.47,0.940365,44580,3938,40642,0.0883356,487.704,7.17871,3,83.3333,35.592
TR-GAT,trgat,123,41,600,10,1,10,val,1,0.333365,1,0,2966,2886,0.973028,2785,2635,0.94614,24.6164,28.7,11,0.917645,39861,4273,35588,0.107198,427.056,6.51349,3,83.3333,35.592
TR-GAT,trgat,123,41,600,10,1,10,val,1,0.358624,1,0,2966,2854,0.962239,2785,2570,0.922801,23.957,27.8,10,0.895682,36348,4517,31831,0.124271,381.972,5.96466,3,83.3333,35.592
TR-GAT,trgat,123,41,600,10,1,10,val,1,0.380163,1,0,2966,2819,0.950438,2785,2504,0.899102,23.2905,26.6,9,0.87311,33704,4684,29020,0.138975,348.24,5.4368,3,83.3333,35.592
TR-GAT,trgat,123,41,600,10,1,10,val,1,0.400082,1,0,2966,2780,0.937289,2785,2437,0.875045,22.6121,25.6,8.29,0.850909,31106,4825,26281,0.155115,315.372,4.97599,2,83.3333,35.592
TR-GAT,trgat,123,41,600,10,1,10,val,1,0.41932,1,0,2966,2738,0.923129,2785,2355,0.845601,21.8249,24.3,7.1,0.82447,28327,4877,23450,0.172168,281.4,4.58465,2,83.3333,35.592
TR-GAT,trgat,123,41,600,10,1,10,val,1,0.437088,1,0,2966,2676,0.902225,2785,2257,0.810413,21.0899,23.4,6.3,0.800606,25915,4927,20988,0.190122,251.856,4.21079,2,83.3333,35.592
TR-GAT,trgat,123,41,600,10,1,10,val,1,0.454655,1,0,2966,2615,0.881659,2785,2151,0.772352,20.2592,22.6,5.5,0.773619,23397,4882,18515,0.208659,222.18,3.8647,2,83.3333,35.592
TR-GAT,trgat,123,41,600,10,1,10,val,1,0.472321,1,0,2966,2557,0.862104,2785,2040,0.732496,19.3406,21.8,4.46,0.743429,20878,4770,16108,0.22847,193.296,3.55395,2,83.3333,35.592
TR-GAT,trgat,123,41,600,10,1,10,val,1,0.486466,1,0,2966,2512,0.846932,2785,1941,0.696948,18.5533,21.2,3.8,0.717883,18888,4723,14165,0.250053,169.98,3.33378,2,83.3333,35.592
TR-GAT,trgat,123,41,600,10,1,10,val,1,0.490792,1,0,2966,2488,0.83884,2785,1901,0.682585,18.315,21.1,3.6,0.710481,18310,4700,13610,0.25669,163.32,3.26723,2,83.3333,35.592
TR-GAT,trgat,123,41,600,10,1,10,val,1,0.510125,1,0,2966,2409,0.812205,2785,1729,0.620826,17.0983,19.9,2.9,0.671046,15785,4590,11195,0.290782,134.34,3.00581,2,83.3333,35.592
TR-GAT,trgat,123,41,600,10,1,10,val,1,0.530847,1,0,2966,2302,0.776129,2785,1511,0.542549,15.6952,17.25,2.3,0.625308,13396,4416,8980,0.329651,107.76,2.75189,1,83.3333,35.592
TR-GAT,trgat,123,41,600,10,1,10,val,1,0.553189,1,0,2966,2198,0.741065,2785,1322,0.474686,14.4373,12.95,1.7,0.582986,11300,4248,7052,0.375929,84.624,2.51943,1,83.3333,35.592
TR-GAT,trgat,123,41,600,10,1,10,val,1,0.576738,1,0,2966,2059,0.694201,2785,1101,0.395332,13.0675,10.7,1.4,0.538817,9239,4035,5204,0.436736,62.448,2.3359,1,83.3333,35.592
TR-GAT,trgat,123,41,600,10,1,10,val,1,0.602532,1,0,2966,1924,0.648685,2785,927,0.332855,11.8546,9.5,1.1,0.498291,7538,3831,3707,0.508225,44.484,2.17076,1,83.3333,35.592
TR-GAT,trgat,123,41,600,10,1,10,val,1,0.629643,1,0,2966,1760,0.593392,2785,770,0.276481,10.842,8.2,0.8,0.461375,6018,3444,2574,0.572283,30.888,1.95027,1,83.3333,35.592
TR-GAT,trgat,123,41,600,10,1,10,val,1,0.659042,1,0,2966,1539,0.518881,2785,606,0.217594,9.73619,6.3,0.6,0.415458,4544,2905,1639,0.639305,19.668,1.7407,1,83.3333,35.592
TR-GAT,trgat,123,41,600,10,1,10,val,1,0.692087,1,0,2966,1215,0.409643,2785,410,0.147217,8.39531,4.5,0.3,0.362907,2956,2118,838,0.716509,10.056,1.53222,1,83.3333,35.592
TR-GAT,trgat,123,41,600,10,1,10,val,1,0.743449,1,0,2966,557,0.187795,2785,153,0.0549372,6.90808,2.6,0.1,0.298047,969,806,163,0.831785,1.956,1.39877,1,83.3333,35.592
TR-GAT,trgat,123,41,600,10,1,10,test,1,0.16222,1,0.15,3530,3527,0.99915,3389,3384,0.998525,27.4622,29.4,21.7,0.991786,51721,3505,48216,0.0677674,578.592,28.401,28,83.3333,42.36
TR-GAT,trgat,123,41,600,10,1,10,test,1,0.255813,1,0.15,3530,3503,0.992351,3389,3348,0.987902,26.8927,29.4,19,0.972368,37054,3529,33525,0.0952394,402.3,19.814,18,83.3333,42.36
TR-GAT,trgat,123,41,600,10,1,10,test,1,0.301491,1,0.15,3530,3483,0.986686,3389,3305,0.975214,26.3468,29.3,17.3,0.953827,31034,3559,27475,0.114681,329.7,18.0864,16,83.3333,42.36
TR-GAT,trgat,123,41,600,10,1,10,test,1,0.333365,1,0.15,3530,3441,0.974788,3389,3240,0.956034,25.7554,29.2,15.1,0.934271,27458,3549,23909,0.129252,286.908,17.0004,15,83.3333,42.36
TR-GAT,trgat,123,41,600,10,1,10,test,1,0.358624,1,0.15,3530,3394,0.961473,3389,3168,0.934789,25.1867,29.1,13.5,0.915529,24901,3533,21368,0.141882,256.416,16.1196,14,83.3333,42.36
TR-GAT,trgat,123,41,600,10,1,10,test,1,0.380163,1,0.15,3530,3360,0.951841,3389,3110,0.917675,24.602,28.4,12.2,0.896041,22866,3539,19327,0.154771,231.924,15.4213,13,83.3333,42.36
TR-GAT,trgat,123,41,600,10,1,10,test,1,0.400082,1,0.15,3530,3321,0.940793,3389,3048,0.89938,23.9958,27.3,11.5,0.875883,21123,3539,17584,0.167542,211.008,14.7373,12,83.3333,42.36
TR-GAT,trgat,123,41,600,10,1,10,test,1,0.41932,1,0.15,3530,3274,0.927479,3389,2956,0.872234,23.2467,25.95,10.2,0.85092,19430,3525,15905,0.18142,190.86,14.0337,11,83.3333,42.36
TR-GAT,trgat,123,41,600,10,1,10,test,1,0.437088,1,0.15,3530,3210,0.909348,3389,2848,0.840366,22.5488,24.85,9.1,0.827452,17948,3504,14444,0.195231,173.328,13.3181,11,83.3333,42.36
TR-GAT,trgat,123,41,600,10,1,10,test,1,0.454655,1,0.15,3530,3148,0.891785,3389,2731,0.805842,21.7536,23.6,7.97,0.800995,16444,3475,12969,0.211323,155.628,12.6265,10,83.3333,42.36
TR-GAT,trgat,123,41,600,10,1,10,test,1,0.472321,1,0.15,3530,3091,0.875637,3389,2585,0.762762,20.7678,22.6,5.5,0.767751,14992,3426,11566,0.228522,138.792,11.8593,9,83.3333,42.36
TR-GAT,trgat,123,41,600,10,1,10,test,1,0.486466,1,0.15,3530,3036,0.860057,3389,2458,0.725288,19.9022,22,4.6,0.738329,13802,3376,10426,0.244602,125.112,11.2634,8,83.3333,42.36
TR-GAT,trgat,123,41,600,10,1,10,test,1,0.490792,1,0.15,3530,3013,0.853541,3389,2409,0.710829,19.6244,21.9,4.3,0.729306,13466,3364,10102,0.249814,121.224,11.0941,8,83.3333,42.36
TR-GAT,trgat,123,41,600,10,1,10,test,1,0.510125,1,0.15,3530,2922,0.827762,3389,2215,0.653585,18.4998,21.2,3.1,0.691832,11890,3308,8582,0.278217,102.984,10.2598,7,83.3333,42.36
TR-GAT,trgat,123,41,600,10,1,10,test,1,0.530847,1,0.15,3530,2790,0.790368,3389,1956,0.577161,17.0221,20.1,2.4,0.6426,10285,3178,7107,0.308994,85.284,9.35613,6,83.3333,42.36
TR-GAT,trgat,123,41,600,10,1,10,test,1,0.553189,1,0.15,3530,2638,0.747309,3389,1683,0.496607,15.5419,16.5,1.9,0.594886,8625,2987,5638,0.346319,67.656,8.48475,5,83.3333,42.36
TR-GAT,trgat,123,41,600,10,1,10,test,1,0.576738,1,0.15,3530,2495,0.706799,3389,1417,0.418117,14.1075,11.9,1.5,0.54588,7167,2827,4340,0.394447,52.08,7.51406,5,83.3333,42.36
TR-GAT,trgat,123,41,600,10,1,10,test,1,0.602532,1,0.15,3530,2291,0.649008,3389,1166,0.344054,12.6299,10.2,1.2,0.497443,5809,2604,3205,0.44827,38.46,6.5844,4,83.3333,42.36
TR-GAT,trgat,123,41,600,10,1,10,test,1,0.629643,1,0.15,3530,2054,0.58187,3389,936,0.276188,11.3763,8.85,0.8,0.456788,4518,2324,2194,0.514387,26.328,5.79809,4,83.3333,42.36
TR-GAT,trgat,123,41,600,10,1,10,test,1,0.659042,1,0.15,3530,1765,0.5,3389,713,0.210387,10.1075,6.8,0.6,0.41175,3382,1966,1416,0.581313,16.992,5.13701,3,83.3333,42.36
TR-GAT,trgat,123,41,600,10,1,10,test,1,0.692087,1,0.15,3530,1372,0.388669,3389,486,0.143405,9.00219,5.1,0.5,0.369309,2264,1517,747,0.670053,8.964,4.69612,3,83.3333,42.36
TR-GAT,trgat,123,41,600,10,1,10,test,1,0.743449,1,0.15,3530,605,0.171388,3389,171,0.0504574,7.26165,3,0.2,0.307991,835,657,178,0.786826,2.136,3.6573,3,83.3333,42.36
TR-GAT,trgat,123,41,600,10,1,10,val,1,0.16222,1,0.15,2966,2961,0.998314,2785,2776,0.996768,26.7209,29.4,17.5,0.988589,45807,2947,42860,0.0643351,514.32,28.199,28,83.3333,35.592
TR-GAT,trgat,123,41,600,10,1,10,val,1,0.255813,1,0.15,2966,2939,0.990897,2785,2743,0.984919,26.0763,29.3,14.38,0.96692,32361,2977,29384,0.0919934,352.608,18.9685,16,83.3333,35.592
TR-GAT,trgat,123,41,600,10,1,10,val,1,0.301491,1,0.15,2966,2916,0.983142,2785,2694,0.967325,25.405,29.2,12.6,0.944076,26854,2998,23856,0.111641,286.272,17.1565,15,83.3333,35.592
TR-GAT,trgat,123,41,600,10,1,10,val,1,0.333365,1,0.15,2966,2888,0.973702,2785,2637,0.946858,24.7495,29.1,11,0.9221,23527,3017,20510,0.128236,246.12,16.1315,14,83.3333,35.592
TR-GAT,trgat,123,41,600,10,1,10,val,1,0.358624,1,0.15,2966,2860,0.964262,2785,2578,0.925673,24.1035,28.2,10,0.900459,21210,2998,18212,0.141348,218.544,15.3137,13,83.3333,35.592
TR-GAT,trgat,123,41,600,10,1,10,val,1,0.380163,1,0.15,2966,2825,0.952461,2785,2513,0.902334,23.4641,27.1,9.1,0.878796,19346,2977,16369,0.153882,196.428,14.6035,12,83.3333,35.592
TR-GAT,trgat,123,41,600,10,1,10,val,1,0.400082,1,0.15,2966,2784,0.938638,2785,2443,0.877199,22.7855,25.95,8.4,0.856656,17695,2962,14733,0.167392,176.796,13.9417,11,83.3333,35.592
TR-GAT,trgat,123,41,600,10,1,10,val,1,0.41932,1,0.15,2966,2745,0.925489,2785,2364,0.848833,22.0305,24.7,7.2,0.831195,16116,2938,13178,0.182303,158.136,13.3072,11,83.3333,35.592
TR-GAT,trgat,123,41,600,10,1,10,val,1,0.437088,1,0.15,2966,2688,0.906271,2785,2274,0.816517,21.3552,23.7,6.47,0.80919,14789,2910,11879,0.196768,142.548,12.635,10,83.3333,35.592
TR-GAT,trgat,123,41,600,10,1,10,val,1,0.454655,1,0.15,2966,2633,0.887728,2785,2171,0.779533,20.4949,22.7,5.6,0.780995,13523,2882,10641,0.213118,127.692,11.9139,9,83.3333,35.592
TR-GAT,trgat,123,41,600,10,1,10,val,1,0.472321,1,0.15,2966,2567,0.865475,2785,2052,0.736804,19.5335,21.9,4.5,0.749619,12273,2850,9423,0.232217,113.076,11.1986,8,83.3333,35.592
TR-GAT,trgat,123,41,600,10,1,10,val,1,0.486466,1,0.15,2966,2522,0.850303,2785,1956,0.702334,18.7818,21.4,3.81,0.725256,11272,2821,8451,0.250266,101.412,10.5845,7,83.3333,35.592
TR-GAT,trgat,123,41,600,10,1,10,val,1,0.490792,1,0.15,2966,2500,0.842886,2785,1917,0.68833,18.544,21.2,3.7,0.717789,10949,2796,8153,0.255366,97.836,10.4024,7,83.3333,35.592
TR-GAT,trgat,123,41,600,10,1,10,val,1,0.510125,1,0.15,2966,2418,0.815239,2785,1741,0.625135,17.2913,20.1,3,0.67724,9591,2729,6862,0.284538,82.344,9.71175,6,83.3333,35.592
TR-GAT,trgat,123,41,600,10,1,10,val,1,0.530847,1,0.15,2966,2312,0.779501,2785,1526,0.547935,15.9215,17.6,2.3,0.632554,8235,2602,5633,0.315968,67.596,8.91994,6,83.3333,35.592
TR-GAT,trgat,123,41,600,10,1,10,val,1,0.553189,1,0.15,2966,2205,0.743425,2785,1331,0.477917,14.6003,13.1,1.7,0.588207,6989,2467,4522,0.352983,54.264,8.10084,5,83.3333,35.592
TR-GAT,trgat,123,41,600,10,1,10,val,1,0.576738,1,0.15,2966,2069,0.697572,2785,1114,0.4,13.2277,10.9,1.4,0.543743,5766,2318,3448,0.402012,41.376,7.38022,5,83.3333,35.592
TR-GAT,trgat,123,41,600,10,1,10,val,1,0.602532,1,0.15,2966,1928,0.650034,2785,935,0.335727,11.9626,9.6,1.1,0.501732,4675,2157,2518,0.46139,30.216,6.76688,4,83.3333,35.592
TR-GAT,trgat,123,41,600,10,1,10,val,1,0.629643,1,0.15,2966,1763,0.594403,2785,774,0.277917,10.9175,8.2,0.8,0.463795,3778,1988,1790,0.526204,21.48,6.10503,4,83.3333,35.592
TR-GAT,trgat,123,41,600,10,1,10,val,1,0.659042,1,0.15,2966,1542,0.519892,2785,609,0.218671,9.80376,6.4,0.6,0.417617,2926,1742,1184,0.595352,14.208,5.53209,4,83.3333,35.592
TR-GAT,trgat,123,41,600,10,1,10,val,1,0.692087,1,0.15,2966,1218,0.410654,2785,413,0.148294,8.44959,4.5,0.3,0.364587,2008,1356,652,0.675299,7.824,5.13497,4,83.3333,35.592
TR-GAT,trgat,123,41,600,10,1,10,val,1,0.743449,1,0.15,2966,557,0.187795,2785,153,0.0549372,6.90808,2.6,0.1,0.298047,737,594,143,0.80597,1.716,4.13287,3,83.3333,35.592
TR-GAT,trgat,123,41,600,10,1,10,test,1,0.16222,0.5,0,3530,3521,0.99745,3389,3377,0.996459,27.3286,29.4,20.9,0.987346,61837,3587,58250,0.0580073,699,14.3311,8,83.3333,42.36
TR-GAT,trgat,123,41,600,10,1,10,test,1,0.255813,0.5,0,3530,3491,0.988952,3389,3322,0.98023,26.5907,29.3,18.1,0.962233,40190,3783,36407,0.0941279,436.884,12.7626,8,83.3333,42.36
TR-GAT,trgat,123,41,600,10,1,10,test,1,0.301491,0.5,0,3530,3445,0.975921,3389,3250,0.958985,25.8354,29.2,15.7,0.937104,33843,3961,29882,0.11704,358.584,11.5748,7,83.3333,42.36
TR-GAT,trgat,123,41,600,10,1,10,test,1,0.333365,0.5,0,3530,3380,0.957507,3389,3154,0.930658,25.0757,28.7,13.79,0.912152,30433,4172,26261,0.137088,315.132,10.5329,6,83.3333,42.36
TR-GAT,trgat,123,41,600,10,1,10,test,1,0.358624,0.5,0,3530,3341,0.946459,3389,3081,0.909118,24.3295,27.6,12.1,0.887191,28246,4340,23906,0.15365,286.872,9.50469,6,83.3333,42.36
TR-GAT,trgat,123,41,600,10,1,10,test,1,0.380163,0.5,0,3530,3282,0.929745,3389,2997,0.884332,23.5625,26.5,10.7,0.861851,26022,4399,21623,0.169049,259.476,8.7295,5,83.3333,42.36
TR-GAT,trgat,123,41,600,10,1,10,test,1,0.400082,0.5,0,3530,3234,0.916147,3389,2902,0.8563,22.7541,25.1,9.7,0.834972,24114,4517,19597,0.187319,235.164,7.98158,5,83.3333,42.36
TR-GAT,trgat,123,41,600,10,1,10,test,1,0.41932,0.5,0,3530,3170,0.898017,3389,2766,0.81617,21.8847,23.9,8.29,0.806196,22164,4590,17574,0.207093,210.888,7.27535,5,83.3333,42.36
TR-GAT,trgat,123,41,600,10,1,10,test,1,0.437088,0.5,0,3530,3095,0.876771,3389,2638,0.778401,21.0199,22.9,6.8,0.777204,20121,4561,15560,0.226679,186.72,6.67166,4,83.3333,42.36
TR-GAT,trgat,123,41,600,10,1,10,test,1,0.454655,0.5,0,3530,3019,0.855241,3389,2478,0.731189,20.0298,22.1,5.1,0.744268,18102,4529,13573,0.250193,162.876,6.13645,4,83.3333,42.36
TR-GAT,trgat,123,41,600,10,1,10,test,1,0.472321,0.5,0,3530,2927,0.829178,3389,2294,0.676896,18.9097,21.3,3.56,0.707101,16003,4419,11584,0.276136,139.008,5.61533,4,83.3333,42.36
TR-GAT,trgat,123,41,600,10,1,10,test,1,0.486466,0.5,0,3530,2853,0.808215,3389,2136,0.630274,17.9583,20.7,2.8,0.675155,14244,4291,9953,0.30125,119.436,5.28022,3,83.3333,42.36
TR-GAT,trgat,123,41,600,10,1,10,test,1,0.490792,0.5,0,3530,2819,0.798584,3389,2066,0.609619,17.6227,20.5,2.58,0.664411,13712,4209,9503,0.306957,114.036,5.16637,3,83.3333,42.36
TR-GAT,trgat,123,41,600,10,1,10,test,1,0.510125,0.5,0,3530,2675,0.75779,3389,1808,0.533491,16.1412,19.2,2,0.615903,11501,3891,7610,0.338318,91.32,4.7117,3,83.3333,42.36
TR-GAT,trgat,123,41,600,10,1,10,test,1,0.530847,0.5,0,3530,2514,0.712181,3389,1536,0.453231,14.7795,15.25,1.6,0.572193,9377,3637,5740,0.387864,68.88,4.31446,3,83.3333,42.36
TR-GAT,trgat,123,41,600,10,1,10,test,1,0.553189,0.5,0,3530,2322,0.65779,3389,1283,0.378578,13.5064,11.5,1.1,0.532791,7498,3357,4141,0.447719,49.692,3.9773,3,83.3333,42.36
TR-GAT,trgat,123,41,600,10,1,10,test,1,0.576738,0.5,0,3530,2107,0.596884,3389,1060,0.312777,12.1928,10,0.8,0.489904,5908,3081,2827,0.521496,33.924,3.69862,2,83.3333,42.36
TR-GAT,trgat,123,41,600,10,1,10,test,1,0.602532,0.5,0,3530,1875,0.531161,3389,840,0.247861,11.0222,8.5,0.6,0.452895,4570,2765,1805,0.605033,21.66,3.40997,2,83.3333,42.36
TR-GAT,trgat,123,41,600,10,1,10,test,1,0.629643,0.5,0,3530,1550,0.439093,3389,641,0.189141,10.2051,7.55,0.5,0.43041,3330,2257,1073,0.677778,12.876,3.12861,2,83.3333,42.36
TR-GAT,trgat,123,41,600,10,1,10,test,1,0.659042,0.5,0,3530,1197,0.339093,3389,452,0.133373,9.40535,6.2,0.4,0.403597,2285,1713,572,0.749672,6.864,2.71154,2,83.3333,42.36
TR-GAT,trgat,123,41,600,10,1,10,test,1,0.692087,0.5,0,3530,752,0.213031,3389,259,0.0764237,8.60319,4.55,0.3,0.380682,1262,1035,227,0.820127,2.724,2.27313,2,83.3333,42.36
TR-GAT,trgat,123,41,600,10,1,10,test,1,0.743449,0.5,0,3530,214,0.0606232,3389,52,0.0153438,6.51729,2.5,0.03,0.308924,296,276,20,0.932432,0.24,2.6,2,83.3333,42.36
TR-GAT,trgat,123,41,600,10,1,10,val,1,0.16222,0.5,0,2966,2959,0.99764,2785,2774,0.99605,26.6044,29.4,16.8,0.984638,55326,3036,52290,0.0548747,627.48,13.5618,7,83.3333,35.592
TR-GAT,trgat,123,41,600,10,1,10,val,1,0.255813,0.5,0,2966,2922,0.985165,2785,2714,0.974506,25.7214,29.2,13.5,0.955331,34632,3209,31423,0.09266,377.076,12.1345,7,83.3333,35.592
TR-GAT,trgat,123,41,600,10,1,10,val,1,0.301491,0.5,0,2966,2896,0.976399,2785,2657,0.954039,24.8082,29,11.4,0.92435,28834,3358,25476,0.11646,305.712,10.9875,7,83.3333,35.592
TR-GAT,trgat,123,41,600,10,1,10,val,1,0.333365,0.5,0,2966,2852,0.961564,2785,2570,0.922801,23.9551,27.7,10,0.895861,25798,3479,22319,0.134855,267.828,9.90994,6,83.3333,35.592
TR-GAT,trgat,123,41,600,10,1,10,val,1,0.358624,0.5,0,2966,2811,0.947741,2785,2490,0.894075,23.1688,26.5,9,0.869371,23592,3621,19971,0.153484,239.652,8.98488,5,83.3333,35.592
TR-GAT,trgat,123,41,600,10,1,10,val,1,0.380163,0.5,0,2966,2765,0.932232,2785,2407,0.864273,22.371,25.2,7.7,0.842837,21642,3724,17918,0.172073,215.016,8.24528,5,83.3333,35.592
TR-GAT,trgat,123,41,600,10,1,10,val,1,0.400082,0.5,0,2966,2721,0.917397,2785,2325,0.834829,21.5817,24,6.9,0.816799,19808,3781,16027,0.190882,192.324,7.58171,5,83.3333,35.592
TR-GAT,trgat,123,41,600,10,1,10,val,1,0.41932,0.5,0,2966,2647,0.892448,2785,2206,0.792101,20.7043,23,5.9,0.788273,18003,3780,14223,0.209965,170.676,6.92407,4,83.3333,35.592
TR-GAT,trgat,123,41,600,10,1,10,val,1,0.437088,0.5,0,2966,2583,0.87087,2785,2083,0.747935,19.8269,22.2,4.9,0.759648,16250,3763,12487,0.231569,149.844,6.38256,4,83.3333,35.592
TR-GAT,trgat,123,41,600,10,1,10,val,1,0.454655,0.5,0,2966,2508,0.845583,2785,1947,0.699102,18.8117,21.4,3.7,0.72711,14333,3659,10674,0.255285,128.088,5.93995,4,83.3333,35.592
TR-GAT,trgat,123,41,600,10,1,10,val,1,0.472321,0.5,0,2966,2429,0.818948,2785,1798,0.645601,17.7371,20.5,3,0.692301,12469,3502,8967,0.280857,107.604,5.51232,3,83.3333,35.592
TR-GAT,trgat,123,41,600,10,1,10,val,1,0.486466,0.5,0,2966,2355,0.793999,2785,1668,0.598923,16.8379,19.7,2.6,0.664155,11091,3375,7716,0.304301,92.592,5.20308,3,83.3333,35.592
TR-GAT,trgat,123,41,600,10,1,10,val,1,0.490792,0.5,0,2966,2329,0.785233,2785,1614,0.579533,16.4749,19.3,2.38,0.652732,10655,3328,7327,0.312342,87.924,5.12338,3,83.3333,35.592
TR-GAT,trgat,123,41,600,10,1,10,val,1,0.510125,0.5,0,2966,2229,0.751517,2785,1429,0.513106,15.2202,16.8,1.8,0.612603,8907,3137,5770,0.352195,69.24,4.78631,3,83.3333,35.592
TR-GAT,trgat,123,41,600,10,1,10,val,1,0.530847,0.5,0,2966,2091,0.70499,2785,1206,0.433034,13.8951,12.1,1.4,0.570602,7346,2974,4372,0.404846,52.464,4.50503,3,83.3333,35.592
TR-GAT,trgat,123,41,600,10,1,10,val,1,0.553189,0.5,0,2966,1948,0.656777,2785,1020,0.366248,12.654,10.3,1,0.531325,6028,2812,3216,0.46649,38.592,4.21362,3,83.3333,35.592
TR-GAT,trgat,123,41,600,10,1,10,val,1,0.576738,0.5,0,2966,1784,0.601483,2785,863,0.309874,11.627,9.45,0.73,0.500246,4876,2581,2295,0.529327,27.54,3.86362,2,83.3333,35.592
TR-GAT,trgat,123,41,600,10,1,10,val,1,0.602532,0.5,0,2966,1588,0.535401,2785,702,0.252065,10.6474,8.4,0.6,0.470681,3864,2341,1523,0.605849,18.276,3.62902,2,83.3333,35.592
TR-GAT,trgat,123,41,600,10,1,10,val,1,0.629643,0.5,0,2966,1371,0.462239,2785,545,0.195691,9.67046,7,0.5,0.434606,2984,2007,977,0.672587,11.724,3.20164,2,83.3333,35.592
TR-GAT,trgat,123,41,600,10,1,10,val,1,0.659042,0.5,0,2966,1052,0.354686,2785,368,0.132136,8.76625,5.6,0.3,0.402959,2063,1513,550,0.733398,6.6,2.70545,2,83.3333,35.592
TR-GAT,trgat,123,41,600,10,1,10,val,1,0.692087,0.5,0,2966,680,0.229265,2785,204,0.0732496,7.72926,4,0.2,0.368796,1160,944,216,0.813793,2.592,2.33333,2,83.3333,35.592
TR-GAT,trgat,123,41,600,10,1,10,val,1,0.743449,0.5,0,2966,197,0.0664194,2785,38,0.0136445,5.68325,2.2,0.1,0.286796,269,236,33,0.877323,0.396,2,1,83.3333,35.592
TR-GAT,trgat,123,41,600,10,1,10,test,1,0.16222,0.5,0.15,3530,3525,0.998584,3389,3381,0.997639,27.3846,29.4,21.14,0.989177,42087,3501,38586,0.0831848,463.032,33.4254,34,83.3333,42.36
TR-GAT,trgat,123,41,600,10,1,10,test,1,0.255813,0.5,0.15,3530,3499,0.991218,3389,3331,0.982886,26.6538,29.3,18.2,0.964249,29244,3481,25763,0.119033,309.156,24.4997,24,83.3333,42.36
TR-GAT,trgat,123,41,600,10,1,10,test,1,0.301491,0.5,0.15,3530,3452,0.977904,3389,3257,0.96105,25.9076,29.2,15.71,0.939426,24631,3445,21186,0.139864,254.232,22.03,21,83.3333,42.36
TR-GAT,trgat,123,41,600,10,1,10,test,1,0.333365,0.5,0.15,3530,3394,0.961473,3389,3168,0.934789,25.161,28.9,13.83,0.91479,21741,3397,18344,0.156249,220.128,20.5416,20,83.3333,42.36
TR-GAT,trgat,123,41,600,10,1,10,test,1,0.358624,0.5,0.15,3530,3357,0.950992,3389,3097,0.913839,24.4495,27.9,12.1,0.890954,19689,3376,16313,0.171466,195.756,19.4635,19,83.3333,42.36
TR-GAT,trgat,123,41,600,10,1,10,test,1,0.380163,0.5,0.15,3530,3297,0.933994,3389,3012,0.888758,23.7262,26.9,10.76,0.867085,17896,3328,14568,0.185963,174.816,18.6063,18,83.3333,42.36
TR-GAT,trgat,123,41,600,10,1,10,test,1,0.400082,0.5,0.15,3530,3253,0.92153,3389,2922,0.862201,22.9289,25.6,9.8,0.840489,16358,3296,13062,0.201492,156.744,17.7765,17,83.3333,42.36
TR-GAT,trgat,123,41,600,10,1,10,test,1,0.41932,0.5,0.15,3530,3189,0.903399,3389,2788,0.822662,22.0943,24.2,8.4,0.812893,14796,3244,11552,0.219248,138.624,17.0459,16,83.3333,42.36
TR-GAT,trgat,123,41,600,10,1,10,test,1,0.437088,0.5,0.15,3530,3118,0.883286,3389,2667,0.786958,21.2532,23.2,6.9,0.784613,13453,3185,10268,0.23675,123.216,16.2891,15,83.3333,42.36
TR-GAT,trgat,123,41,600,10,1,10,test,1,0.454655,0.5,0.15,3530,3047,0.863173,3389,2509,0.740336,20.2735,22.3,5.1,0.751904,12133,3132,9001,0.258139,108.012,15.5385,14,83.3333,42.36
TR-GAT,trgat,123,41,600,10,1,10,test,1,0.472321,0.5,0.15,3530,2956,0.837394,3389,2326,0.686338,19.1413,21.4,3.65,0.714293,10734,3042,7692,0.283399,92.304,14.8736,13,83.3333,42.36
TR-GAT,trgat,123,41,600,10,1,10,test,1,0.486466,0.5,0.15,3530,2878,0.815297,3389,2165,0.638832,18.1836,20.8,2.9,0.682197,9655,2973,6682,0.307923,80.184,14.3207,12,83.3333,42.36
TR-GAT,trgat,123,41,600,10,1,10,test,1,0.490792,0.5,0.15,3530,2843,0.805382,3389,2093,0.617586,17.8431,20.6,2.6,0.671299,9323,2945,6378,0.315885,76.536,14.1706,12,83.3333,42.36
TR-GAT,trgat,123,41,600,10,1,10,test,1,0.510125,0.5,0.15,3530,2699,0.764589,3389,1839,0.542638,16.4265,19.4,2,0.624906,7979,2791,5188,0.349793,62.256,13.2517,11,83.3333,42.36
TR-GAT,trgat,123,41,600,10,1,10,test,1,0.530847,0.5,0.15,3530,2533,0.717564,3389,1561,0.460608,15.0298,15.8,1.6,0.580105,6591,2615,3976,0.396753,47.712,12.4759,10,83.3333,42.36
TR-GAT,trgat,123,41,600,10,1,10,test,1,0.553189,0.5,0.15,3530,2339,0.662606,3389,1303,0.384479,13.7098,11.7,1.1,0.539124,5354,2410,2944,0.450131,35.328,11.5608,9,83.3333,42.36
TR-GAT,trgat,123,41,600,10,1,10,test,1,0.576738,0.5,0.15,3530,2117,0.599717,3389,1074,0.316908,12.3687,10.1,0.8,0.495504,4252,2173,2079,0.511054,24.948,10.5911,8,83.3333,42.36
TR-GAT,trgat,123,41,600,10,1,10,test,1,0.602532,0.5,0.15,3530,1884,0.533711,3389,853,0.251697,11.1904,8.7,0.6,0.458216,3310,1943,1367,0.587009,16.404,9.72787,7,83.3333,42.36
TR-GAT,trgat,123,41,600,10,1,10,test,1,0.629643,0.5,0.15,3530,1553,0.439943,3389,646,0.190617,10.2815,7.6,0.5,0.43282,2431,1597,834,0.656931,10.008,8.97362,6,83.3333,42.36
TR-GAT,trgat,123,41,600,10,1,10,test,1,0.659042,0.5,0.15,3530,1199,0.33966,3389,455,0.134258,9.46947,6.3,0.4,0.405619,1676,1231,445,0.734487,5.34,8.59326,6,83.3333,42.36
TR-GAT,trgat,123,41,600,10,1,10,test,1,0.692087,0.5,0.15,3530,755,0.213881,3389,262,0.0773089,8.69589,4.7,0.3,0.383456,961,768,193,0.799168,2.316,7.25389,5,83.3333,42.36
TR-GAT,trgat,123,41,600,10,1,10,test,1,0.743449,0.5,0.15,3530,214,0.0606232,3389,52,0.0153438,6.51729,2.5,0.03,0.308924,234,216,18,0.923077,0.216,6.88889,4.5,83.3333,42.36
TR-GAT,trgat,123,41,600,10,1,10,val,1,0.16222,0.5,0.15,2966,2960,0.997977,2785,2775,0.996409,26.6497,29.4,16.9,0.986143,37110,2945,34165,0.0793587,409.98,33.3802,34,83.3333,35.592
TR-GAT,trgat,123,41,600,10,1,10,val,1,0.255813,0.5,0.15,2966,2927,0.986851,2785,2720,0.976661,25.824,29.3,13.86,0.958639,25213,2922,22291,0.115893,267.492,23.7829,23,83.3333,35.592
TR-GAT,trgat,123,41,600,10,1,10,val,1,0.301491,0.5,0.15,2966,2899,0.977411,2785,2661,0.955476,24.9241,29.1,11.4,0.928178,21028,2902,18126,0.138006,217.512,21.1789,20,83.3333,35.592
TR-GAT,trgat,123,41,600,10,1,10,val,1,0.333365,0.5,0.15,2966,2856,0.962913,2785,2574,0.924237,24.0765,28.1,10,0.899863,18503,2870,15633,0.15511,187.596,19.6711,19,83.3333,35.592
TR-GAT,trgat,123,41,600,10,1,10,val,1,0.358624,0.5,0.15,2966,2814,0.948753,2785,2495,0.895871,23.3139,26.8,9,0.874197,16553,2845,13708,0.171872,164.496,18.6148,18,83.3333,35.592
TR-GAT,trgat,123,41,600,10,1,10,val,1,0.380163,0.5,0.15,2966,2767,0.932906,2785,2411,0.865709,22.4991,25.4,7.82,0.847116,14974,2803,12171,0.187191,146.052,17.7726,16,83.3333,35.592
TR-GAT,trgat,123,41,600,10,1,10,val,1,0.400082,0.5,0.15,2966,2724,0.918409,2785,2329,0.836266,21.7352,24.2,6.9,0.821905,13556,2770,10786,0.204338,129.432,17.0153,16,83.3333,35.592
TR-GAT,trgat,123,41,600,10,1,10,val,1,0.41932,0.5,0.15,2966,2655,0.895145,2785,2216,0.795691,20.8749,23.2,5.9,0.793774,12166,2708,9458,0.222588,113.496,16.3289,15,83.3333,35.592
TR-GAT,trgat,123,41,600,10,1,10,val,1,0.437088,0.5,0.15,2966,2592,0.873904,2785,2095,0.752244,20.0026,22.3,4.9,0.765274,10989,2647,8342,0.240877,100.104,15.6168,14,83.3333,35.592
TR-GAT,trgat,123,41,600,10,1,10,val,1,0.454655,0.5,0.15,2966,2519,0.849292,2785,1961,0.704129,18.9784,21.5,3.7,0.732329,9788,2574,7214,0.262975,86.568,14.8533,13,83.3333,35.592
TR-GAT,trgat,123,41,600,10,1,10,val,1,0.472321,0.5,0.15,2966,2442,0.823331,2785,1814,0.651346,17.9192,20.6,3,0.697966,8610,2498,6112,0.290128,73.344,14.1343,12,83.3333,35.592
TR-GAT,trgat,123,41,600,10,1,10,val,1,0.486466,0.5,0.15,2966,2365,0.79737,2785,1680,0.603232,17.0088,19.9,2.7,0.66954,7742,2421,5321,0.31271,63.852,13.5503,11,83.3333,35.592
TR-GAT,trgat,123,41,600,10,1,10,val,1,0.490792,0.5,0.15,2966,2341,0.789278,2785,1628,0.58456,16.6648,19.5,2.4,0.658673,7465,2398,5067,0.321232,60.804,13.4107,11,83.3333,35.592
TR-GAT,trgat,123,41,600,10,1,10,val,1,0.510125,0.5,0.15,2966,2238,0.754552,2785,1443,0.518133,15.4137,17.2,1.8,0.618767,6365,2295,4070,0.360566,48.84,12.687,10,83.3333,35.592
TR-GAT,trgat,123,41,600,10,1,10,val,1,0.530847,0.5,0.15,2966,2102,0.708699,2785,1221,0.43842,14.1,12.3,1.4,0.577024,5272,2146,3126,0.407056,37.512,12.0112,10,83.3333,35.592
TR-GAT,trgat,123,41,600,10,1,10,val,1,0.553189,0.5,0.15,2966,1958,0.660148,2785,1034,0.371275,12.8382,10.5,1,0.537044,4336,2006,2330,0.462638,27.96,11.3815,9,83.3333,35.592
TR-GAT,trgat,123,41,600,10,1,10,val,1,0.576738,0.5,0.15,2966,1790,0.603506,2785,874,0.313824,11.7984,9.6,0.79,0.505685,3489,1837,1652,0.526512,19.824,10.6489,8,83.3333,35.592
TR-GAT,trgat,123,41,600,10,1,10,val,1,0.602532,0.5,0.15,2966,1594,0.537424,2785,710,0.254937,10.7767,8.6,0.6,0.474673,2760,1642,1118,0.594928,13.416,9.9347,7,83.3333,35.592
TR-GAT,trgat,123,41,600,10,1,10,val,1,0.629643,0.5,0.15,2966,1375,0.463587,2785,550,0.197487,9.76582,7.1,0.5,0.437539,2144,1407,737,0.65625,8.844,9.20624,7,83.3333,35.592
TR-GAT,trgat,123,41,600,10,1,10,val,1,0.659042,0.5,0.15,2966,1053,0.355024,2785,369,0.132496,8.78566,5.6,0.3,0.403526,1498,1076,422,0.718291,5.064,8.55213,7,83.3333,35.592
TR-GAT,trgat,123,41,600,10,1,10,val,1,0.692087,0.5,0.15,2966,680,0.229265,2785,204,0.0732496,7.72926,4,0.2,0.368796,869,692,177,0.796318,2.124,7.87571,5,83.3333,35.592
TR-GAT,trgat,123,41,600,10,1,10,val,1,0.743449,0.5,0.15,2966,197,0.0664194,2785,38,0.0136445,5.68325,2.2,0.1,0.286796,227,198,29,0.872247,0.348,6.13793,4,83.3333,35.592
TR-GAT,trgat,123,41,600,10,1,10,test,1,0.16222,0.25,0,3530,3516,0.996034,3389,3372,0.994984,27.224,29.4,20.3,0.983855,46825,3534,43291,0.0754725,519.492,18.8278,15,83.3333,42.36
TR-GAT,trgat,123,41,600,10,1,10,test,1,0.255813,0.25,0,3530,3454,0.97847,3389,3274,0.966067,26.0847,29.2,17,0.945671,30505,3570,26935,0.11703,323.22,16.3851,14,83.3333,42.36
TR-GAT,trgat,123,41,600,10,1,10,test,1,0.301491,0.25,0,3530,3376,0.956374,3389,3159,0.932133,24.9533,28.1,14.1,0.908359,25234,3570,21664,0.141476,259.968,14.8882,12,83.3333,42.36
TR-GAT,trgat,123,41,600,10,1,10,test,1,0.333365,0.25,0,3530,3310,0.937677,3389,3052,0.900561,23.9575,26.7,12.09,0.875378,22266,3648,18618,0.163837,223.416,13.684,11,83.3333,42.36
TR-GAT,trgat,123,41,600,10,1,10,test,1,0.358624,0.25,0,3530,3246,0.919547,3389,2944,0.868693,22.9595,25.3,10.4,0.842268,20263,3686,16577,0.181908,198.924,12.4507,9,83.3333,42.36
TR-GAT,trgat,123,41,600,10,1,10,test,1,0.380163,0.25,0,3530,3169,0.897734,3389,2815,0.830629,22.0433,24.1,9.18,0.812165,18396,3718,14678,0.202109,176.136,11.5176,8,83.3333,42.36
TR-GAT,trgat,123,41,600,10,1,10,test,1,0.400082,0.25,0,3530,3103,0.879037,3389,2668,0.787253,21.01,22.9,7.3,0.7779,16713,3734,12979,0.223419,155.748,10.5808,7,83.3333,42.36
TR-GAT,trgat,123,41,600,10,1,10,test,1,0.41932,0.25,0,3530,3005,0.851275,3389,2503,0.738566,19.9028,21.9,5.4,0.741871,15040,3691,11349,0.245412,136.188,9.67821,6,83.3333,42.36
TR-GAT,trgat,123,41,600,10,1,10,test,1,0.437088,0.25,0,3530,2895,0.820113,3389,2300,0.678666,18.8321,21.1,4.2,0.706582,13237,3594,9643,0.271512,115.716,9.0421,6,83.3333,42.36
TR-GAT,trgat,123,41,600,10,1,10,test,1,0.454655,0.25,0,3530,2784,0.788669,3389,2079,0.613455,17.5561,20.2,2.8,0.664617,11574,3487,8087,0.301279,97.044,8.40918,6,83.3333,42.36
TR-GAT,trgat,123,41,600,10,1,10,test,1,0.472321,0.25,0,3530,2658,0.752975,3389,1838,0.542343,16.2939,19.2,2.1,0.623521,9874,3272,6602,0.331375,79.224,7.81612,5,83.3333,42.36
TR-GAT,trgat,123,41,600,10,1,10,test,1,0.486466,0.25,0,3530,2524,0.715014,3389,1639,0.483623,15.3555,17.65,1.6,0.593627,8622,3089,5533,0.35827,66.396,7.31791,5,83.3333,42.36
TR-GAT,trgat,123,41,600,10,1,10,test,1,0.490792,0.25,0,3530,2481,0.702833,3389,1579,0.465919,15.1054,16.9,1.5,0.586241,8235,3030,5205,0.367942,62.46,7.21652,5,83.3333,42.36
TR-GAT,trgat,123,41,600,10,1,10,test,1,0.510125,0.25,0,3530,2310,0.654391,3389,1360,0.401298,13.93,13.75,1.2,0.550031,6657,2775,3882,0.416854,46.584,6.80062,5,83.3333,42.36
TR-GAT,trgat,123,41,600,10,1,10,test,1,0.530847,0.25,0,3530,2094,0.593201,3389,1124,0.331661,12.7239,10.85,0.9,0.514183,5338,2509,2829,0.470026,33.948,6.23789,4,83.3333,42.36
TR-GAT,trgat,123,41,600,10,1,10,test,1,0.553189,0.25,0,3530,1871,0.530028,3389,939,0.277073,11.9409,10,0.7,0.494735,4235,2280,1955,0.538371,23.46,5.6757,4,83.3333,42.36
TR-GAT,trgat,123,41,600,10,1,10,test,1,0.576738,0.25,0,3530,1607,0.455241,3389,746,0.220124,11.1503,9.1,0.6,0.473464,3239,1981,1258,0.611609,15.096,5.28855,4,83.3333,42.36
TR-GAT,trgat,123,41,600,10,1,10,test,1,0.602532,0.25,0,3530,1275,0.36119,3389,566,0.167011,10.6883,8.7,0.6,0.471472,2379,1619,760,0.680538,9.12,4.77368,3,83.3333,42.36
TR-GAT,trgat,123,41,600,10,1,10,test,1,0.629643,0.25,0,3530,983,0.27847,3389,407,0.120094,9.98149,7.8,0.6,0.457619,1662,1230,432,0.740072,5.184,4.12731,3,83.3333,42.36
TR-GAT,trgat,123,41,600,10,1,10,test,1,0.659042,0.25,0,3530,653,0.184986,3389,229,0.0675716,9.03752,6.5,0.5,0.439225,1036,837,199,0.807915,2.388,3.48241,2,83.3333,42.36
TR-GAT,trgat,123,41,600,10,1,10,test,1,0.692087,0.25,0,3530,346,0.098017,3389,102,0.0300974,7.67254,4.8,0.2,0.420017,458,409,49,0.893013,0.588,3.61224,3,83.3333,42.36
TR-GAT,trgat,123,41,600,10,1,10,test,1,0.743449,0.25,0,3530,74,0.0209632,3389,14,0.00413101,6.13649,5.4,0.3,0.409354,94,88,6,0.93617,0.072,3.5,3.5,83.3333,42.36
TR-GAT,trgat,123,41,600,10,1,10,val,1,0.16222,0.25,0,2966,2955,0.996291,2785,2769,0.994255,26.4982,29.4,16.7,0.981093,41308,2983,38325,0.0722136,459.9,18.0939,14,83.3333,35.592
TR-GAT,trgat,123,41,600,10,1,10,val,1,0.255813,0.25,0,2966,2898,0.977073,2785,2676,0.960862,25.1365,29,12.6,0.936052,26200,3022,23178,0.115344,278.136,15.6133,13,83.3333,35.592
TR-GAT,trgat,123,41,600,10,1,10,val,1,0.301491,0.25,0,2966,2845,0.959204,2785,2566,0.921364,23.8437,27.2,10.1,0.892676,21437,3047,18390,0.142137,220.68,14.1805,11,83.3333,35.592
TR-GAT,trgat,123,41,600,10,1,10,val,1,0.333365,0.25,0,2966,2780,0.937289,2785,2455,0.881508,22.7457,25.6,8.7,0.856535,18614,3029,15585,0.162727,187.02,13.0044,10,83.3333,35.592
TR-GAT,trgat,123,41,600,10,1,10,val,1,0.358624,0.25,0,2966,2713,0.9147,2785,2341,0.840575,21.7688,24.3,7.32,0.824108,16737,3063,13674,0.183008,164.088,11.8615,8,83.3333,35.592
TR-GAT,trgat,123,41,600,10,1,10,val,1,0.380163,0.25,0,2966,2647,0.892448,2785,2224,0.798564,20.8345,23.2,6.26,0.793626,15099,3110,11989,0.205974,143.868,10.9635,7,83.3333,35.592
TR-GAT,trgat,123,41,600,10,1,10,val,1,0.400082,0.25,0,2966,2573,0.867498,2785,2098,0.753321,19.8124,22.1,5.12,0.760366,13633,3092,10541,0.226803,126.492,10.0657,7,83.3333,35.592
TR-GAT,trgat,123,41,600,10,1,10,val,1,0.41932,0.25,0,2966,2487,0.838503,2785,1959,0.703411,18.7873,21.3,4,0.727806,12103,3051,9052,0.252086,108.624,9.2848,6,83.3333,35.592
TR-GAT,trgat,123,41,600,10,1,10,val,1,0.437088,0.25,0,2966,2390,0.805799,2785,1790,0.642729,17.6826,20.4,3.19,0.692765,10561,2917,7644,0.276205,91.728,8.65071,6,83.3333,35.592
TR-GAT,trgat,123,41,600,10,1,10,val,1,0.454655,0.25,0,2966,2296,0.774107,2785,1631,0.585637,16.5204,19.3,2.3,0.656029,9090,2792,6298,0.307151,75.576,8.16227,5,83.3333,35.592
TR-GAT,trgat,123,41,600,10,1,10,val,1,0.472321,0.25,0,2966,2204,0.743088,2785,1446,0.51921,15.2924,17.6,1.8,0.616749,7650,2652,4998,0.346667,59.976,7.79012,5,83.3333,35.592
TR-GAT,trgat,123,41,600,10,1,10,val,1,0.486466,0.25,0,2966,2113,0.712407,2785,1305,0.468582,14.423,15.1,1.5,0.590817,6692,2518,4174,0.37627,50.088,7.42286,5,83.3333,35.592
TR-GAT,trgat,123,41,600,10,1,10,val,1,0.490792,0.25,0,2966,2083,0.702293,2785,1261,0.452783,14.1245,14.2,1.4,0.58191,6386,2467,3919,0.386314,47.028,7.36361,5,83.3333,35.592
TR-GAT,trgat,123,41,600,10,1,10,val,1,0.510125,0.25,0,2966,1933,0.651719,2785,1077,0.386715,13.0662,11.4,1,0.551445,5348,2287,3061,0.427636,36.732,6.76282,4,83.3333,35.592
TR-GAT,trgat,123,41,600,10,1,10,val,1,0.530847,0.25,0,2966,1753,0.591032,2785,918,0.329623,12.2798,10.4,0.8,0.53231,4278,2079,2199,0.485975,26.388,6.48158,4,83.3333,35.592
TR-GAT,trgat,123,41,600,10,1,10,val,1,0.553189,0.25,0,2966,1577,0.531693,2785,770,0.276481,11.4363,9.6,0.7,0.508678,3463,1909,1554,0.551256,18.648,6.11969,4,83.3333,35.592
TR-GAT,trgat,123,41,600,10,1,10,val,1,0.576738,0.25,0,2966,1371,0.462239,2785,610,0.219031,10.6314,8.6,0.5,0.490935,2761,1674,1087,0.606302,13.044,5.58602,4,83.3333,35.592
TR-GAT,trgat,123,41,600,10,1,10,val,1,0.602532,0.25,0,2966,1132,0.381659,2785,481,0.172711,10.1484,7.95,0.5,0.485577,2136,1426,710,0.667603,8.52,4.97887,3,83.3333,35.592
TR-GAT,trgat,123,41,600,10,1,10,val,1,0.629643,0.25,0,2966,878,0.296022,2785,326,0.117056,9.27665,6.9,0.4,0.465768,1513,1125,388,0.743556,4.656,4.43814,3,83.3333,35.592
TR-GAT,trgat,123,41,600,10,1,10,val,1,0.659042,0.25,0,2966,614,0.207013,2785,183,0.0657092,7.86498,5.3,0.4,0.421623,931,764,167,0.820623,2.004,4.16168,3,83.3333,35.592
TR-GAT,trgat,123,41,600,10,1,10,val,1,0.692087,0.25,0,2966,317,0.106878,2785,77,0.0276481,6.82587,3.5,0.2,0.411226,450,387,63,0.86,0.756,3.30159,2,83.3333,35.592
TR-GAT,trgat,123,41,600,10,1,10,val,1,0.743449,0.25,0,2966,69,0.0232637,2785,14,0.00502693,5.28116,1.7,0.16,0.396124,85,77,8,0.905882,0.096,2.5,1.5,83.3333,35.592
TR-GAT,trgat,123,41,600,10,1,10,test,1,0.16222,0.25,0.15,3530,3520,0.997167,3389,3376,0.996164,27.2739,29.4,20.5,0.985482,38485,3496,34989,0.0908406,419.868,34.0807,35,83.3333,42.36
TR-GAT,trgat,123,41,600,10,1,10,test,1,0.255813,0.25,0.15,3530,3462,0.980737,3389,3283,0.968722,26.1417,29.2,17.11,0.947468,25837,3439,22398,0.133104,268.776,26.2927,26,83.3333,42.36
TR-GAT,trgat,123,41,600,10,1,10,test,1,0.301491,0.25,0.15,3530,3386,0.959207,3389,3169,0.935084,25.0227,28.2,14.15,0.91053,21345,3365,17980,0.157648,215.76,23.7352,23,83.3333,42.36
TR-GAT,trgat,123,41,600,10,1,10,test,1,0.333365,0.25,0.15,3530,3319,0.940227,3389,3061,0.903216,24.0269,26.8,12.1,0.877562,18669,3305,15364,0.177031,184.368,22.0752,21,83.3333,42.36
TR-GAT,trgat,123,41,600,10,1,10,test,1,0.358624,0.25,0.15,3530,3257,0.922663,3389,2955,0.871939,23.0491,25.4,10.46,0.845075,16586,3249,13337,0.195888,160.044,20.9593,20,83.3333,42.36
TR-GAT,trgat,123,41,600,10,1,10,test,1,0.380163,0.25,0.15,3530,3186,0.90255,3389,2832,0.835645,22.1732,24.3,9.2,0.816206,14802,3182,11620,0.214971,139.44,20.1133,19,83.3333,42.36
TR-GAT,trgat,123,41,600,10,1,10,test,1,0.400082,0.25,0.15,3530,3120,0.883853,3389,2686,0.792564,21.1529,23.1,7.39,0.782372,13274,3122,10152,0.235197,121.824,19.2385,18,83.3333,42.36
TR-GAT,trgat,123,41,600,10,1,10,test,1,0.41932,0.25,0.15,3530,3022,0.856091,3389,2525,0.745058,20.1085,22,5.41,0.74845,11814,3025,8789,0.256052,105.468,18.2872,17,83.3333,42.36
TR-GAT,trgat,123,41,600,10,1,10,test,1,0.437088,0.25,0.15,3530,2918,0.826629,3389,2328,0.686928,19.0556,21.3,4.3,0.71361,10418,2924,7494,0.280668,89.928,17.5675,16,83.3333,42.36
TR-GAT,trgat,123,41,600,10,1,10,test,1,0.454655,0.25,0.15,3530,2808,0.795467,3389,2107,0.621717,17.7589,20.4,2.87,0.670875,9042,2808,6234,0.310551,74.808,16.9621,15,83.3333,42.36
TR-GAT,trgat,123,41,600,10,1,10,test,1,0.472321,0.25,0.15,3530,2681,0.75949,3389,1864,0.550015,16.4848,19.3,2.1,0.629339,7835,2682,5153,0.34231,61.836,16.2253,14,83.3333,42.36
TR-GAT,trgat,123,41,600,10,1,10,test,1,0.486466,0.25,0.15,3530,2542,0.720113,3389,1660,0.48982,15.5275,18,1.61,0.59888,6861,2546,4315,0.371083,51.78,15.5905,14,83.3333,42.36
TR-GAT,trgat,123,41,600,10,1,10,test,1,0.490792,0.25,0.15,3530,2498,0.707649,3389,1599,0.471821,15.2843,17.4,1.6,0.591742,6570,2501,4069,0.38067,48.828,15.4446,14,83.3333,42.36
TR-GAT,trgat,123,41,600,10,1,10,test,1,0.510125,0.25,0.15,3530,2327,0.659207,3389,1382,0.40779,14.1633,14.2,1.2,0.557316,5433,2336,3097,0.429965,37.164,14.6238,13,83.3333,42.36
TR-GAT,trgat,123,41,600,10,1,10,test,1,0.530847,0.25,0.15,3530,2108,0.597167,3389,1142,0.336973,12.9499,11.1,0.9,0.521202,4356,2117,2239,0.485996,26.868,14.0201,12,83.3333,42.36
TR-GAT,trgat,123,41,600,10,1,10,test,1,0.553189,0.25,0.15,3530,1881,0.532861,3389,953,0.281204,12.1067,10.1,0.7,0.499821,3478,1890,1588,0.543416,19.056,13.017,11,83.3333,42.36
TR-GAT,trgat,123,41,600,10,1,10,test,1,0.576738,0.25,0.15,3530,1617,0.458074,3389,757,0.22337,11.2935,9.2,0.6,0.477671,2664,1622,1042,0.608859,12.504,12.4904,10,83.3333,42.36
TR-GAT,trgat,123,41,600,10,1,10,test,1,0.602532,0.25,0.15,3530,1282,0.363173,3389,574,0.169371,10.8196,8.75,0.61,0.475286,1901,1283,618,0.674908,7.416,11.7767,9,83.3333,42.36
TR-GAT,trgat,123,41,600,10,1,10,test,1,0.629643,0.25,0.15,3530,988,0.279887,3389,413,0.121865,10.1211,7.9,0.6,0.461706,1347,991,356,0.735709,4.272,11.0702,9,83.3333,42.36
TR-GAT,trgat,123,41,600,10,1,10,test,1,0.659042,0.25,0.15,3530,655,0.185552,3389,232,0.0684568,9.14748,6.5,0.5,0.442558,823,657,166,0.798299,1.992,10.2952,7,83.3333,42.36
TR-GAT,trgat,123,41,600,10,1,10,test,1,0.692087,0.25,0.15,3530,347,0.0983003,3389,103,0.0303924,7.73516,4.8,0.2,0.421688,391,347,44,0.887468,0.528,9.65909,8,83.3333,42.36
TR-GAT,trgat,123,41,600,10,1,10,test,1,0.743449,0.25,0.15,3530,74,0.0209632,3389,14,0.00413101,6.13649,5.4,0.3,0.409354,79,74,5,0.936709,0.06,11.8,11,83.3333,42.36
TR-GAT,trgat,123,41,600,10,1,10,val,1,0.16222,0.25,0.15,2966,2958,0.997303,2785,2772,0.995332,26.5445,29.4,16.77,0.982577,33625,2943,30682,0.0875242,368.184,34.2968,35,83.3333,35.592
TR-GAT,trgat,123,41,600,10,1,10,val,1,0.255813,0.25,0.15,2966,2904,0.979096,2785,2684,0.963734,25.2289,29.1,12.73,0.938989,22187,2891,19296,0.130302,231.552,25.6687,25,83.3333,35.592
TR-GAT,trgat,123,41,600,10,1,10,val,1,0.301491,0.25,0.15,2966,2850,0.96089,2785,2572,0.923519,23.9694,27.5,10.1,0.896784,18166,2839,15327,0.156281,183.924,22.9637,22,83.3333,35.592
TR-GAT,trgat,123,41,600,10,1,10,val,1,0.333365,0.25,0.15,2966,2788,0.939987,2785,2466,0.885458,22.9004,25.9,8.77,0.86152,15650,2784,12866,0.177891,154.392,21.443,21,83.3333,35.592
TR-GAT,trgat,123,41,600,10,1,10,val,1,0.358624,0.25,0.15,2966,2720,0.91706,2785,2350,0.843806,21.9142,24.5,7.4,0.828821,13756,2717,11039,0.197514,132.468,20.3805,20,83.3333,35.592
TR-GAT,trgat,123,41,600,10,1,10,val,1,0.380163,0.25,0.15,2966,2658,0.896156,2785,2236,0.802873,20.9582,23.3,6.3,0.797455,12225,2659,9566,0.217505,114.792,19.4383,18.5,83.3333,35.592
TR-GAT,trgat,123,41,600,10,1,10,val,1,0.400082,0.25,0.15,2966,2578,0.869184,2785,2104,0.755476,19.942,22.2,5.17,0.764596,10875,2581,8294,0.237333,99.528,18.6166,18,83.3333,35.592
TR-GAT,trgat,123,41,600,10,1,10,val,1,0.41932,0.25,0.15,2966,2496,0.841537,2785,1973,0.708438,18.9583,21.4,4,0.733259,9597,2505,7092,0.261019,85.104,17.7351,16,83.3333,35.592
TR-GAT,trgat,123,41,600,10,1,10,val,1,0.437088,0.25,0.15,2966,2401,0.809508,2785,1803,0.647397,17.8169,20.4,3.2,0.696879,8405,2406,5999,0.286258,71.988,16.9292,15,83.3333,35.592
TR-GAT,trgat,123,41,600,10,1,10,val,1,0.454655,0.25,0.15,2966,2309,0.77849,2785,1646,0.591023,16.6824,19.4,2.38,0.660951,7245,2317,4928,0.319807,59.136,16.3145,15,83.3333,35.592
TR-GAT,trgat,123,41,600,10,1,10,val,1,0.472321,0.25,0.15,2966,2217,0.747471,2785,1460,0.524237,15.4423,17.9,1.8,0.621233,6194,2221,3973,0.358573,47.676,15.6043,14,83.3333,35.592
TR-GAT,trgat,123,41,600,10,1,10,val,1,0.486466,0.25,0.15,2966,2122,0.715442,2785,1316,0.472531,14.5678,15.45,1.51,0.595278,5449,2126,3323,0.390163,39.876,15.1544,13,83.3333,35.592
TR-GAT,trgat,123,41,600,10,1,10,val,1,0.490792,0.25,0.15,2966,2092,0.705327,2785,1273,0.457092,14.2627,14.4,1.4,0.586134,5235,2095,3140,0.400191,37.68,14.9885,13,83.3333,35.592
TR-GAT,trgat,123,41,600,10,1,10,val,1,0.510125,0.25,0.15,2966,1942,0.654754,2785,1087,0.390305,13.2004,11.6,1,0.555478,4389,1944,2445,0.442925,29.34,14.3718,12,83.3333,35.592
TR-GAT,trgat,123,41,600,10,1,10,val,1,0.530847,0.25,0.15,2966,1762,0.594066,2785,929,0.333573,12.4469,10.6,0.8,0.537376,3574,1766,1808,0.494124,21.696,13.5603,11,83.3333,35.592
TR-GAT,trgat,123,41,600,10,1,10,val,1,0.553189,0.25,0.15,2966,1585,0.53439,2785,782,0.28079,11.6085,9.7,0.7,0.5139,2864,1592,1272,0.555866,15.264,13.1234,11,83.3333,35.592
TR-GAT,trgat,123,41,600,10,1,10,val,1,0.576738,0.25,0.15,2966,1376,0.463924,2785,617,0.221544,10.7702,8.6,0.5,0.495186,2252,1382,870,0.613677,10.44,12.3931,10,83.3333,35.592
TR-GAT,trgat,123,41,600,10,1,10,val,1,0.602532,0.25,0.15,2966,1136,0.383007,2785,487,0.174865,10.2997,8.1,0.5,0.490242,1720,1142,578,0.663953,6.936,11.4585,9,83.3333,35.592
TR-GAT,trgat,123,41,600,10,1,10,val,1,0.629643,0.25,0.15,2966,881,0.297033,2785,329,0.118133,9.34529,6.9,0.4,0.467587,1208,884,324,0.731788,3.888,11.0432,9,83.3333,35.592
TR-GAT,trgat,123,41,600,10,1,10,val,1,0.659042,0.25,0.15,2966,617,0.208024,2785,186,0.0667864,7.96985,5.3,0.4,0.424435,759,619,140,0.815547,1.68,10.2429,8,83.3333,35.592
TR-GAT,trgat,123,41,600,10,1,10,val,1,0.692087,0.25,0.15,2966,317,0.106878,2785,77,0.0276481,6.82587,3.5,0.2,0.411226,377,318,59,0.843501,0.708,9.49153,7,83.3333,35.592
TR-GAT,trgat,123,41,600,10,1,10,val,1,0.743449,0.25,0.15,2966,69,0.0232637,2785,14,0.00502693,5.28116,1.7,0.16,0.396124,77,69,8,0.896104,0.096,6,4.5,83.3333,35.592
TR-GAT,trgat,456,37,600,10,1,10,test,1,0.162301,1,0,3530,3519,0.996884,3389,3376,0.996164,27.3688,29.4,21,0.98865,95576,3760,91816,0.0393404,1101.79,9.25904,3,83.3333,42.36
TR-GAT,trgat,456,37,600,10,1,10,test,1,0.261045,1,0,3530,3497,0.990652,3389,3335,0.984066,26.7914,29.3,18.4,0.968846,59005,4248,54757,0.0719939,657.084,8.5197,3,83.3333,42.36
TR-GAT,trgat,456,37,600,10,1,10,test,1,0.311878,1,0,3530,3470,0.983003,3389,3286,0.969608,26.1325,29.2,16.3,0.946593,48911,4703,44208,0.0961542,530.496,7.69166,3,83.3333,42.36
TR-GAT,trgat,456,37,600,10,1,10,test,1,0.343595,1,0,3530,3431,0.971955,3389,3230,0.953084,25.5585,29.1,14.7,0.927562,44086,5130,38956,0.116363,467.472,7.0259,3,83.3333,42.36
TR-GAT,trgat,456,37,600,10,1,10,test,1,0.36889,1,0,3530,3388,0.959773,3389,3159,0.932133,24.8582,28.5,13,0.904049,40579,5326,35253,0.13125,423.036,6.41466,3,83.3333,42.36
TR-GAT,trgat,456,37,600,10,1,10,test,1,0.390134,1,0,3530,3348,0.948442,3389,3085,0.910298,24.2499,27.7,11.57,0.88368,37962,5572,32390,0.146778,388.68,5.85428,3,83.3333,42.36
TR-GAT,trgat,456,37,600,10,1,10,test,1,0.410051,1,0,3530,3291,0.932295,3389,3002,0.885807,23.611,26.7,10.7,0.862353,35284,5691,29593,0.161291,355.116,5.3439,3,83.3333,42.36
TR-GAT,trgat,456,37,600,10,1,10,test,1,0.428546,1,0,3530,3237,0.916997,3389,2912,0.859251,22.9153,25.4,9.9,0.839302,32647,5836,26811,0.178761,321.732,4.90545,3,83.3333,42.36
TR-GAT,trgat,456,37,600,10,1,10,test,1,0.445982,1,0,3530,3189,0.903399,3389,2816,0.830924,22.1547,24.2,9,0.813866,30221,5968,24253,0.197479,291.036,4.4839,2,83.3333,42.36
TR-GAT,trgat,456,37,600,10,1,10,test,1,0.463541,1,0,3530,3137,0.888669,3389,2695,0.79522,21.3791,23.4,6.9,0.787401,27665,6080,21585,0.219772,259.02,4.08909,2,83.3333,42.36
TR-GAT,trgat,456,37,600,10,1,10,test,1,0.480483,1,0,3530,3069,0.869405,3389,2562,0.755975,20.4622,22.6,5.4,0.75667,24933,6052,18881,0.242731,226.572,3.74954,2,83.3333,42.36
TR-GAT,trgat,456,37,600,10,1,10,test,1,0.492344,1,0,3530,3019,0.855241,3389,2448,0.722337,19.782,22.1,4.4,0.733802,23004,5973,17031,0.25965,204.372,3.53532,2,83.3333,42.36
TR-GAT,trgat,456,37,600,10,1,10,test,1,0.498431,1,0,3530,2997,0.849008,3389,2403,0.709059,19.4117,21.8,4.16,0.72131,22047,5924,16123,0.268699,193.476,3.4225,2,83.3333,42.36
TR-GAT,trgat,456,37,600,10,1,10,test,1,0.516187,1,0,3530,2900,0.82153,3389,2218,0.65447,18.2631,21,3.09,0.683144,19380,5717,13663,0.294995,163.956,3.0961,2,83.3333,42.36
TR-GAT,trgat,456,37,600,10,1,10,test,1,0.534727,1,0,3530,2774,0.785836,3389,1992,0.587784,16.9573,19.9,2.33,0.639192,16597,5480,11117,0.33018,133.404,2.82927,2,83.3333,42.36
TR-GAT,trgat,456,37,600,10,1,10,test,1,0.553854,1,0,3530,2657,0.752691,3389,1746,0.515196,15.6236,17.6,1.9,0.595204,14027,5212,8815,0.371569,105.78,2.58106,1,83.3333,42.36
TR-GAT,trgat,456,37,600,10,1,10,test,1,0.574886,1,0,3530,2499,0.707932,3389,1462,0.431396,14.0845,12,1.5,0.543822,11479,4901,6578,0.426954,78.936,2.37291,1,83.3333,42.36
TR-GAT,trgat,456,37,600,10,1,10,test,1,0.597538,1,0,3530,2328,0.65949,3389,1243,0.366775,12.8016,10.5,1.2,0.499864,9275,4592,4683,0.495094,56.196,2.16677,1,83.3333,42.36
TR-GAT,trgat,456,37,600,10,1,10,test,1,0.622419,1,0,3530,2086,0.590935,3389,982,0.289761,11.4236,9.2,0.75,0.453557,7170,4039,3131,0.563319,37.572,1.94123,1,83.3333,42.36
TR-GAT,trgat,456,37,600,10,1,10,test,1,0.648787,1,0,3530,1778,0.503683,3389,754,0.222485,10.2201,7.6,0.6,0.412862,5236,3332,1904,0.636364,22.848,1.78782,1,83.3333,42.36
TR-GAT,trgat,456,37,600,10,1,10,test,1,0.680385,1,0,3530,1345,0.38102,3389,506,0.149307,9.07777,5.4,0.4,0.368613,3232,2281,951,0.705755,11.412,1.61199,1,83.3333,42.36
TR-GAT,trgat,456,37,600,10,1,10,test,1,0.731391,1,0,3530,537,0.152125,3389,182,0.0537032,8.13613,3.3,0.1,0.323164,986,763,223,0.773834,2.676,1.31839,1,83.3333,42.36
TR-GAT,trgat,456,37,600,10,1,10,val,1,0.162301,1,0,2966,2960,0.997977,2785,2777,0.997127,26.6627,29.4,17.08,0.986565,85311,3195,82116,0.0374512,985.392,8.80649,3,83.3333,35.592
TR-GAT,trgat,456,37,600,10,1,10,val,1,0.261045,1,0,2966,2934,0.989211,2785,2736,0.982406,25.954,29.3,14.5,0.962852,51276,3547,47729,0.0691747,572.748,8.10553,3,83.3333,35.592
TR-GAT,trgat,456,37,600,10,1,10,val,1,0.311878,1,0,2966,2912,0.981794,2785,2686,0.964452,25.2585,29.2,12.1,0.939144,41986,3916,38070,0.0932692,456.84,7.31003,3,83.3333,35.592
TR-GAT,trgat,456,37,600,10,1,10,val,1,0.343595,1,0,2966,2890,0.974376,2785,2636,0.946499,24.6035,28.8,10.99,0.916886,37517,4235,33282,0.112882,399.384,6.67439,3,83.3333,35.592
TR-GAT,trgat,456,37,600,10,1,10,val,1,0.36889,1,0,2966,2862,0.964936,2785,2580,0.926391,23.9691,27.8,10.01,0.895422,34376,4447,29929,0.129364,359.148,6.07598,3,83.3333,35.592
TR-GAT,trgat,456,37,600,10,1,10,val,1,0.390134,1,0,2966,2820,0.950775,2785,2512,0.901975,23.3256,26.7,9.3,0.873805,31832,4646,27186,0.145954,326.232,5.5682,3,83.3333,35.592
TR-GAT,trgat,456,37,600,10,1,10,val,1,0.410051,1,0,2966,2781,0.937626,2785,2440,0.876122,22.5642,25.4,8.4,0.848821,29339,4759,24580,0.162207,294.96,5.09854,3,83.3333,35.592
TR-GAT,trgat,456,37,600,10,1,10,val,1,0.428546,1,0,2966,2741,0.92414,2785,2366,0.849551,21.8455,24.2,7.4,0.825199,26855,4878,21977,0.181642,263.724,4.70824,2,83.3333,35.592
TR-GAT,trgat,456,37,600,10,1,10,val,1,0.445982,1,0,2966,2686,0.905597,2785,2267,0.814004,21.0714,23.3,6.6,0.799385,24604,4908,19696,0.19948,236.352,4.3358,2,83.3333,35.592
TR-GAT,trgat,456,37,600,10,1,10,val,1,0.463541,1,0,2966,2633,0.887728,2785,2177,0.781688,20.2708,22.6,5.4,0.773078,22185,4859,17326,0.219022,207.912,3.99036,2,83.3333,35.592
TR-GAT,trgat,456,37,600,10,1,10,val,1,0.480483,1,0,2966,2571,0.866824,2785,2060,0.739677,19.3505,21.9,4.4,0.742542,19959,4811,15148,0.241044,181.776,3.67283,2,83.3333,35.592
TR-GAT,trgat,456,37,600,10,1,10,val,1,0.492344,1,0,2966,2531,0.853338,2785,1974,0.708797,18.6426,21.4,3.8,0.718615,18435,4744,13691,0.257337,164.292,3.45336,2,83.3333,35.592
TR-GAT,trgat,456,37,600,10,1,10,val,1,0.498431,1,0,2966,2502,0.84356,2785,1916,0.687971,18.2798,21.1,3.6,0.706881,17726,4718,13008,0.266163,156.096,3.34686,2,83.3333,35.592
TR-GAT,trgat,456,37,600,10,1,10,val,1,0.516187,1,0,2966,2422,0.816588,2785,1752,0.629084,17.1873,20.2,2.91,0.67187,15525,4634,10891,0.298486,130.692,3.07318,2,83.3333,35.592
TR-GAT,trgat,456,37,600,10,1,10,val,1,0.534727,1,0,2966,2330,0.78557,2785,1584,0.568761,16.0136,18.35,2.4,0.632843,13404,4510,8894,0.336467,106.728,2.81774,2,83.3333,35.592
TR-GAT,trgat,456,37,600,10,1,10,val,1,0.553854,1,0,2966,2223,0.749494,2785,1379,0.495153,14.6529,13.5,1.8,0.588602,11325,4336,6989,0.38287,83.868,2.60052,1,83.3333,35.592
TR-GAT,trgat,456,37,600,10,1,10,val,1,0.574886,1,0,2966,2098,0.70735,2785,1187,0.426212,13.3596,11.2,1.4,0.543837,9374,4086,5288,0.435886,63.456,2.37613,1,83.3333,35.592
TR-GAT,trgat,456,37,600,10,1,10,val,1,0.597538,1,0,2966,1954,0.6588,2785,997,0.357989,12.1686,10.2,1.1,0.502822,7606,3839,3767,0.504733,45.204,2.21104,1,83.3333,35.592
TR-GAT,trgat,456,37,600,10,1,10,val,1,0.622419,1,0,2966,1791,0.603844,2785,813,0.291921,11.0391,9,0.8,0.459741,6077,3498,2579,0.575613,30.948,1.98178,1,83.3333,35.592
TR-GAT,trgat,456,37,600,10,1,10,val,1,0.648787,1,0,2966,1558,0.525287,2785,629,0.225853,9.84101,7.1,0.5,0.414903,4520,2916,1604,0.645133,19.248,1.78616,1,83.3333,35.592
TR-GAT,trgat,456,37,600,10,1,10,val,1,0.680385,1,0,2966,1220,0.411328,2785,422,0.151526,8.56852,4.6,0.3,0.365017,2911,2076,835,0.713157,10.02,1.54611,1,83.3333,35.592
TR-GAT,trgat,456,37,600,10,1,10,val,1,0.731391,1,0,2966,506,0.1706,2785,140,0.0502693,6.86462,2.25,0.1,0.295267,873,724,149,0.829324,1.788,1.34228,1,83.3333,35.592
TR-GAT,trgat,456,37,600,10,1,10,test,1,0.162301,1,0.15,3530,3524,0.9983,3389,3381,0.997639,27.4369,29.4,21.4,0.990881,51696,3501,48195,0.0677228,578.34,28.2926,28,83.3333,42.36
TR-GAT,trgat,456,37,600,10,1,10,test,1,0.261045,1,0.15,3530,3501,0.991785,3389,3341,0.985837,26.8854,29.4,18.5,0.971973,36255,3538,32717,0.0975865,392.604,19.4661,17,83.3333,42.36
TR-GAT,trgat,456,37,600,10,1,10,test,1,0.311878,1,0.15,3530,3479,0.985552,3389,3296,0.972558,26.2489,29.3,16.7,0.950379,29934,3580,26354,0.119596,316.248,17.5848,15,83.3333,42.36
TR-GAT,trgat,456,37,600,10,1,10,test,1,0.343595,1,0.15,3530,3441,0.974788,3389,3240,0.956034,25.6788,29.2,14.8,0.931451,26449,3578,22871,0.135279,274.452,16.618,14,83.3333,42.36
TR-GAT,trgat,456,37,600,10,1,10,test,1,0.36889,1,0.15,3530,3399,0.96289,3389,3172,0.935969,25.0407,29.1,13.1,0.910019,23905,3569,20336,0.149299,244.032,15.8698,14,83.3333,42.36
TR-GAT,trgat,456,37,600,10,1,10,test,1,0.390134,1,0.15,3530,3363,0.952691,3389,3103,0.915609,24.4512,28.2,11.7,0.890192,22029,3570,18459,0.162059,221.508,15.1393,13,83.3333,42.36
TR-GAT,trgat,456,37,600,10,1,10,test,1,0.410051,1,0.15,3530,3304,0.935977,3389,3017,0.890233,23.8278,27.2,10.8,0.869445,20306,3548,16758,0.174727,201.096,14.447,12,83.3333,42.36
TR-GAT,trgat,456,37,600,10,1,10,test,1,0.428546,1,0.15,3530,3251,0.920963,3389,2927,0.863677,23.1249,25.9,10,0.846121,18717,3520,15197,0.188064,182.364,13.811,11,83.3333,42.36
TR-GAT,trgat,456,37,600,10,1,10,test,1,0.445982,1,0.15,3530,3202,0.907082,3389,2833,0.83594,22.3881,24.5,9,0.821503,17258,3492,13766,0.202341,165.192,13.2058,11,83.3333,42.36
TR-GAT,trgat,456,37,600,10,1,10,test,1,0.463541,1,0.15,3530,3154,0.893484,3389,2715,0.801121,21.6093,23.7,6.9,0.794852,15806,3483,12323,0.220359,147.876,12.5267,10,83.3333,42.36
TR-GAT,trgat,456,37,600,10,1,10,test,1,0.480483,1,0.15,3530,3087,0.874504,3389,2584,0.762467,20.7108,22.7,5.5,0.764736,14394,3429,10965,0.238224,131.58,11.8488,9,83.3333,42.36
TR-GAT,trgat,456,37,600,10,1,10,test,1,0.492344,1,0.15,3530,3037,0.86034,3389,2472,0.729419,20.0462,22.2,4.56,0.742382,13437,3411,10026,0.253851,120.312,11.3327,8,83.3333,42.36
TR-GAT,trgat,456,37,600,10,1,10,test,1,0.498431,1,0.15,3530,3015,0.854108,3389,2427,0.71614,19.6839,21.9,4.2,0.730177,12973,3389,9584,0.261235,115.008,11.0651,8,83.3333,42.36
TR-GAT,trgat,456,37,600,10,1,10,test,1,0.516187,1,0.15,3530,2920,0.827195,3389,2245,0.662437,18.5441,21.2,3.1,0.692229,11510,3306,8204,0.287228,98.448,10.4254,7,83.3333,42.36
TR-GAT,trgat,456,37,600,10,1,10,test,1,0.534727,1,0.15,3530,2794,0.791501,3389,2018,0.595456,17.2332,20.2,2.4,0.648097,10003,3167,6836,0.316605,82.032,9.71387,6,83.3333,42.36
TR-GAT,trgat,456,37,600,10,1,10,test,1,0.553854,1,0.15,3530,2672,0.756941,3389,1768,0.521688,15.9027,18.2,1.9,0.604289,8621,3029,5592,0.351351,67.104,9.0093,6,83.3333,42.36
TR-GAT,trgat,456,37,600,10,1,10,test,1,0.574886,1,0.15,3530,2513,0.711898,3389,1483,0.437592,14.3332,12.3,1.5,0.551873,7181,2838,4343,0.39521,52.116,8.20953,5,83.3333,42.36
TR-GAT,trgat,456,37,600,10,1,10,test,1,0.597538,1,0.15,3530,2340,0.66289,3389,1261,0.372086,13.01,10.6,1.2,0.506582,5814,2623,3191,0.451152,38.292,7.4052,5,83.3333,42.36
TR-GAT,trgat,456,37,600,10,1,10,test,1,0.622419,1,0.15,3530,2095,0.593484,3389,994,0.293302,11.5765,9.3,0.8,0.458428,4574,2347,2227,0.513118,26.724,6.58419,4,83.3333,42.36
TR-GAT,trgat,456,37,600,10,1,10,test,1,0.648787,1,0.15,3530,1785,0.505666,3389,762,0.224845,10.3266,7.7,0.6,0.416173,3385,1989,1396,0.587592,16.752,6.02937,4,83.3333,42.36
TR-GAT,trgat,456,37,600,10,1,10,test,1,0.680385,1,0.15,3530,1347,0.381586,3389,508,0.149897,9.12643,5.4,0.4,0.370159,2222,1474,748,0.663366,8.976,5.46524,4,83.3333,42.36
TR-GAT,trgat,456,37,600,10,1,10,test,1,0.731391,1,0.15,3530,539,0.152691,3389,184,0.0542933,8.21614,3.5,0.1,0.325675,751,570,181,0.758988,2.172,4.67956,3,83.3333,42.36
TR-GAT,trgat,456,37,600,10,1,10,val,1,0.162301,1,0.15,2966,2961,0.998314,2785,2778,0.997487,26.7231,29.4,17.3,0.988586,45738,2947,42791,0.0644322,513.492,27.9957,27,83.3333,35.592
TR-GAT,trgat,456,37,600,10,1,10,val,1,0.261045,1,0.15,2966,2938,0.99056,2785,2740,0.983842,26.04,29.3,14.57,0.965631,31776,2991,28785,0.0941276,345.42,18.5854,16,83.3333,35.592
TR-GAT,trgat,456,37,600,10,1,10,val,1,0.311878,1,0.15,2966,2916,0.983142,2785,2691,0.966248,25.3572,29.2,12.3,0.942364,25822,3016,22806,0.1168,273.672,16.8096,14,83.3333,35.592
TR-GAT,trgat,456,37,600,10,1,10,val,1,0.343595,1,0.15,2966,2896,0.976399,2785,2642,0.948654,24.7251,29.1,11,0.920824,22688,3022,19666,0.133198,235.992,15.8432,13,83.3333,35.592
TR-GAT,trgat,456,37,600,10,1,10,val,1,0.36889,1,0.15,2966,2869,0.967296,2785,2590,0.929982,24.1116,28.2,10.1,0.900041,20481,3010,17471,0.146965,209.652,15.0777,12,83.3333,35.592
TR-GAT,trgat,456,37,600,10,1,10,val,1,0.390134,1,0.15,2966,2826,0.952798,2785,2521,0.905206,23.4769,27.05,9.4,0.87875,18675,2990,15685,0.160107,188.22,14.417,12,83.3333,35.592
TR-GAT,trgat,456,37,600,10,1,10,val,1,0.410051,1,0.15,2966,2793,0.941672,2785,2453,0.88079,22.7486,25.8,8.4,0.854706,17049,2973,14076,0.17438,168.912,13.7455,11,83.3333,35.592
TR-GAT,trgat,456,37,600,10,1,10,val,1,0.428546,1,0.15,2966,2754,0.928523,2785,2380,0.854578,22.0477,24.55,7.5,0.831645,15552,2951,12601,0.189751,151.212,13.1742,10,83.3333,35.592
TR-GAT,trgat,456,37,600,10,1,10,val,1,0.445982,1,0.15,2966,2700,0.910317,2785,2283,0.819749,21.2708,23.4,6.7,0.805682,14243,2927,11316,0.205504,135.792,12.608,10,83.3333,35.592
TR-GAT,trgat,456,37,600,10,1,10,val,1,0.463541,1,0.15,2966,2647,0.892448,2785,2193,0.787433,20.4913,22.8,5.4,0.780075,12987,2900,10087,0.2233,121.044,11.975,9,83.3333,35.592
TR-GAT,trgat,456,37,600,10,1,10,val,1,0.480483,1,0.15,2966,2580,0.869858,2785,2071,0.743627,19.569,22,4.4,0.749639,11848,2863,8985,0.241644,107.82,11.3706,8,83.3333,35.592
TR-GAT,trgat,456,37,600,10,1,10,val,1,0.492344,1,0.15,2966,2540,0.856372,2785,1986,0.713106,18.8686,21.5,3.9,0.725961,10999,2826,8173,0.256932,98.076,10.938,8,83.3333,35.592
TR-GAT,trgat,456,37,600,10,1,10,val,1,0.498431,1,0.15,2966,2512,0.846932,2785,1928,0.69228,18.5094,21.2,3.7,0.714318,10596,2795,7801,0.263779,93.612,10.685,7,83.3333,35.592
TR-GAT,trgat,456,37,600,10,1,10,val,1,0.516187,1,0.15,2966,2431,0.819622,2785,1763,0.633034,17.3991,20.4,3,0.678713,9302,2705,6597,0.290798,79.164,10.0715,7,83.3333,35.592
TR-GAT,trgat,456,37,600,10,1,10,val,1,0.534727,1,0.15,2966,2340,0.788941,2785,1594,0.572352,16.2073,18.8,2.4,0.639018,8092,2613,5479,0.322912,65.748,9.46468,6,83.3333,35.592
TR-GAT,trgat,456,37,600,10,1,10,val,1,0.553854,1,0.15,2966,2229,0.751517,2785,1386,0.497666,14.8202,14.1,1.8,0.594015,6922,2487,4435,0.359289,53.22,8.78715,6,83.3333,35.592
TR-GAT,trgat,456,37,600,10,1,10,val,1,0.574886,1,0.15,2966,2103,0.709036,2785,1192,0.428007,13.4935,11.2,1.4,0.548165,5800,2337,3463,0.402931,41.556,8.11291,5,83.3333,35.592
TR-GAT,trgat,456,37,600,10,1,10,val,1,0.597538,1,0.15,2966,1959,0.660486,2785,1006,0.361221,12.3145,10.2,1.1,0.507537,4743,2177,2566,0.458992,30.792,7.50663,5,83.3333,35.592
TR-GAT,trgat,456,37,600,10,1,10,val,1,0.622419,1,0.15,2966,1794,0.604855,2785,818,0.293716,11.1425,9.1,0.8,0.463109,3799,1997,1802,0.525665,21.624,6.75916,4,83.3333,35.592
TR-GAT,trgat,456,37,600,10,1,10,val,1,0.648787,1,0.15,2966,1560,0.525961,2785,631,0.226571,9.87865,7.1,0.5,0.416092,2909,1738,1171,0.597456,14.052,6.06405,4,83.3333,35.592
TR-GAT,trgat,456,37,600,10,1,10,val,1,0.680385,1,0.15,2966,1222,0.412003,2785,424,0.152244,8.61686,4.65,0.3,0.366562,1973,1349,624,0.68373,7.488,5.42628,3.5,83.3333,35.592
TR-GAT,trgat,456,37,600,10,1,10,val,1,0.731391,1,0.15,2966,506,0.1706,2785,140,0.0502693,6.86462,2.25,0.1,0.295267,659,532,127,0.807284,1.524,5.50394,4,83.3333,35.592
TR-GAT,trgat,456,37,600,10,1,10,test,1,0.162301,0.5,0,3530,3518,0.996601,3389,3375,0.995869,27.3319,29.4,20.87,0.987383,61221,3593,57628,0.058689,691.536,14.4214,8,83.3333,42.36
TR-GAT,trgat,456,37,600,10,1,10,test,1,0.261045,0.5,0,3530,3490,0.988669,3389,3321,0.979935,26.5839,29.3,18,0.961711,38986,3802,35184,0.0975222,422.208,12.8165,8,83.3333,42.36
TR-GAT,trgat,456,37,600,10,1,10,test,1,0.311878,0.5,0,3530,3437,0.973654,3389,3240,0.956034,25.7149,29.1,15.3,0.932832,32232,3996,28236,0.123976,338.832,11.5459,7,83.3333,42.36
TR-GAT,trgat,456,37,600,10,1,10,test,1,0.343595,0.5,0,3530,3389,0.960057,3389,3159,0.932133,24.8843,28.5,13,0.905042,29010,4184,24826,0.144226,297.912,10.5031,6,83.3333,42.36
TR-GAT,trgat,456,37,600,10,1,10,test,1,0.36889,0.5,0,3530,3330,0.943343,3389,3063,0.903806,24.1176,27.4,11.4,0.879411,26833,4332,22501,0.161443,270.012,9.51273,6,83.3333,42.36
TR-GAT,trgat,456,37,600,10,1,10,test,1,0.390134,0.5,0,3530,3268,0.925779,3389,2958,0.872824,23.3486,26.25,10.3,0.854187,24862,4386,20476,0.176414,245.712,8.67743,5,83.3333,42.36
TR-GAT,trgat,456,37,600,10,1,10,test,1,0.410051,0.5,0,3530,3207,0.908499,3389,2856,0.842726,22.6089,25.1,9.4,0.829457,23039,4530,18509,0.196623,222.108,7.939,5,83.3333,42.36
TR-GAT,trgat,456,37,600,10,1,10,test,1,0.428546,0.5,0,3530,3152,0.892918,3389,2748,0.810859,21.7946,23.85,8.2,0.802316,21239,4571,16668,0.215217,200.016,7.23668,4,83.3333,42.36
TR-GAT,trgat,456,37,600,10,1,10,test,1,0.445982,0.5,0,3530,3097,0.877337,3389,2631,0.776335,20.9261,22.9,6.5,0.773148,19346,4604,14742,0.237982,176.904,6.65446,4,83.3333,42.36
TR-GAT,trgat,456,37,600,10,1,10,test,1,0.463541,0.5,0,3530,3019,0.855241,3389,2476,0.730599,19.9801,22.1,4.8,0.74129,17239,4550,12689,0.263936,152.268,6.15959,4,83.3333,42.36
TR-GAT,trgat,456,37,600,10,1,10,test,1,0.480483,0.5,0,3530,2922,0.827762,3389,2302,0.679256,18.8731,21.3,3.4,0.704677,15211,4396,10815,0.289001,129.78,5.70337,4,83.3333,42.36
TR-GAT,trgat,456,37,600,10,1,10,test,1,0.492344,0.5,0,3530,2847,0.806516,3389,2155,0.635881,17.9988,20.7,2.7,0.675481,13891,4285,9606,0.308473,115.272,5.36977,3,83.3333,42.36
TR-GAT,trgat,456,37,600,10,1,10,test,1,0.498431,0.5,0,3530,2810,0.796034,3389,2079,0.613455,17.5594,20.4,2.4,0.660763,13194,4218,8976,0.319691,107.712,5.22181,3,83.3333,42.36
TR-GAT,trgat,456,37,600,10,1,10,test,1,0.516187,0.5,0,3530,2674,0.757507,3389,1824,0.538212,16.2516,19.3,1.8,0.618358,11167,3976,7191,0.356049,86.292,4.82562,3,83.3333,42.36
TR-GAT,trgat,456,37,600,10,1,10,test,1,0.534727,0.5,0,3530,2511,0.711331,3389,1579,0.465919,14.9785,16.4,1.3,0.576649,9368,3737,5631,0.398911,67.572,4.41627,3,83.3333,42.36
TR-GAT,trgat,456,37,600,10,1,10,test,1,0.553854,0.5,0,3530,2327,0.659207,3389,1342,0.395987,13.6767,11.8,1.1,0.535251,7537,3424,4113,0.454292,49.356,4.1415,3,83.3333,42.36
TR-GAT,trgat,456,37,600,10,1,10,test,1,0.574886,0.5,0,3530,2119,0.600283,3389,1113,0.328415,12.5244,10.4,0.9,0.497797,5982,3090,2892,0.51655,34.704,3.81777,2,83.3333,42.36
TR-GAT,trgat,456,37,600,10,1,10,test,1,0.597538,0.5,0,3530,1878,0.532011,3389,888,0.262024,11.3833,9.3,0.6,0.460476,4658,2734,1924,0.586947,23.088,3.52027,2,83.3333,42.36
TR-GAT,trgat,456,37,600,10,1,10,test,1,0.622419,0.5,0,3530,1574,0.445892,3389,666,0.196518,10.2901,8.1,0.5,0.42679,3450,2313,1137,0.670435,13.644,3.21812,2,83.3333,42.36
TR-GAT,trgat,456,37,600,10,1,10,test,1,0.648787,0.5,0,3530,1177,0.333428,3389,463,0.136618,9.6288,7.5,0.4,0.407563,2305,1669,636,0.724078,7.632,2.78302,2,83.3333,42.36
TR-GAT,trgat,456,37,600,10,1,10,test,1,0.680385,0.5,0,3530,688,0.194901,3389,250,0.0737681,9.08372,6.9,0.3,0.393967,1225,961,264,0.78449,3.168,2.61364,2,83.3333,42.36
TR-GAT,trgat,456,37,600,10,1,10,test,1,0.731391,0.5,0,3530,177,0.0501416,3389,62,0.0182945,8.25424,4.5,0.1,0.343806,277,236,41,0.851986,0.492,1.85366,1,83.3333,42.36
TR-GAT,trgat,456,37,600,10,1,10,val,1,0.162301,0.5,0,2966,2959,0.99764,2785,2775,0.996409,26.6131,29.4,16.8,0.984786,54266,3045,51221,0.0561125,614.652,13.7893,8,83.3333,35.592
TR-GAT,trgat,456,37,600,10,1,10,val,1,0.261045,0.5,0,2966,2927,0.986851,2785,2723,0.977738,25.7106,29.2,13.7,0.954596,33529,3200,30329,0.0954398,363.948,12.3076,8,83.3333,35.592
TR-GAT,trgat,456,37,600,10,1,10,val,1,0.311878,0.5,0,2966,2896,0.976399,2785,2647,0.950449,24.7854,29,11.3,0.923164,27546,3330,24216,0.120889,290.592,10.9956,7,83.3333,35.592
TR-GAT,trgat,456,37,600,10,1,10,val,1,0.343595,0.5,0,2966,2854,0.962239,2785,2574,0.924237,23.9783,27.8,10.1,0.896313,24644,3507,21137,0.142306,253.644,9.97228,6,83.3333,35.592
TR-GAT,trgat,456,37,600,10,1,10,val,1,0.36889,0.5,0,2966,2819,0.950438,2785,2499,0.897307,23.1389,26.4,9,0.867775,22448,3637,18811,0.162019,225.732,9.09441,6,83.3333,35.592
TR-GAT,trgat,456,37,600,10,1,10,val,1,0.390134,0.5,0,2966,2774,0.935266,2785,2414,0.866786,22.3469,25.2,7.73,0.841088,20629,3708,16921,0.179747,203.052,8.34702,5,83.3333,35.592
TR-GAT,trgat,456,37,600,10,1,10,val,1,0.410051,0.5,0,2966,2714,0.915037,2785,2298,0.825135,21.4378,23.8,6.8,0.811422,18899,3747,15152,0.198264,181.824,7.64249,5,83.3333,35.592
TR-GAT,trgat,456,37,600,10,1,10,val,1,0.428546,0.5,0,2966,2652,0.894134,2785,2207,0.79246,20.6757,23,5.8,0.786999,17094,3761,13333,0.220019,159.996,7.0885,4,83.3333,35.592
TR-GAT,trgat,456,37,600,10,1,10,val,1,0.445982,0.5,0,2966,2593,0.874241,2785,2118,0.760503,19.8461,22.2,4.7,0.75938,15507,3752,11755,0.241955,141.06,6.53841,4,83.3333,35.592
TR-GAT,trgat,456,37,600,10,1,10,val,1,0.463541,0.5,0,2966,2517,0.848618,2785,1967,0.706284,18.7893,21.3,3.6,0.724657,13770,3640,10130,0.264343,121.56,6.0306,4,83.3333,35.592
TR-GAT,trgat,456,37,600,10,1,10,val,1,0.480483,0.5,0,2966,2432,0.81996,2785,1812,0.650628,17.7382,20.8,3,0.690911,12013,3519,8494,0.292933,101.928,5.65599,3,83.3333,35.592
TR-GAT,trgat,456,37,600,10,1,10,val,1,0.492344,0.5,0,2966,2372,0.79973,2785,1695,0.608618,16.9886,20.2,2.6,0.666786,10912,3445,7467,0.315707,89.604,5.3869,3,83.3333,35.592
TR-GAT,trgat,456,37,600,10,1,10,val,1,0.498431,0.5,0,2966,2344,0.79029,2785,1639,0.58851,16.561,19.7,2.4,0.65283,10351,3372,6979,0.325766,83.748,5.24631,3,83.3333,35.592
TR-GAT,trgat,456,37,600,10,1,10,val,1,0.516187,0.5,0,2966,2226,0.750506,2785,1447,0.519569,15.2765,17.15,1.8,0.612314,8855,3177,5678,0.35878,68.136,4.84185,3,83.3333,35.592
TR-GAT,trgat,456,37,600,10,1,10,val,1,0.534727,0.5,0,2966,2119,0.71443,2785,1259,0.452065,14.0082,12.6,1.3,0.570641,7426,3038,4388,0.409103,52.656,4.5,3,83.3333,35.592
TR-GAT,trgat,456,37,600,10,1,10,val,1,0.553854,0.5,0,2966,1976,0.666217,2785,1076,0.386355,12.8946,11,0.9,0.535848,6178,2867,3311,0.464066,39.732,4.18574,3,83.3333,35.592
TR-GAT,trgat,456,37,600,10,1,10,val,1,0.574886,0.5,0,2966,1814,0.611598,2785,891,0.319928,11.7625,9.7,0.7,0.498736,5007,2640,2367,0.527262,28.404,3.8458,2,83.3333,35.592
TR-GAT,trgat,456,37,600,10,1,10,val,1,0.597538,0.5,0,2966,1603,0.540459,2785,720,0.258528,10.8615,9,0.5,0.470277,3943,2382,1561,0.604109,18.732,3.60794,2,83.3333,35.592
TR-GAT,trgat,456,37,600,10,1,10,val,1,0.622419,0.5,0,2966,1367,0.46089,2785,564,0.202513,10.0514,8,0.4,0.440304,2953,2014,939,0.682018,11.268,3.29819,2,83.3333,35.592
TR-GAT,trgat,456,37,600,10,1,10,val,1,0.648787,0.5,0,2966,1063,0.358395,2785,387,0.138959,9.01994,5.7,0.3,0.402844,2044,1529,515,0.748043,6.18,2.97476,2,83.3333,35.592
TR-GAT,trgat,456,37,600,10,1,10,val,1,0.680385,0.5,0,2966,668,0.225219,2785,206,0.0739677,7.78338,3.5,0.1,0.357128,1109,899,210,0.81064,2.52,2.55238,2,83.3333,35.592
TR-GAT,trgat,456,37,600,10,1,10,val,1,0.731391,0.5,0,2966,184,0.0620364,2785,54,0.0193896,7.44076,4,0.13,0.35526,264,231,33,0.875,0.396,1.69697,1,83.3333,35.592
TR-GAT,trgat,456,37,600,10,1,10,test,1,0.162301,0.5,0.15,3530,3523,0.998017,3389,3380,0.997344,27.385,29.4,21.04,0.989109,41772,3499,38273,0.0837642,459.276,33.6282,34,83.3333,42.36
TR-GAT,trgat,456,37,600,10,1,10,test,1,0.261045,0.5,0.15,3530,3497,0.990652,3389,3330,0.982591,26.6634,29.3,18.2,0.964289,28687,3488,25199,0.121588,302.388,24.0914,23,83.3333,42.36
TR-GAT,trgat,456,37,600,10,1,10,test,1,0.311878,0.5,0.15,3530,3445,0.975921,3389,3248,0.958395,25.7963,29.2,15.34,0.935445,23718,3448,20270,0.145375,243.24,21.4711,21,83.3333,42.36
TR-GAT,trgat,456,37,600,10,1,10,test,1,0.343595,0.5,0.15,3530,3400,0.963173,3389,3170,0.935379,24.9862,28.8,13.09,0.908279,20921,3414,17507,0.163185,210.084,20.1314,19,83.3333,42.36
TR-GAT,trgat,456,37,600,10,1,10,test,1,0.36889,0.5,0.15,3530,3344,0.947309,3389,3078,0.908233,24.2717,27.8,11.5,0.884347,18847,3374,15473,0.179021,185.676,19.1171,18,83.3333,42.36
TR-GAT,trgat,456,37,600,10,1,10,test,1,0.390134,0.5,0.15,3530,3282,0.929745,3389,2974,0.877545,23.528,26.6,10.4,0.859962,17237,3327,13910,0.193015,166.92,18.1976,17,83.3333,42.36
TR-GAT,trgat,456,37,600,10,1,10,test,1,0.410051,0.5,0.15,3530,3226,0.913881,3389,2877,0.848923,22.8048,25.4,9.45,0.835701,15770,3288,12482,0.208497,149.784,17.3781,16,83.3333,42.36
TR-GAT,trgat,456,37,600,10,1,10,test,1,0.428546,0.5,0.15,3530,3171,0.8983,3389,2770,0.81735,21.9945,24.2,8.2,0.808695,14314,3227,11087,0.225444,133.044,16.7245,15,83.3333,42.36
TR-GAT,trgat,456,37,600,10,1,10,test,1,0.445982,0.5,0.15,3530,3115,0.882436,3389,2653,0.782827,21.1345,23.1,6.6,0.779824,13009,3198,9811,0.24583,117.732,15.9628,14,83.3333,42.36
TR-GAT,trgat,456,37,600,10,1,10,test,1,0.463541,0.5,0.15,3530,3039,0.860907,3389,2501,0.737976,20.1882,22.3,4.8,0.747908,11639,3129,8510,0.268838,102.12,15.2713,14,83.3333,42.36
TR-GAT,trgat,456,37,600,10,1,10,test,1,0.480483,0.5,0.15,3530,2942,0.833428,3389,2327,0.686633,19.0853,21.5,3.5,0.711403,10351,3037,7314,0.293402,87.768,14.64,13,83.3333,42.36
TR-GAT,trgat,456,37,600,10,1,10,test,1,0.492344,0.5,0.15,3530,2864,0.811331,3389,2178,0.642667,18.2264,20.8,2.7,0.682791,9486,2960,6526,0.312039,78.312,14.1678,12,83.3333,42.36
TR-GAT,trgat,456,37,600,10,1,10,test,1,0.498431,0.5,0.15,3530,2826,0.800567,3389,2102,0.620242,17.8017,20.6,2.4,0.668591,9046,2924,6122,0.323237,73.464,13.9494,12,83.3333,42.36
TR-GAT,trgat,456,37,600,10,1,10,test,1,0.516187,0.5,0.15,3530,2693,0.76289,3389,1850,0.545884,16.491,19.5,1.9,0.625982,7742,2784,4958,0.359597,59.496,13.307,11,83.3333,42.36
TR-GAT,trgat,456,37,600,10,1,10,test,1,0.534727,0.5,0.15,3530,2531,0.716997,3389,1606,0.473886,15.261,17.2,1.4,0.585651,6517,2616,3901,0.401412,46.812,12.648,11,83.3333,42.36
TR-GAT,trgat,456,37,600,10,1,10,test,1,0.553854,0.5,0.15,3530,2343,0.663739,3389,1366,0.403069,13.942,12.3,1.1,0.543743,5354,2418,2936,0.451625,35.232,12.0065,10,83.3333,42.36
TR-GAT,trgat,456,37,600,10,1,10,test,1,0.574886,0.5,0.15,3530,2132,0.603966,3389,1133,0.334317,12.7576,10.5,0.9,0.505248,4310,2191,2119,0.508353,25.428,11.243,9,83.3333,42.36
TR-GAT,trgat,456,37,600,10,1,10,test,1,0.597538,0.5,0.15,3530,1889,0.535127,3389,902,0.266155,11.558,9.4,0.7,0.465937,3398,1940,1458,0.570924,17.496,10.3422,8,83.3333,42.36
TR-GAT,trgat,456,37,600,10,1,10,test,1,0.622419,0.5,0.15,3530,1581,0.447875,3389,674,0.198879,10.4003,8.2,0.5,0.430172,2491,1623,868,0.651546,10.416,9.95276,7,83.3333,42.36
TR-GAT,trgat,456,37,600,10,1,10,test,1,0.648787,0.5,0.15,3530,1182,0.334844,3389,468,0.138094,9.71311,7.6,0.4,0.410069,1689,1210,479,0.7164,5.748,9.72443,7,83.3333,42.36
TR-GAT,trgat,456,37,600,10,1,10,test,1,0.680385,0.5,0.15,3530,691,0.195751,3389,253,0.0746533,9.1741,6.9,0.3,0.396598,903,701,202,0.776301,2.424,9.71287,7,83.3333,42.36
TR-GAT,trgat,456,37,600,10,1,10,test,1,0.731391,0.5,0.15,3530,178,0.0504249,3389,63,0.0185896,8.37472,4.5,0.1,0.347493,211,181,30,0.85782,0.36,9.93333,7.5,83.3333,42.36
TR-GAT,trgat,456,37,600,10,1,10,val,1,0.162301,0.5,0.15,2966,2960,0.997977,2785,2776,0.996768,26.6654,29.4,16.89,0.986534,36748,2945,33803,0.0801404,405.636,33.4479,34,83.3333,35.592
TR-GAT,trgat,456,37,600,10,1,10,val,1,0.261045,0.5,0.15,2966,2932,0.988537,2785,2728,0.979533,25.8041,29.3,13.9,0.957604,24789,2931,21858,0.118238,262.296,23.3385,22,83.3333,35.592
TR-GAT,trgat,456,37,600,10,1,10,val,1,0.311878,0.5,0.15,2966,2900,0.977748,2785,2653,0.952603,24.8924,29.1,11.39,0.926669,20298,2908,17390,0.143265,208.68,20.6694,20,83.3333,35.592
TR-GAT,trgat,456,37,600,10,1,10,val,1,0.343595,0.5,0.15,2966,2860,0.964262,2785,2583,0.927469,24.0867,28,10.2,0.899807,17885,2879,15006,0.160973,180.072,19.2364,18,83.3333,35.592
TR-GAT,trgat,456,37,600,10,1,10,val,1,0.36889,0.5,0.15,2966,2823,0.951787,2785,2505,0.899461,23.2328,26.6,9,0.87083,16052,2852,13200,0.177673,158.4,18.1614,17,83.3333,35.592
TR-GAT,trgat,456,37,600,10,1,10,val,1,0.390134,0.5,0.15,2966,2778,0.936615,2785,2419,0.868582,22.4619,25.3,7.87,0.844862,14457,2812,11645,0.194508,139.74,17.4554,16,83.3333,35.592
TR-GAT,trgat,456,37,600,10,1,10,val,1,0.410051,0.5,0.15,2966,2723,0.918071,2785,2309,0.829084,21.5908,24.1,6.8,0.81632,13097,2772,10325,0.211652,123.9,16.7123,15,83.3333,35.592
TR-GAT,trgat,456,37,600,10,1,10,val,1,0.428546,0.5,0.15,2966,2660,0.896831,2785,2217,0.79605,20.8363,23.2,5.8,0.792178,11769,2713,9056,0.230521,108.672,16.0944,14,83.3333,35.592
TR-GAT,trgat,456,37,600,10,1,10,val,1,0.445982,0.5,0.15,2966,2602,0.877276,2785,2128,0.764093,19.9999,22.3,4.71,0.764268,10637,2654,7983,0.249506,95.796,15.4771,14,83.3333,35.592
TR-GAT,trgat,456,37,600,10,1,10,val,1,0.463541,0.5,0.15,2966,2530,0.853001,2785,1981,0.711311,18.9461,21.45,3.6,0.729502,9504,2593,6911,0.272832,82.932,14.856,13,83.3333,35.592
TR-GAT,trgat,456,37,600,10,1,10,val,1,0.480483,0.5,0.15,2966,2444,0.824005,2785,1825,0.655296,17.9025,20.9,3.03,0.69602,8345,2502,5843,0.29982,70.116,14.2841,12,83.3333,35.592
TR-GAT,trgat,456,37,600,10,1,10,val,1,0.492344,0.5,0.15,2966,2384,0.803776,2785,1709,0.613645,17.174,20.2,2.6,0.672594,7598,2452,5146,0.322717,61.752,13.8424,12,83.3333,35.592
TR-GAT,trgat,456,37,600,10,1,10,val,1,0.498431,0.5,0.15,2966,2356,0.794336,2785,1653,0.593537,16.7373,19.9,2.5,0.658323,7254,2432,4822,0.335263,57.864,13.5935,12,83.3333,35.592
TR-GAT,trgat,456,37,600,10,1,10,val,1,0.516187,0.5,0.15,2966,2239,0.754889,2785,1462,0.524955,15.4661,17.6,1.8,0.618185,6211,2296,3915,0.369667,46.98,13.0807,11,83.3333,35.592
TR-GAT,trgat,456,37,600,10,1,10,val,1,0.534727,0.5,0.15,2966,2130,0.718139,2785,1273,0.457092,14.1839,13.15,1.3,0.576085,5242,2184,3058,0.416635,36.696,12.4634,10,83.3333,35.592
TR-GAT,trgat,456,37,600,10,1,10,val,1,0.553854,0.5,0.15,2966,1986,0.669589,2785,1088,0.390664,13.05,11.2,0.9,0.54061,4388,2028,2360,0.46217,28.32,11.7593,9,83.3333,35.592
TR-GAT,trgat,456,37,600,10,1,10,val,1,0.574886,0.5,0.15,2966,1822,0.614295,2785,901,0.323519,11.9209,9.8,0.7,0.503678,3607,1871,1736,0.518714,20.832,11.0801,8,83.3333,35.592
TR-GAT,trgat,456,37,600,10,1,10,val,1,0.597538,0.5,0.15,2966,1607,0.541807,2785,725,0.260323,10.9582,9,0.5,0.473313,2835,1650,1185,0.582011,14.22,10.3899,7,83.3333,35.592
TR-GAT,trgat,456,37,600,10,1,10,val,1,0.622419,0.5,0.15,2966,1372,0.462576,2785,569,0.204309,10.1335,8,0.4,0.442742,2133,1412,721,0.661978,8.652,9.8835,7,83.3333,35.592
TR-GAT,trgat,456,37,600,10,1,10,val,1,0.648787,0.5,0.15,2966,1064,0.358732,2785,388,0.139318,9.06335,5.7,0.3,0.404242,1486,1085,401,0.730148,4.812,9.43392,7,83.3333,35.592
TR-GAT,trgat,456,37,600,10,1,10,val,1,0.680385,0.5,0.15,2966,670,0.225893,2785,208,0.0746858,7.84716,3.5,0.1,0.359047,845,680,165,0.804734,1.98,9.49091,8,83.3333,35.592
TR-GAT,trgat,456,37,600,10,1,10,val,1,0.731391,0.5,0.15,2966,184,0.0620364,2785,54,0.0193896,7.44076,4,0.13,0.35526,211,184,27,0.872038,0.324,9.37037,7,83.3333,35.592
TR-GAT,trgat,456,37,600,10,1,10,test,1,0.162301,0.25,0,3530,3514,0.995467,3389,3370,0.994394,27.2472,29.4,20.5,0.984564,46431,3534,42897,0.0761129,514.764,18.9034,16,83.3333,42.36
TR-GAT,trgat,456,37,600,10,1,10,test,1,0.261045,0.25,0,3530,3459,0.979887,3389,3282,0.968427,26.0676,29.1,16.7,0.944637,29686,3580,26106,0.120596,313.272,16.384,14,83.3333,42.36
TR-GAT,trgat,456,37,600,10,1,10,test,1,0.311878,0.25,0,3530,3373,0.955524,3389,3154,0.930658,24.7566,27.8,13.7,0.901232,24095,3610,20485,0.149824,245.82,14.7642,12,83.3333,42.36
TR-GAT,trgat,456,37,600,10,1,10,test,1,0.343595,0.25,0,3530,3296,0.933711,3389,3020,0.891118,23.706,26.4,11.15,0.86647,21337,3645,17692,0.17083,212.304,13.4932,11,83.3333,42.36
TR-GAT,trgat,456,37,600,10,1,10,test,1,0.36889,0.25,0,3530,3221,0.912465,3389,2895,0.854234,22.7265,25.1,9.9,0.834138,19302,3672,15630,0.190239,187.56,12.3741,9,83.3333,42.36
TR-GAT,trgat,456,37,600,10,1,10,test,1,0.390134,0.25,0,3530,3157,0.894334,3389,2778,0.819711,21.8117,23.9,8.6,0.803816,17664,3720,13944,0.210598,167.328,11.3397,8,83.3333,42.36
TR-GAT,trgat,456,37,600,10,1,10,test,1,0.410051,0.25,0,3530,3078,0.871955,3389,2625,0.774565,20.8197,22.9,7.07,0.77053,15962,3705,12257,0.232114,147.084,10.4438,7,83.3333,42.36
TR-GAT,trgat,456,37,600,10,1,10,test,1,0.428546,0.25,0,3530,2995,0.848442,3389,2477,0.730894,19.7819,21.9,5.1,0.736357,14336,3698,10638,0.257952,127.656,9.63912,6,83.3333,42.36
TR-GAT,trgat,456,37,600,10,1,10,test,1,0.445982,0.25,0,3530,2897,0.82068,3389,2290,0.675716,18.599,21,3.5,0.697274,12660,3586,9074,0.283254,108.888,8.98578,6,83.3333,42.36
TR-GAT,trgat,456,37,600,10,1,10,test,1,0.463541,0.25,0,3530,2763,0.78272,3389,2059,0.607554,17.4974,20.2,2.5,0.661136,11047,3446,7601,0.31194,91.212,8.34048,5,83.3333,42.36
TR-GAT,trgat,456,37,600,10,1,10,test,1,0.480483,0.25,0,3530,2613,0.740227,3389,1827,0.539097,16.305,19.1,2.02,0.62297,9388,3218,6170,0.342778,74.04,7.87536,5,83.3333,42.36
TR-GAT,trgat,456,37,600,10,1,10,test,1,0.492344,0.25,0,3530,2496,0.707082,3389,1657,0.488935,15.5098,18.15,1.6,0.598077,8335,3064,5271,0.367606,63.252,7.55132,5,83.3333,42.36
TR-GAT,trgat,456,37,600,10,1,10,test,1,0.498431,0.25,0,3530,2433,0.689235,3389,1572,0.463854,15.131,17.3,1.5,0.586592,7861,2974,4887,0.378323,58.644,7.31389,5,83.3333,42.36
TR-GAT,trgat,456,37,600,10,1,10,test,1,0.516187,0.25,0,3530,2279,0.645609,3389,1364,0.402479,14.0072,14.3,1.1,0.551694,6572,2822,3750,0.429397,45,6.77013,4,83.3333,42.36
TR-GAT,trgat,456,37,600,10,1,10,test,1,0.534727,0.25,0,3530,2091,0.592351,3389,1162,0.342874,12.9327,11.3,0.9,0.518069,5344,2559,2785,0.478855,33.42,6.23627,4,83.3333,42.36
TR-GAT,trgat,456,37,600,10,1,10,test,1,0.553854,0.25,0,3530,1839,0.520963,3389,944,0.278548,12.0873,10.2,0.8,0.494516,4229,2261,1968,0.534642,23.616,5.82266,4,83.3333,42.36
TR-GAT,trgat,456,37,600,10,1,10,test,1,0.574886,0.25,0,3530,1579,0.447309,3389,743,0.219239,11.2371,9.4,0.7,0.473219,3258,1948,1310,0.597913,15.72,5.35878,4,83.3333,42.36
TR-GAT,trgat,456,37,600,10,1,10,test,1,0.597538,0.25,0,3530,1283,0.363456,3389,553,0.163175,10.4738,8.6,0.6,0.455154,2358,1596,762,0.676845,9.144,5.26115,4,83.3333,42.36
TR-GAT,trgat,456,37,600,10,1,10,test,1,0.622419,0.25,0,3530,957,0.271105,3389,386,0.113898,9.92905,8.1,0.5,0.449848,1627,1196,431,0.735095,5.172,4.7239,3,83.3333,42.36
TR-GAT,trgat,456,37,600,10,1,10,test,1,0.648787,0.25,0,3530,613,0.173654,3389,243,0.0717026,9.59739,7.7,0.4,0.45781,988,780,208,0.789474,2.496,4.31731,3,83.3333,42.36
TR-GAT,trgat,456,37,600,10,1,10,test,1,0.680385,0.25,0,3530,315,0.0892351,3389,114,0.0336382,8.97048,6.3,0.34,0.454782,476,392,84,0.823529,1.008,3.41667,3,83.3333,42.36
TR-GAT,trgat,456,37,600,10,1,10,test,1,0.731391,0.25,0,3530,57,0.0161473,3389,16,0.00472116,7.40351,4.4,0.16,0.393946,76,70,6,0.921053,0.072,3.5,2,83.3333,42.36
TR-GAT,trgat,456,37,600,10,1,10,val,1,0.162301,0.25,0,2966,2954,0.995954,2785,2769,0.994255,26.5177,29.4,16.7,0.981629,40866,2995,37871,0.0732883,454.452,18.2335,15,83.3333,35.592
TR-GAT,trgat,456,37,600,10,1,10,val,1,0.261045,0.25,0,2966,2903,0.978759,2785,2676,0.960862,25.1293,29,12.5,0.935337,25599,3008,22591,0.117505,271.092,15.6459,13,83.3333,35.592
TR-GAT,trgat,456,37,600,10,1,10,val,1,0.311878,0.25,0,2966,2841,0.957856,2785,2566,0.921364,23.7976,27.1,10.2,0.890753,20551,3036,17515,0.14773,210.18,14.0785,11,83.3333,35.592
TR-GAT,trgat,456,37,600,10,1,10,val,1,0.343595,0.25,0,2966,2787,0.939649,2785,2462,0.884022,22.6983,25.5,9,0.854165,18002,3055,14947,0.169703,179.364,12.8488,10,83.3333,35.592
TR-GAT,trgat,456,37,600,10,1,10,val,1,0.36889,0.25,0,2966,2720,0.91706,2785,2340,0.840215,21.6359,24.2,7.19,0.818897,16053,3087,12966,0.192301,155.592,11.8457,8,83.3333,35.592
TR-GAT,trgat,456,37,600,10,1,10,val,1,0.390134,0.25,0,2966,2643,0.891099,2785,2210,0.793537,20.6162,23,6.12,0.785447,14485,3089,11396,0.213255,136.752,10.9481,7,83.3333,35.592
TR-GAT,trgat,456,37,600,10,1,10,val,1,0.410051,0.25,0,2966,2575,0.868173,2785,2110,0.75763,19.7812,22.2,5,0.758764,13015,3075,9940,0.236266,119.28,10.1008,7,83.3333,35.592
TR-GAT,trgat,456,37,600,10,1,10,val,1,0.428546,0.25,0,2966,2483,0.837154,2785,1971,0.70772,18.7772,21.2,3.9,0.726972,11555,3032,8523,0.262397,102.276,9.41687,6,83.3333,35.592
TR-GAT,trgat,456,37,600,10,1,10,val,1,0.445982,0.25,0,2966,2403,0.810182,2785,1805,0.648115,17.6324,20.4,3.1,0.689583,10103,2948,7155,0.291795,85.86,8.87519,6,83.3333,35.592
TR-GAT,trgat,456,37,600,10,1,10,val,1,0.463541,0.25,0,2966,2299,0.775118,2785,1610,0.578097,16.3542,19.3,2.3,0.648652,8609,2798,5811,0.325009,69.732,8.455,6,83.3333,35.592
TR-GAT,trgat,456,37,600,10,1,10,val,1,0.480483,0.25,0,2966,2189,0.738031,2785,1437,0.515978,15.2235,17.6,1.7,0.613764,7439,2634,4805,0.35408,57.66,7.87471,5,83.3333,35.592
TR-GAT,trgat,456,37,600,10,1,10,val,1,0.492344,0.25,0,2966,2098,0.70735,2785,1297,0.465709,14.4045,15.15,1.4,0.588579,6607,2494,4113,0.377478,49.356,7.54316,5,83.3333,35.592
TR-GAT,trgat,456,37,600,10,1,10,val,1,0.498431,0.25,0,2966,2057,0.693527,2785,1239,0.444883,14.0834,13.8,1.4,0.578798,6249,2444,3805,0.391103,45.66,7.36557,5,83.3333,35.592
TR-GAT,trgat,456,37,600,10,1,10,val,1,0.516187,0.25,0,2966,1926,0.649359,2785,1087,0.390305,13.1494,11.8,0.9,0.551412,5233,2286,2947,0.436843,35.364,6.89345,5,83.3333,35.592
TR-GAT,trgat,456,37,600,10,1,10,val,1,0.534727,0.25,0,2966,1756,0.592043,2785,939,0.337163,12.387,10.85,0.8,0.530262,4326,2118,2208,0.489598,26.496,6.42889,4,83.3333,35.592
TR-GAT,trgat,456,37,600,10,1,10,val,1,0.553854,0.25,0,2966,1581,0.533041,2785,791,0.284022,11.586,10,0.5,0.511391,3574,1951,1623,0.545887,19.476,5.83857,4,83.3333,35.592
TR-GAT,trgat,456,37,600,10,1,10,val,1,0.574886,0.25,0,2966,1355,0.456844,2785,622,0.223339,10.7819,9.1,0.5,0.490193,2695,1652,1043,0.612987,12.516,5.66731,4,83.3333,35.592
TR-GAT,trgat,456,37,600,10,1,10,val,1,0.597538,0.25,0,2966,1128,0.38031,2785,463,0.166248,10.2337,8.5,0.5,0.479983,2092,1422,670,0.679732,8.04,5.16119,3.5,83.3333,35.592
TR-GAT,trgat,456,37,600,10,1,10,val,1,0.622419,0.25,0,2966,866,0.291976,2785,308,0.110592,9.13915,6.9,0.4,0.442719,1469,1109,360,0.754935,4.32,4.91944,4,83.3333,35.592
TR-GAT,trgat,456,37,600,10,1,10,val,1,0.648787,0.25,0,2966,596,0.200944,2785,187,0.0671454,8.03138,5.3,0.3,0.408777,934,747,187,0.799786,2.244,4.2139,3,83.3333,35.592
TR-GAT,trgat,456,37,600,10,1,10,val,1,0.680385,0.25,0,2966,291,0.0981119,2785,92,0.0330341,7.76598,5.8,0.1,0.43635,433,362,71,0.836028,0.852,3.66197,3,83.3333,35.592
TR-GAT,trgat,456,37,600,10,1,10,val,1,0.731391,0.25,0,2966,70,0.0236008,2785,20,0.00718133,8.06714,5.65,0.49,0.495663,84,77,7,0.916667,0.084,2.57143,3,83.3333,35.592
TR-GAT,trgat,456,37,600,10,1,10,test,1,0.162301,0.25,0.15,3530,3517,0.996317,3389,3373,0.995279,27.291,29.4,20.8,0.986009,38291,3493,34798,0.0912225,417.576,34.1347,35,83.3333,42.36
TR-GAT,trgat,456,37,600,10,1,10,test,1,0.261045,0.25,0.15,3530,3464,0.981303,3389,3289,0.970493,26.1386,29.2,16.9,0.946951,25342,3443,21899,0.135861,262.788,25.9163,25,83.3333,42.36
TR-GAT,trgat,456,37,600,10,1,10,test,1,0.311878,0.25,0.15,3530,3381,0.95779,3389,3162,0.933019,24.8223,27.9,13.7,0.90331,20481,3363,17118,0.164201,205.416,23.2242,23,83.3333,42.36
TR-GAT,trgat,456,37,600,10,1,10,test,1,0.343595,0.25,0.15,3530,3303,0.935694,3389,3027,0.893184,23.7785,26.5,11.2,0.868783,17842,3294,14548,0.184621,174.576,21.658,21,83.3333,42.36
TR-GAT,trgat,456,37,600,10,1,10,test,1,0.36889,0.25,0.15,3530,3233,0.915864,3389,2908,0.85807,22.8521,25.3,9.9,0.838145,15904,3229,12675,0.203031,152.1,20.5445,20,83.3333,42.36
TR-GAT,trgat,456,37,600,10,1,10,test,1,0.390134,0.25,0.15,3530,3174,0.89915,3389,2796,0.825022,21.9378,24,8.7,0.807722,14278,3178,11100,0.22258,133.2,19.6,19,83.3333,42.36
TR-GAT,trgat,456,37,600,10,1,10,test,1,0.410051,0.25,0.15,3530,3095,0.876771,3389,2645,0.780466,20.997,23,7.2,0.776163,12770,3101,9669,0.242835,116.028,18.7443,18,83.3333,42.36
TR-GAT,trgat,456,37,600,10,1,10,test,1,0.428546,0.25,0.15,3530,3013,0.853541,3389,2498,0.737091,19.9489,22.1,5.2,0.741597,11325,3014,8311,0.266137,99.732,17.9776,17,83.3333,42.36
TR-GAT,trgat,456,37,600,10,1,10,test,1,0.445982,0.25,0.15,3530,2920,0.827195,3389,2316,0.683387,18.7588,21.1,3.5,0.702144,10025,2921,7104,0.291372,85.248,17.2034,16,83.3333,42.36
TR-GAT,trgat,456,37,600,10,1,10,test,1,0.463541,0.25,0.15,3530,2782,0.788102,3389,2080,0.61375,17.6543,20.3,2.5,0.665966,8723,2788,5935,0.319615,71.22,16.4987,15,83.3333,42.36
TR-GAT,trgat,456,37,600,10,1,10,test,1,0.480483,0.25,0.15,3530,2633,0.745892,3389,1850,0.545884,16.5005,19.2,2.1,0.629033,7490,2638,4852,0.352203,58.224,15.8974,14,83.3333,42.36
TR-GAT,trgat,456,37,600,10,1,10,test,1,0.492344,0.25,0.15,3530,2514,0.712181,3389,1679,0.495426,15.6926,18.3,1.7,0.603715,6670,2518,4152,0.377511,49.824,15.5831,14,83.3333,42.36
TR-GAT,trgat,456,37,600,10,1,10,test,1,0.498431,0.25,0.15,3530,2452,0.694618,3389,1595,0.47064,15.3146,17.5,1.5,0.592198,6282,2454,3828,0.39064,45.936,15.3937,13,83.3333,42.36
TR-GAT,trgat,456,37,600,10,1,10,test,1,0.516187,0.25,0.15,3530,2295,0.650142,3389,1386,0.40897,14.2161,14.8,1.1,0.558192,5266,2302,2964,0.437144,35.568,14.7203,13,83.3333,42.36
TR-GAT,trgat,456,37,600,10,1,10,test,1,0.534727,0.25,0.15,3530,2109,0.59745,3389,1187,0.350251,13.2042,11.6,0.9,0.526525,4330,2115,2215,0.488453,26.58,13.8889,12,83.3333,42.36
TR-GAT,trgat,456,37,600,10,1,10,test,1,0.553854,0.25,0.15,3530,1850,0.524079,3389,959,0.282974,12.2918,10.4,0.8,0.500889,3434,1855,1579,0.540186,18.948,13.5085,11,83.3333,42.36
TR-GAT,trgat,456,37,600,10,1,10,test,1,0.574886,0.25,0.15,3530,1585,0.449008,3389,752,0.221894,11.3917,9.4,0.7,0.478071,2639,1588,1051,0.601743,12.612,13.0352,11,83.3333,42.36
TR-GAT,trgat,456,37,600,10,1,10,test,1,0.597538,0.25,0.15,3530,1291,0.365722,3389,563,0.166126,10.6479,8.7,0.6,0.460387,1920,1290,630,0.671875,7.56,12.5921,11,83.3333,42.36
TR-GAT,trgat,456,37,600,10,1,10,test,1,0.622419,0.25,0.15,3530,963,0.272805,3389,393,0.115963,10.0961,8.2,0.5,0.454758,1304,962,342,0.73773,4.104,12.424,10,83.3333,42.36
TR-GAT,trgat,456,37,600,10,1,10,test,1,0.648787,0.25,0.15,3530,618,0.175071,3389,248,0.0731779,9.75971,7.8,0.4,0.462196,785,617,168,0.785987,2.016,12.5298,10,83.3333,42.36
TR-GAT,trgat,456,37,600,10,1,10,test,1,0.680385,0.25,0.15,3530,317,0.0898017,3389,116,0.0342284,9.10095,6.5,0.36,0.458222,384,316,68,0.822917,0.816,12.4118,8,83.3333,42.36
TR-GAT,trgat,456,37,600,10,1,10,test,1,0.731391,0.25,0.15,3530,57,0.0161473,3389,16,0.00472116,7.40351,4.4,0.16,0.393946,63,57,6,0.904762,0.072,11.1667,9,83.3333,42.36
TR-GAT,trgat,456,37,600,10,1,10,val,1,0.162301,0.25,0.15,2966,2956,0.996628,2785,2771,0.994973,26.5666,29.4,16.75,0.983225,33490,2940,30550,0.0877874,366.6,34.1831,35,83.3333,35.592
TR-GAT,trgat,456,37,600,10,1,10,val,1,0.261045,0.25,0.15,2966,2909,0.980782,2785,2683,0.963375,25.2128,29.1,12.58,0.937971,21841,2896,18945,0.132595,227.34,25.2068,25,83.3333,35.592
TR-GAT,trgat,456,37,600,10,1,10,val,1,0.311878,0.25,0.15,2966,2846,0.959541,2785,2572,0.923519,23.8993,27.3,10.3,0.894039,17512,2838,14674,0.16206,176.088,22.4025,22,83.3333,35.592
TR-GAT,trgat,456,37,600,10,1,10,val,1,0.343595,0.25,0.15,2966,2794,0.942009,2785,2470,0.886894,22.8169,25.7,9,0.857961,15137,2789,12348,0.184251,148.176,20.9093,20,83.3333,35.592
TR-GAT,trgat,456,37,600,10,1,10,val,1,0.36889,0.25,0.15,2966,2725,0.918746,2785,2346,0.84237,21.7364,24.3,7.2,0.822142,13324,2727,10597,0.204668,127.164,19.8515,19,83.3333,35.592
TR-GAT,trgat,456,37,600,10,1,10,val,1,0.390134,0.25,0.15,2966,2647,0.892448,2785,2214,0.794973,20.7153,23.1,6.16,0.788675,11794,2648,9146,0.224521,109.752,19.066,18,83.3333,35.592
TR-GAT,trgat,456,37,600,10,1,10,val,1,0.410051,0.25,0.15,2966,2581,0.870196,2785,2116,0.759785,19.8923,22.2,5,0.762325,10498,2584,7914,0.246142,94.968,18.2249,17,83.3333,35.592
TR-GAT,trgat,456,37,600,10,1,10,val,1,0.428546,0.25,0.15,2966,2491,0.839852,2785,1981,0.711311,18.906,21.3,3.9,0.731038,9243,2495,6748,0.269934,80.976,17.5987,16,83.3333,35.592
TR-GAT,trgat,456,37,600,10,1,10,val,1,0.445982,0.25,0.15,2966,2412,0.813216,2785,1815,0.651706,17.7547,20.5,3.2,0.693377,8061,2412,5649,0.299218,67.788,16.9747,15,83.3333,35.592
TR-GAT,trgat,456,37,600,10,1,10,val,1,0.463541,0.25,0.15,2966,2311,0.779164,2785,1623,0.582765,16.4861,19.4,2.3,0.65261,6961,2312,4649,0.332136,55.788,16.2547,14,83.3333,35.592
TR-GAT,trgat,456,37,600,10,1,10,val,1,0.480483,0.25,0.15,2966,2202,0.742414,2785,1453,0.521724,15.3909,17.9,1.71,0.618843,5995,2203,3792,0.367473,45.504,15.712,14,83.3333,35.592
TR-GAT,trgat,456,37,600,10,1,10,val,1,0.492344,0.25,0.15,2966,2111,0.711733,2785,1312,0.471095,14.5742,15.6,1.4,0.593692,5380,2113,3267,0.392751,39.204,15.1739,13,83.3333,35.592
TR-GAT,trgat,456,37,600,10,1,10,val,1,0.498431,0.25,0.15,2966,2071,0.698247,2785,1257,0.451346,14.275,14.2,1.4,0.584589,5101,2074,3027,0.406587,36.324,14.9488,13,83.3333,35.592
TR-GAT,trgat,456,37,600,10,1,10,val,1,0.516187,0.25,0.15,2966,1940,0.65408,2785,1104,0.396409,13.3314,12.05,0.9,0.556808,4309,1948,2361,0.452077,28.332,14.3969,12,83.3333,35.592
TR-GAT,trgat,456,37,600,10,1,10,val,1,0.534727,0.25,0.15,2966,1768,0.596089,2785,954,0.342549,12.5737,10.9,0.8,0.53583,3564,1776,1788,0.498316,21.456,13.7215,12,83.3333,35.592
TR-GAT,trgat,456,37,600,10,1,10,val,1,0.553854,0.25,0.15,2966,1590,0.536076,2785,805,0.289048,11.7857,10.1,0.5,0.517482,2893,1600,1293,0.553059,15.516,13.3643,11,83.3333,35.592
TR-GAT,trgat,456,37,600,10,1,10,val,1,0.574886,0.25,0.15,2966,1363,0.459541,2785,633,0.227289,10.9745,9.2,0.5,0.495987,2222,1365,857,0.614311,10.284,12.9533,11,83.3333,35.592
TR-GAT,trgat,456,37,600,10,1,10,val,1,0.597538,0.25,0.15,2966,1135,0.38267,2785,470,0.168761,10.3893,8.6,0.5,0.484415,1674,1136,538,0.678614,6.456,12.6784,11,83.3333,35.592
TR-GAT,trgat,456,37,600,10,1,10,val,1,0.622419,0.25,0.15,2966,868,0.29265,2785,310,0.111311,9.20576,6.9,0.4,0.444674,1171,870,301,0.742955,3.612,11.9468,10,83.3333,35.592
TR-GAT,trgat,456,37,600,10,1,10,val,1,0.648787,0.25,0.15,2966,598,0.201618,2785,189,0.0678636,8.12742,5.35,0.3,0.411613,754,602,152,0.798408,1.824,11.5263,9.5,83.3333,35.592
TR-GAT,trgat,456,37,600,10,1,10,val,1,0.680385,0.25,0.15,2966,292,0.0984491,2785,93,0.0333932,7.83938,5.8,0.1,0.43828,356,293,63,0.823034,0.756,10.619,8,83.3333,35.592
TR-GAT,trgat,456,37,600,10,1,10,val,1,0.731391,0.25,0.15,2966,70,0.0236008,2785,20,0.00718133,8.06714,5.65,0.49,0.495663,77,70,7,0.909091,0.084,10.7143,7,83.3333,35.592
TR-GAT-NT,trgat,42,46,600,10,1,10,test,1,0.156279,1,0,3530,3518,0.996601,3389,3375,0.995869,27.3831,29.4,21.27,0.989221,94516,3750,90766,0.0396758,1089.19,9.07934,3,83.3333,42.36
TR-GAT-NT,trgat,42,46,600,10,1,10,test,1,0.251484,1,0,3530,3498,0.990935,3389,3341,0.985837,26.7725,29.3,18.47,0.968199,60337,4265,56072,0.0706863,672.864,8.24483,3,83.3333,42.36
TR-GAT-NT,trgat,42,46,600,10,1,10,test,1,0.299755,1,0,3530,3462,0.980737,3389,3278,0.967247,26.1647,29.2,16.7,0.947688,51048,4738,46310,0.0928146,555.72,7.42051,3,83.3333,42.36
TR-GAT-NT,trgat,42,46,600,10,1,10,test,1,0.331979,1,0,3530,3430,0.971671,3389,3223,0.951018,25.5421,29.1,14.7,0.926835,46188,5092,41096,0.110245,493.152,6.72567,3,83.3333,42.36
TR-GAT-NT,trgat,42,46,600,10,1,10,test,1,0.357915,1,0,3530,3387,0.95949,3389,3156,0.931248,24.9304,28.5,13.3,0.906391,42445,5430,37015,0.12793,444.18,6.15596,3,83.3333,42.36
TR-GAT-NT,trgat,42,46,600,10,1,10,test,1,0.380337,1,0,3530,3346,0.947875,3389,3087,0.910888,24.2892,27.6,12,0.884855,39745,5724,34021,0.144018,408.252,5.58326,3,83.3333,42.36
TR-GAT-NT,trgat,42,46,600,10,1,10,test,1,0.399906,1,0,3530,3304,0.935977,3389,3020,0.891118,23.6632,26.6,11.03,0.864021,36907,5898,31009,0.159807,372.108,5.14315,3,83.3333,42.36
TR-GAT-NT,trgat,42,46,600,10,1,10,test,1,0.419508,1,0,3530,3262,0.924079,3389,2942,0.868103,22.8784,25.4,10,0.8373,34040,6040,28000,0.177438,336,4.71146,2,83.3333,42.36
TR-GAT-NT,trgat,42,46,600,10,1,10,test,1,0.437684,1,0,3530,3206,0.908215,3389,2839,0.83771,22.1523,24.2,8.9,0.813241,31360,6160,25200,0.196429,302.4,4.32194,2,83.3333,42.36
TR-GAT-NT,trgat,42,46,600,10,1,10,test,1,0.455241,1,0,3530,3164,0.896317,3389,2738,0.807908,21.3425,23.3,7.53,0.785825,28820,6166,22654,0.213949,271.848,3.92796,2,83.3333,42.36
TR-GAT-NT,trgat,42,46,600,10,1,10,test,1,0.47333,1,0,3530,3084,0.873654,3389,2586,0.763057,20.3771,22.4,5.7,0.753553,25933,6150,19783,0.23715,237.396,3.59819,2,83.3333,42.36
TR-GAT-NT,trgat,42,46,600,10,1,10,test,1,0.48406,1,0,3530,3043,0.86204,3389,2482,0.732369,19.7179,21.9,4.8,0.731508,24248,6092,18156,0.251237,217.872,3.40438,2,83.3333,42.36
TR-GAT-NT,trgat,42,46,600,10,1,10,test,1,0.491036,1,0,3530,3003,0.850708,3389,2406,0.709944,19.2892,21.6,4.4,0.71754,23229,6077,17152,0.261613,205.824,3.2735,2,83.3333,42.36
TR-GAT-NT,trgat,42,46,600,10,1,10,test,1,0.509124,1,0,3530,2915,0.825779,3389,2240,0.660962,18.2334,20.9,3.3,0.682053,20376,5940,14436,0.291519,173.232,2.98885,2,83.3333,42.36
TR-GAT-NT,trgat,42,46,600,10,1,10,test,1,0.529094,1,0,3530,2799,0.792918,3389,1995,0.588669,16.791,19.8,2.5,0.634049,17272,5660,11612,0.327698,139.344,2.73588,2,83.3333,42.36
TR-GAT-NT,trgat,42,46,600,10,1,10,test,1,0.551164,1,0,3530,2661,0.753824,3389,1713,0.505459,15.2725,15.9,1.9,0.584114,14321,5400,8921,0.377069,107.052,2.50241,1,83.3333,42.36
TR-GAT-NT,trgat,42,46,600,10,1,10,test,1,0.57416,1,0,3530,2508,0.710482,3389,1443,0.425789,13.7676,11.8,1.4,0.533155,11681,5025,6656,0.430186,79.872,2.27389,1,83.3333,42.36
TR-GAT-NT,trgat,42,46,600,10,1,10,test,1,0.601143,1,0,3530,2323,0.658074,3389,1184,0.349366,12.2567,10.2,1,0.482834,9231,4660,4571,0.504821,54.852,2.08598,1,83.3333,42.36
TR-GAT-NT,trgat,42,46,600,10,1,10,test,1,0.629625,1,0,3530,2093,0.592918,3389,926,0.273237,10.7633,8.3,0.72,0.433458,7173,4089,3084,0.570054,37.008,1.86057,1,83.3333,42.36
TR-GAT-NT,trgat,42,46,600,10,1,10,test,1,0.66178,1,0,3530,1804,0.511048,3389,684,0.201829,9.34002,6,0.5,0.383168,5221,3386,1835,0.648535,22.02,1.66757,1,83.3333,42.36
TR-GAT-NT,trgat,42,46,600,10,1,10,test,1,0.700129,1,0,3530,1357,0.384419,3389,415,0.122455,7.8549,3.8,0.3,0.325298,3225,2339,886,0.725271,10.632,1.46163,1,83.3333,42.36
TR-GAT-NT,trgat,42,46,600,10,1,10,test,1,0.758265,1,0,3530,562,0.159207,3389,132,0.0389495,6.37918,2.6,0.11,0.270267,989,822,167,0.831143,2.004,1.31138,1,83.3333,42.36
TR-GAT-NT,trgat,42,46,600,10,1,10,val,1,0.156279,1,0,2966,2959,0.99764,2785,2777,0.997127,26.6865,29.4,17.5,0.987522,85469,3224,82245,0.0377213,986.94,8.56052,3,83.3333,35.592
TR-GAT-NT,trgat,42,46,600,10,1,10,val,1,0.251484,1,0,2966,2934,0.989211,2785,2738,0.983124,25.9767,29.3,14.53,0.963444,53027,3581,49446,0.0675316,593.352,7.78575,3,83.3333,35.592
TR-GAT-NT,trgat,42,46,600,10,1,10,val,1,0.299755,1,0,2966,2911,0.981457,2785,2691,0.966248,25.2737,29.1,12.6,0.939628,44210,3932,40278,0.0889392,483.336,6.97659,3,83.3333,35.592
TR-GAT-NT,trgat,42,46,600,10,1,10,val,1,0.331979,1,0,2966,2889,0.974039,2785,2639,0.947576,24.5629,28.7,11,0.915287,39319,4266,35053,0.108497,420.636,6.37386,3,83.3333,35.592
TR-GAT-NT,trgat,42,46,600,10,1,10,val,1,0.357915,1,0,2966,2862,0.964936,2785,2596,0.932136,23.9715,27.8,10.4,0.895507,36147,4572,31575,0.126484,378.9,5.78074,3,83.3333,35.592
TR-GAT-NT,trgat,42,46,600,10,1,10,val,1,0.380337,1,0,2966,2823,0.951787,2785,2526,0.907002,23.2983,26.6,9.52,0.872773,33119,4702,28417,0.141973,341.004,5.30052,3,83.3333,35.592
TR-GAT-NT,trgat,42,46,600,10,1,10,val,1,0.399906,1,0,2966,2784,0.938638,2785,2449,0.879354,22.603,25.7,8.5,0.84971,30665,4857,25808,0.158389,309.696,4.86741,2,83.3333,35.592
TR-GAT-NT,trgat,42,46,600,10,1,10,val,1,0.419508,1,0,2966,2738,0.923129,2785,2363,0.848474,21.8484,24.45,7.2,0.824695,28008,4969,23039,0.177414,276.468,4.46981,2,83.3333,35.592
TR-GAT-NT,trgat,42,46,600,10,1,10,val,1,0.437684,1,0,2966,2696,0.908968,2785,2275,0.816876,21.0454,23.4,6.1,0.798116,25548,5002,20546,0.195788,246.552,4.11267,2,83.3333,35.592
TR-GAT-NT,trgat,42,46,600,10,1,10,val,1,0.455241,1,0,2966,2642,0.890762,2785,2172,0.779892,20.201,22.55,5.4,0.770644,23045,5014,18031,0.217574,216.372,3.81659,2,83.3333,35.592
TR-GAT-NT,trgat,42,46,600,10,1,10,val,1,0.47333,1,0,2966,2572,0.867161,2785,2055,0.737882,19.3385,21.9,4.5,0.742626,20576,4997,15579,0.242856,186.948,3.51775,2,83.3333,35.592
TR-GAT-NT,trgat,42,46,600,10,1,10,val,1,0.48406,1,0,2966,2543,0.857384,2785,1985,0.712747,18.7112,21.4,3.9,0.722159,19227,4963,14264,0.258127,171.168,3.33153,2,83.3333,35.592
TR-GAT-NT,trgat,42,46,600,10,1,10,val,1,0.491036,1,0,2966,2505,0.844572,2785,1924,0.690844,18.3389,21.1,3.54,0.709784,18288,4927,13361,0.269412,160.332,3.23688,2,83.3333,35.592
TR-GAT-NT,trgat,42,46,600,10,1,10,val,1,0.509124,1,0,2966,2427,0.818274,2785,1758,0.631239,17.0806,20.1,2.9,0.668465,16056,4745,11311,0.295528,135.732,2.96048,2,83.3333,35.592
TR-GAT-NT,trgat,42,46,600,10,1,10,val,1,0.529094,1,0,2966,2325,0.783884,2785,1550,0.556553,15.7528,17.5,2.3,0.62576,13660,4560,9100,0.333821,109.2,2.7344,1,83.3333,35.592
TR-GAT-NT,trgat,42,46,600,10,1,10,val,1,0.551164,1,0,2966,2232,0.752529,2785,1358,0.487612,14.4172,13.05,1.7,0.581185,11423,4386,7037,0.383962,84.444,2.49567,1,83.3333,35.592
TR-GAT-NT,trgat,42,46,600,10,1,10,val,1,0.57416,1,0,2966,2101,0.708361,2785,1154,0.414363,13.0061,11.1,1.4,0.535626,9524,4150,5374,0.435741,64.488,2.24284,1,83.3333,35.592
TR-GAT-NT,trgat,42,46,600,10,1,10,val,1,0.601143,1,0,2966,1952,0.658125,2785,955,0.342908,11.6912,9.7,1,0.491882,7660,3890,3770,0.507833,45.24,2.03528,1,83.3333,35.592
TR-GAT-NT,trgat,42,46,600,10,1,10,val,1,0.629625,1,0,2966,1769,0.596426,2785,771,0.27684,10.494,7.7,0.7,0.451991,6059,3559,2500,0.587391,30,1.84,1,83.3333,35.592
TR-GAT-NT,trgat,42,46,600,10,1,10,val,1,0.66178,1,0,2966,1545,0.520904,2785,573,0.205745,9.02757,5.6,0.4,0.394733,4497,2989,1508,0.664665,18.096,1.6691,1,83.3333,35.592
TR-GAT-NT,trgat,42,46,600,10,1,10,val,1,0.700129,1,0,2966,1191,0.401551,2785,350,0.125673,7.65407,4.1,0.3,0.340197,2835,2117,718,0.746737,8.616,1.4805,1,83.3333,35.592
TR-GAT-NT,trgat,42,46,600,10,1,10,val,1,0.758265,1,0,2966,539,0.181726,2785,107,0.0384201,5.50724,2.1,0,0.25701,942,817,125,0.867304,1.5,1.368,1,83.3333,35.592
TR-GAT-NT,trgat,42,46,600,10,1,10,test,1,0.156279,1,0.15,3530,3521,0.99745,3389,3378,0.996754,27.4389,29.4,21.4,0.991063,49594,3497,46097,0.0705126,553.164,29.6541,30,83.3333,42.36
TR-GAT-NT,trgat,42,46,600,10,1,10,test,1,0.251484,1,0.15,3530,3504,0.992635,3389,3350,0.988492,26.8815,29.4,18.83,0.971784,36197,3530,32667,0.0975219,392.004,19.4817,17,83.3333,42.36
TR-GAT-NT,trgat,42,46,600,10,1,10,test,1,0.299755,1,0.15,3530,3470,0.983003,3389,3287,0.969903,26.2617,29.3,16.8,0.950819,30213,3551,26662,0.117532,319.944,17.6804,16,83.3333,42.36
TR-GAT-NT,trgat,42,46,600,10,1,10,test,1,0.331979,1,0.15,3530,3439,0.974221,3389,3232,0.953674,25.6448,29.2,14.7,0.930147,26895,3562,23333,0.132441,279.996,16.5557,14,83.3333,42.36
TR-GAT-NT,trgat,42,46,600,10,1,10,test,1,0.357915,1,0.15,3530,3401,0.963456,3389,3170,0.935379,25.0603,29,13.3,0.910537,24346,3560,20786,0.146225,249.432,15.6932,13,83.3333,42.36
TR-GAT-NT,trgat,42,46,600,10,1,10,test,1,0.380337,1,0.15,3530,3364,0.952975,3389,3105,0.916199,24.465,28.2,12.1,0.89047,22345,3560,18785,0.15932,225.42,14.9309,13,83.3333,42.36
TR-GAT-NT,trgat,42,46,600,10,1,10,test,1,0.399906,1,0.15,3530,3321,0.940793,3389,3038,0.89643,23.8491,27.1,11.1,0.869993,20745,3563,17182,0.171752,206.184,14.1713,12,83.3333,42.36
TR-GAT-NT,trgat,42,46,600,10,1,10,test,1,0.419508,1,0.15,3530,3275,0.927762,3389,2958,0.872824,23.1121,25.8,10.14,0.844965,19146,3564,15582,0.186149,186.984,13.4503,11,83.3333,42.36
TR-GAT-NT,trgat,42,46,600,10,1,10,test,1,0.437684,1,0.15,3530,3221,0.912465,3389,2861,0.844202,22.4147,24.7,9,0.821838,17603,3550,14053,0.20167,168.636,12.7813,10,83.3333,42.36
TR-GAT-NT,trgat,42,46,600,10,1,10,test,1,0.455241,1,0.15,3530,3186,0.90255,3389,2766,0.81617,21.6153,23.5,7.8,0.794626,16233,3545,12688,0.218382,152.256,12.1058,9,83.3333,42.36
TR-GAT-NT,trgat,42,46,600,10,1,10,test,1,0.47333,1,0.15,3530,3105,0.879603,3389,2612,0.770729,20.6532,22.6,5.94,0.762465,14808,3508,11300,0.236899,135.6,11.3448,8,83.3333,42.36
TR-GAT-NT,trgat,42,46,600,10,1,10,test,1,0.48406,1,0.15,3530,3066,0.868555,3389,2512,0.741222,20.0132,22.1,4.8,0.741018,13922,3469,10453,0.249174,125.436,10.9239,8,83.3333,42.36
TR-GAT-NT,trgat,42,46,600,10,1,10,test,1,0.491036,1,0.15,3530,3031,0.85864,3389,2440,0.719976,19.5851,21.8,4.4,0.726951,13368,3433,9935,0.256807,119.22,10.6065,7,83.3333,42.36
TR-GAT-NT,trgat,42,46,600,10,1,10,test,1,0.509124,1,0.15,3530,2942,0.833428,3389,2269,0.669519,18.489,21,3.4,0.690112,11930,3365,8565,0.282062,102.78,9.86667,7,83.3333,42.36
TR-GAT-NT,trgat,42,46,600,10,1,10,test,1,0.529094,1,0.15,3530,2818,0.7983,3389,2021,0.596341,17.0584,20,2.5,0.642676,10333,3210,7123,0.310655,85.476,9.09533,6,83.3333,42.36
TR-GAT-NT,trgat,42,46,600,10,1,10,test,1,0.551164,1,0.15,3530,2678,0.75864,3389,1736,0.512246,15.5217,16.4,1.9,0.592149,8769,3047,5722,0.347474,68.664,8.20727,5,83.3333,42.36
TR-GAT-NT,trgat,42,46,600,10,1,10,test,1,0.57416,1,0.15,3530,2521,0.714164,3389,1464,0.431986,13.9841,12,1.4,0.540151,7307,2873,4434,0.393185,53.208,7.30853,5,83.3333,42.36
TR-GAT-NT,trgat,42,46,600,10,1,10,test,1,0.601143,1,0.15,3530,2333,0.660907,3389,1198,0.353497,12.4172,10.2,1,0.487989,5857,2659,3198,0.453987,38.376,6.50813,4,83.3333,42.36
TR-GAT-NT,trgat,42,46,600,10,1,10,test,1,0.629625,1,0.15,3530,2100,0.594901,3389,936,0.276188,10.8946,8.4,0.79,0.437678,4657,2402,2255,0.515783,27.06,5.52417,4,83.3333,42.36
TR-GAT-NT,trgat,42,46,600,10,1,10,test,1,0.66178,1,0.15,3530,1809,0.512465,3389,690,0.2036,9.42095,6.1,0.5,0.385716,3447,2057,1390,0.596751,16.68,4.87698,3,83.3333,42.36
TR-GAT-NT,trgat,42,46,600,10,1,10,test,1,0.700129,1,0.15,3530,1360,0.385269,3389,418,0.12334,7.90721,3.8,0.3,0.326911,2224,1517,707,0.682104,8.484,4.26308,3,83.3333,42.36
TR-GAT-NT,trgat,42,46,600,10,1,10,test,1,0.758265,1,0.15,3530,562,0.159207,3389,132,0.0389495,6.40765,2.6,0.11,0.271235,754,609,145,0.807692,1.74,3.17931,2,83.3333,42.36
TR-GAT-NT,trgat,42,46,600,10,1,10,val,1,0.156279,1,0.15,2966,2962,0.998651,2785,2780,0.998205,26.7454,29.4,17.7,0.989435,44250,2948,41302,0.0666215,495.624,29.3137,30,83.3333,35.592
TR-GAT-NT,trgat,42,46,600,10,1,10,val,1,0.251484,1,0.15,2966,2939,0.990897,2785,2743,0.984919,26.0574,29.3,14.68,0.966026,31619,2973,28646,0.0940257,343.752,18.8255,16,83.3333,35.592
TR-GAT-NT,trgat,42,46,600,10,1,10,val,1,0.299755,1,0.15,2966,2914,0.982468,2785,2695,0.967684,25.3857,29.2,12.6,0.943329,26276,3003,23273,0.114287,279.276,16.8722,14,83.3333,35.592
TR-GAT-NT,trgat,42,46,600,10,1,10,val,1,0.331979,1,0.15,2966,2893,0.975388,2785,2644,0.949372,24.6844,29.1,11.1,0.91928,23075,3005,20070,0.130228,240.84,15.826,13,83.3333,35.592
TR-GAT-NT,trgat,42,46,600,10,1,10,val,1,0.357915,1,0.15,2966,2865,0.965947,2785,2601,0.933932,24.0919,28.1,10.44,0.899495,20785,3005,17780,0.144575,213.36,14.9556,12,83.3333,35.592
TR-GAT-NT,trgat,42,46,600,10,1,10,val,1,0.380337,1,0.15,2966,2826,0.952798,2785,2531,0.908797,23.4394,27.1,9.6,0.877449,18921,2983,15938,0.157656,191.256,14.2021,12,83.3333,35.592
TR-GAT-NT,trgat,42,46,600,10,1,10,val,1,0.399906,1,0.15,2966,2791,0.940998,2785,2457,0.882226,22.7612,26.1,8.6,0.854839,17434,2975,14459,0.170644,173.508,13.4968,11,83.3333,35.592
TR-GAT-NT,trgat,42,46,600,10,1,10,val,1,0.419508,1,0.15,2966,2747,0.926163,2785,2375,0.852783,22.015,24.7,7.4,0.830044,15847,2941,12906,0.185587,154.872,12.8542,10,83.3333,35.592
TR-GAT-NT,trgat,42,46,600,10,1,10,val,1,0.437684,1,0.15,2966,2708,0.913014,2785,2288,0.821544,21.2253,23.6,6.2,0.803806,14483,2937,11546,0.202789,138.552,12.2602,10,83.3333,35.592
TR-GAT-NT,trgat,42,46,600,10,1,10,val,1,0.455241,1,0.15,2966,2654,0.894808,2785,2186,0.784919,20.418,22.8,5.4,0.777587,13269,2923,10346,0.220288,124.152,11.5629,9,83.3333,35.592
TR-GAT-NT,trgat,42,46,600,10,1,10,val,1,0.47333,1,0.15,2966,2585,0.871544,2785,2073,0.744345,19.5808,22.1,4.6,0.750377,11953,2878,9075,0.240776,108.9,10.9594,8,83.3333,35.592
TR-GAT-NT,trgat,42,46,600,10,1,10,val,1,0.48406,1,0.15,2966,2557,0.862104,2785,2004,0.719569,18.9746,21.6,3.9,0.730583,11277,2871,8406,0.254589,100.872,10.5297,7,83.3333,35.592
TR-GAT-NT,trgat,42,46,600,10,1,10,val,1,0.491036,1,0.15,2966,2516,0.848281,2785,1939,0.69623,18.5722,21.3,3.6,0.717303,10759,2840,7919,0.263965,95.028,10.3343,7,83.3333,35.592
TR-GAT-NT,trgat,42,46,600,10,1,10,val,1,0.509124,1,0.15,2966,2439,0.82232,2785,1776,0.637702,17.3647,20.2,2.9,0.677641,9611,2756,6855,0.286755,82.26,9.54938,6,83.3333,35.592
TR-GAT-NT,trgat,42,46,600,10,1,10,val,1,0.529094,1,0.15,2966,2336,0.787593,2785,1564,0.56158,16.0098,17.95,2.3,0.634037,8285,2628,5657,0.3172,67.884,8.78169,6,83.3333,35.592
TR-GAT-NT,trgat,42,46,600,10,1,10,val,1,0.551164,1,0.15,2966,2238,0.754552,2785,1367,0.490844,14.5935,13.3,1.7,0.586907,7057,2519,4538,0.356951,54.456,7.99449,5,83.3333,35.592
TR-GAT-NT,trgat,42,46,600,10,1,10,val,1,0.57416,1,0.15,2966,2110,0.711396,2785,1166,0.418671,13.1965,11.15,1.4,0.541684,5861,2368,3493,0.404027,41.916,7.28314,5,83.3333,35.592
TR-GAT-NT,trgat,42,46,600,10,1,10,val,1,0.601143,1,0.15,2966,1955,0.659137,2785,958,0.343986,11.7568,9.7,1,0.493969,4765,2202,2563,0.46212,30.756,6.524,4,83.3333,35.592
TR-GAT-NT,trgat,42,46,600,10,1,10,val,1,0.629625,1,0.15,2966,1770,0.596763,2785,772,0.277199,10.5154,7.7,0.7,0.45267,3777,2007,1770,0.531374,21.24,5.76949,4,83.3333,35.592
TR-GAT-NT,trgat,42,46,600,10,1,10,val,1,0.66178,1,0.15,2966,1545,0.520904,2785,573,0.205745,9.04764,5.6,0.4,0.395422,2884,1752,1132,0.60749,13.584,4.98233,3,83.3333,35.592
TR-GAT-NT,trgat,42,46,600,10,1,10,val,1,0.700129,1,0.15,2966,1192,0.401888,2785,351,0.126032,7.67206,4.15,0.3,0.340751,1895,1327,568,0.700264,6.816,4.34331,3,83.3333,35.592
TR-GAT-NT,trgat,42,46,600,10,1,10,val,1,0.758265,1,0.15,2966,539,0.181726,2785,107,0.0384201,5.50724,2.1,0,0.25701,691,579,112,0.837916,1.344,3.33929,2,83.3333,35.592
TR-GAT-NT,trgat,42,46,600,10,1,10,test,1,0.156279,0.5,0,3530,3517,0.996317,3389,3373,0.995279,27.333,29.4,20.9,0.987487,60454,3583,56871,0.0592682,682.452,14.1685,8,83.3333,42.36
TR-GAT-NT,trgat,42,46,600,10,1,10,test,1,0.251484,0.5,0,3530,3486,0.987535,3389,3322,0.98023,26.5729,29.3,18.15,0.961541,39308,3804,35504,0.0967742,426.048,12.5951,8,83.3333,42.36
TR-GAT-NT,trgat,42,46,600,10,1,10,test,1,0.299755,0.5,0,3530,3436,0.973371,3389,3238,0.955444,25.7032,29.1,15.4,0.932242,33164,3997,29167,0.120522,350.004,11.2958,7,83.3333,42.36
TR-GAT-NT,trgat,42,46,600,10,1,10,test,1,0.331979,0.5,0,3530,3390,0.96034,3389,3150,0.929478,24.9076,28.45,13.3,0.905659,29791,4142,25649,0.139035,307.788,10.2596,6,83.3333,42.36
TR-GAT-NT,trgat,42,46,600,10,1,10,test,1,0.357915,0.5,0,3530,3338,0.945609,3389,3073,0.906757,24.1444,27.4,11.8,0.880258,27513,4337,23176,0.157635,278.112,9.29039,6,83.3333,42.36
TR-GAT-NT,trgat,42,46,600,10,1,10,test,1,0.380337,0.5,0,3530,3293,0.932861,3389,2996,0.884037,23.3726,26.2,10.52,0.854206,25455,4509,20946,0.177136,251.352,8.49394,5,83.3333,42.36
TR-GAT-NT,trgat,42,46,600,10,1,10,test,1,0.399906,0.5,0,3530,3244,0.91898,3389,2909,0.858365,22.5988,25.05,9.7,0.828253,23546,4611,18935,0.195829,227.22,7.80259,5,83.3333,42.36
TR-GAT-NT,trgat,42,46,600,10,1,10,test,1,0.419508,0.5,0,3530,3185,0.902266,3389,2797,0.825317,21.7411,23.8,8.64,0.799622,21620,4629,16991,0.214107,203.892,7.11559,4,83.3333,42.36
TR-GAT-NT,trgat,42,46,600,10,1,10,test,1,0.437684,0.5,0,3530,3120,0.883853,3389,2646,0.780761,20.7442,22.7,6.6,0.766198,19628,4604,15024,0.234563,180.288,6.54513,4,83.3333,42.36
TR-GAT-NT,trgat,42,46,600,10,1,10,test,1,0.455241,0.5,0,3530,3037,0.86034,3389,2488,0.73414,19.7916,21.9,4.8,0.734598,17562,4504,13058,0.256463,156.696,6.04472,4,83.3333,42.36
TR-GAT-NT,trgat,42,46,600,10,1,10,test,1,0.47333,0.5,0,3530,2919,0.826912,3389,2278,0.672175,18.6541,21.2,3.7,0.697409,15476,4362,11114,0.281856,133.368,5.54715,3,83.3333,42.36
TR-GAT-NT,trgat,42,46,600,10,1,10,test,1,0.48406,0.5,0,3530,2871,0.813314,3389,2179,0.642963,17.95,20.6,3,0.673774,14282,4298,9984,0.300938,119.808,5.28325,3,83.3333,42.36
TR-GAT-NT,trgat,42,46,600,10,1,10,test,1,0.491036,0.5,0,3530,2823,0.799717,3389,2086,0.615521,17.4237,20.3,2.6,0.656668,13510,4223,9287,0.312583,111.444,5.10703,3,83.3333,42.36
TR-GAT-NT,trgat,42,46,600,10,1,10,test,1,0.509124,0.5,0,3530,2694,0.763173,3389,1840,0.542933,16.0771,18.95,2,0.612158,11574,4004,7570,0.345948,90.84,4.66697,3,83.3333,42.36
TR-GAT-NT,trgat,42,46,600,10,1,10,test,1,0.529094,0.5,0,3530,2561,0.725496,3389,1593,0.47005,14.7004,15.2,1.4,0.566993,9618,3803,5815,0.395404,69.78,4.30765,3,83.3333,42.36
TR-GAT-NT,trgat,42,46,600,10,1,10,test,1,0.551164,0.5,0,3530,2379,0.673938,3389,1337,0.394512,13.2568,11.3,1,0.521498,7695,3486,4209,0.453021,50.508,3.97339,3,83.3333,42.36
TR-GAT-NT,trgat,42,46,600,10,1,10,test,1,0.57416,0.5,0,3530,2173,0.615581,3389,1094,0.322809,12.001,10,0.7,0.480414,6116,3196,2920,0.522564,35.04,3.66267,2,83.3333,42.36
TR-GAT-NT,trgat,42,46,600,10,1,10,test,1,0.601143,0.5,0,3530,1882,0.533144,3389,834,0.24609,10.8443,8.6,0.6,0.444149,4608,2785,1823,0.604384,21.876,3.38673,2,83.3333,42.36
TR-GAT-NT,trgat,42,46,600,10,1,10,test,1,0.629625,0.5,0,3530,1594,0.451558,3389,596,0.175863,9.46895,6.7,0.4,0.398154,3419,2324,1095,0.679731,13.14,3.0484,2,83.3333,42.36
TR-GAT-NT,trgat,42,46,600,10,1,10,test,1,0.66178,0.5,0,3530,1202,0.34051,3389,395,0.116554,8.43577,5.1,0.3,0.366014,2314,1738,576,0.75108,6.912,2.62326,2,83.3333,42.36
TR-GAT-NT,trgat,42,46,600,10,1,10,test,1,0.700129,0.5,0,3530,738,0.209065,3389,198,0.0584243,7.27791,3.5,0.2,0.328473,1224,1042,182,0.851307,2.184,2.47802,2,83.3333,42.36
TR-GAT-NT,trgat,42,46,600,10,1,10,test,1,0.758265,0.5,0,3530,194,0.0549575,3389,45,0.0132783,6.14021,2.65,0.2,0.29271,270,248,22,0.918519,0.264,1.95455,1,83.3333,42.36
TR-GAT-NT,trgat,42,46,600,10,1,10,val,1,0.156279,0.5,0,2966,2955,0.996291,2785,2772,0.995332,26.6079,29.4,16.84,0.984844,54136,3035,51101,0.0560625,613.212,13.4841,7,83.3333,35.592
TR-GAT-NT,trgat,42,46,600,10,1,10,val,1,0.251484,0.5,0,2966,2923,0.985502,2785,2715,0.974865,25.7111,29.2,13.5,0.954556,34300,3181,31119,0.0927405,373.428,11.944,7,83.3333,35.592
TR-GAT-NT,trgat,42,46,600,10,1,10,val,1,0.299755,0.5,0,2966,2893,0.975388,2785,2649,0.951167,24.7756,28.8,11.4,0.922932,28464,3363,25101,0.118149,301.212,10.7126,6,83.3333,35.592
TR-GAT-NT,trgat,42,46,600,10,1,10,val,1,0.331979,0.5,0,2966,2850,0.96089,2785,2581,0.92675,23.9569,27.7,10.3,0.895468,25180,3488,21692,0.138523,260.304,9.76987,6,83.3333,35.592
TR-GAT-NT,trgat,42,46,600,10,1,10,val,1,0.357915,0.5,0,2966,2811,0.947741,2785,2501,0.898025,23.1238,26.4,9.2,0.867479,23103,3634,19469,0.157296,233.628,8.80502,5,83.3333,35.592
TR-GAT-NT,trgat,42,46,600,10,1,10,val,1,0.380337,0.5,0,2966,2763,0.931558,2785,2417,0.867864,22.3439,25.2,8.2,0.841216,21038,3720,17318,0.176823,207.816,8.10094,5,83.3333,35.592
TR-GAT-NT,trgat,42,46,600,10,1,10,val,1,0.399906,0.5,0,2966,2717,0.916049,2785,2318,0.832316,21.4753,24,6.9,0.812256,19134,3752,15382,0.196091,184.584,7.52126,5,83.3333,35.592
TR-GAT-NT,trgat,42,46,600,10,1,10,val,1,0.419508,0.5,0,2966,2658,0.896156,2785,2213,0.794614,20.6163,22.9,5.7,0.784426,17469,3783,13686,0.216555,164.232,6.84787,4,83.3333,35.592
TR-GAT-NT,trgat,42,46,600,10,1,10,val,1,0.437684,0.5,0,2966,2591,0.873567,2785,2103,0.755117,19.7664,22.1,4.9,0.757077,15766,3731,12035,0.236648,144.42,6.29713,4,83.3333,35.592
TR-GAT-NT,trgat,42,46,600,10,1,10,val,1,0.455241,0.5,0,2966,2524,0.850978,2785,1977,0.709874,18.8534,21.4,3.9,0.727743,14122,3716,10406,0.263136,124.872,5.81693,4,83.3333,35.592
TR-GAT-NT,trgat,42,46,600,10,1,10,val,1,0.47333,0.5,0,2966,2453,0.82704,2785,1839,0.660323,17.6463,20.5,2.92,0.688116,12231,3618,8613,0.295806,103.356,5.47184,3,83.3333,35.592
TR-GAT-NT,trgat,42,46,600,10,1,10,val,1,0.48406,0.5,0,2966,2389,0.805462,2785,1721,0.617953,16.8991,19.9,2.48,0.664631,11326,3531,7795,0.311761,93.54,5.17409,3,83.3333,35.592
TR-GAT-NT,trgat,42,46,600,10,1,10,val,1,0.491036,0.5,0,2966,2344,0.79029,2785,1647,0.591382,16.4611,19.5,2.3,0.650432,10668,3445,7223,0.322928,86.676,5.05289,3,83.3333,35.592
TR-GAT-NT,trgat,42,46,600,10,1,10,val,1,0.509124,0.5,0,2966,2246,0.757249,2785,1446,0.51921,15.0971,16.65,1.7,0.60649,9014,3249,5765,0.360439,69.18,4.7405,3,83.3333,35.592
TR-GAT-NT,trgat,42,46,600,10,1,10,val,1,0.529094,0.5,0,2966,2139,0.721173,2785,1255,0.450628,13.793,12.5,1.3,0.564622,7515,3063,4452,0.407585,53.424,4.41285,3,83.3333,35.592
TR-GAT-NT,trgat,42,46,600,10,1,10,val,1,0.551164,0.5,0,2966,1993,0.671949,2785,1069,0.383842,12.6022,10.9,0.9,0.527523,6159,2874,3285,0.466634,39.42,4.06849,3,83.3333,35.592
TR-GAT-NT,trgat,42,46,600,10,1,10,val,1,0.57416,0.5,0,2966,1815,0.611935,2785,878,0.31526,11.3894,9.5,0.7,0.490852,4933,2626,2307,0.532333,27.684,3.73559,2,83.3333,35.592
TR-GAT-NT,trgat,42,46,600,10,1,10,val,1,0.601143,0.5,0,2966,1607,0.541807,2785,694,0.249192,10.2426,7.9,0.46,0.455443,3844,2360,1484,0.613944,17.808,3.41442,2,83.3333,35.592
TR-GAT-NT,trgat,42,46,600,10,1,10,val,1,0.629625,0.5,0,2966,1372,0.462576,2785,516,0.185278,9.14249,6.2,0.3,0.421216,2922,2025,897,0.693018,10.764,3.02899,2,83.3333,35.592
TR-GAT-NT,trgat,42,46,600,10,1,10,val,1,0.66178,0.5,0,2966,1050,0.354012,2785,332,0.11921,8.26162,5.45,0.2,0.387205,2014,1558,456,0.773585,5.472,2.69737,2,83.3333,35.592
TR-GAT-NT,trgat,42,46,600,10,1,10,val,1,0.700129,0.5,0,2966,674,0.227242,2785,167,0.0599641,6.94184,3.8,0.2,0.343427,1100,926,174,0.841818,2.088,2.28736,2,83.3333,35.592
TR-GAT-NT,trgat,42,46,600,10,1,10,val,1,0.758265,0.5,0,2966,195,0.0657451,2785,32,0.0114901,4.73128,1.9,0.04,0.268933,267,247,20,0.925094,0.24,2.3,1,83.3333,35.592
TR-GAT-NT,trgat,42,46,600,10,1,10,test,1,0.156279,0.5,0.15,3530,3519,0.996884,3389,3375,0.995869,27.3807,29.4,21,0.989079,41317,3495,37822,0.0845899,453.864,33.721,34,83.3333,42.36
TR-GAT-NT,trgat,42,46,600,10,1,10,test,1,0.251484,0.5,0.15,3530,3493,0.989518,3389,3332,0.983181,26.6527,29.3,18.2,0.964133,28752,3478,25274,0.120965,303.288,23.8371,23,83.3333,42.36
TR-GAT-NT,trgat,42,46,600,10,1,10,test,1,0.299755,0.5,0.15,3530,3446,0.976204,3389,3248,0.958395,25.7823,29.2,15.4,0.934727,24021,3440,20581,0.143208,246.972,21.4282,20,83.3333,42.36
TR-GAT-NT,trgat,42,46,600,10,1,10,test,1,0.331979,0.5,0.15,3530,3403,0.964023,3389,3163,0.933314,25.0012,28.7,13.3,0.908578,21238,3410,17828,0.160561,213.936,19.9942,19,83.3333,42.36
TR-GAT-NT,trgat,42,46,600,10,1,10,test,1,0.357915,0.5,0.15,3530,3349,0.948725,3389,3084,0.910003,24.2725,27.7,11.88,0.884374,19188,3378,15810,0.176048,189.72,18.8621,18,83.3333,42.36
TR-GAT-NT,trgat,42,46,600,10,1,10,test,1,0.380337,0.5,0.15,3530,3307,0.936827,3389,3011,0.888463,23.5219,26.5,10.6,0.858996,17441,3344,14097,0.191732,169.164,17.9654,17,83.3333,42.36
TR-GAT-NT,trgat,42,46,600,10,1,10,test,1,0.399906,0.5,0.15,3530,3259,0.923229,3389,2925,0.863086,22.7786,25.4,9.8,0.834044,15937,3313,12624,0.207881,151.488,17.1956,16,83.3333,42.36
TR-GAT-NT,trgat,42,46,600,10,1,10,test,1,0.419508,0.5,0.15,3530,3206,0.908215,3389,2820,0.832104,21.9417,24.1,8.7,0.806009,14507,3274,11233,0.225684,134.796,16.4189,15,83.3333,42.36
TR-GAT-NT,trgat,42,46,600,10,1,10,test,1,0.437684,0.5,0.15,3530,3143,0.890368,3389,2672,0.788433,20.9562,23,6.7,0.7729,13128,3227,9901,0.24581,118.812,15.7306,14,83.3333,42.36
TR-GAT-NT,trgat,42,46,600,10,1,10,test,1,0.455241,0.5,0.15,3530,3063,0.867705,3389,2519,0.743287,20.0289,22.2,4.8,0.742064,11821,3160,8661,0.267321,103.932,14.9871,13,83.3333,42.36
TR-GAT-NT,trgat,42,46,600,10,1,10,test,1,0.47333,0.5,0.15,3530,2943,0.833711,3389,2309,0.681322,18.896,21.3,3.72,0.705053,10482,3048,7434,0.290784,89.208,14.1965,12,83.3333,42.36
TR-GAT-NT,trgat,42,46,600,10,1,10,test,1,0.48406,0.5,0.15,3530,2894,0.81983,3389,2206,0.650929,18.1737,20.7,3,0.680815,9702,3000,6702,0.309215,80.424,13.7425,12,83.3333,42.36
TR-GAT-NT,trgat,42,46,600,10,1,10,test,1,0.491036,0.5,0.15,3530,2846,0.806232,3389,2112,0.623193,17.6392,20.4,2.6,0.663415,9218,2953,6265,0.320351,75.18,13.4488,12,83.3333,42.36
TR-GAT-NT,trgat,42,46,600,10,1,10,test,1,0.509124,0.5,0.15,3530,2717,0.769688,3389,1866,0.550605,16.3173,19.3,2,0.619716,7973,2814,5159,0.352941,61.908,12.737,11,83.3333,42.36
TR-GAT-NT,trgat,42,46,600,10,1,10,test,1,0.529094,0.5,0.15,3530,2582,0.731445,3389,1619,0.477722,14.9378,15.8,1.4,0.574459,6716,2668,4048,0.39726,48.576,11.9214,10,83.3333,42.36
TR-GAT-NT,trgat,42,46,600,10,1,10,test,1,0.551164,0.5,0.15,3530,2390,0.677054,3389,1351,0.398643,13.4181,11.4,1,0.526611,5462,2460,3002,0.450384,36.024,11.1912,9,83.3333,42.36
TR-GAT-NT,trgat,42,46,600,10,1,10,test,1,0.57416,0.5,0.15,3530,2185,0.61898,3389,1109,0.327235,12.1683,10.1,0.74,0.485667,4384,2243,2141,0.511633,25.692,10.3143,8,83.3333,42.36
TR-GAT-NT,trgat,42,46,600,10,1,10,test,1,0.601143,0.5,0.15,3530,1890,0.535411,3389,843,0.248746,10.9654,8.7,0.6,0.447934,3333,1941,1392,0.582358,16.704,9.33333,7,83.3333,42.36
TR-GAT-NT,trgat,42,46,600,10,1,10,test,1,0.629625,0.5,0.15,3530,1598,0.452691,3389,601,0.177338,9.53598,6.7,0.4,0.400231,2467,1635,832,0.662748,9.984,8.82572,6,83.3333,42.36
TR-GAT-NT,trgat,42,46,600,10,1,10,test,1,0.66178,0.5,0.15,3530,1204,0.341076,3389,398,0.117439,8.49311,5.1,0.3,0.367795,1686,1239,447,0.734875,5.364,8.06935,6,83.3333,42.36
TR-GAT-NT,trgat,42,46,600,10,1,10,test,1,0.700129,0.5,0.15,3530,740,0.209632,3389,200,0.0590145,7.33919,3.55,0.2,0.330288,898,750,148,0.835189,1.776,7.60811,6,83.3333,42.36
TR-GAT-NT,trgat,42,46,600,10,1,10,test,1,0.758265,0.5,0.15,3530,194,0.0549575,3389,45,0.0132783,6.14021,2.65,0.2,0.29271,219,199,20,0.908676,0.24,5.55,4,83.3333,42.36
TR-GAT-NT,trgat,42,46,600,10,1,10,val,1,0.156279,0.5,0.15,2966,2960,0.997977,2785,2777,0.997127,26.6596,29.4,17.08,0.986448,36433,2945,33488,0.0808333,401.856,33.8055,35,83.3333,35.592
TR-GAT-NT,trgat,42,46,600,10,1,10,val,1,0.251484,0.5,0.15,2966,2930,0.987862,2785,2724,0.978097,25.8069,29.3,13.89,0.957588,24824,2929,21895,0.117991,262.74,23.3799,22,83.3333,35.592
TR-GAT-NT,trgat,42,46,600,10,1,10,val,1,0.299755,0.5,0.15,2966,2896,0.976399,2785,2653,0.952603,24.8933,29.1,11.45,0.926826,20596,2905,17691,0.141047,212.292,20.7048,20,83.3333,35.592
TR-GAT-NT,trgat,42,46,600,10,1,10,val,1,0.331979,0.5,0.15,2966,2853,0.961902,2785,2584,0.927828,24.0671,27.9,10.32,0.899108,18093,2872,15221,0.158735,182.652,19.2249,18,83.3333,35.592
TR-GAT-NT,trgat,42,46,600,10,1,10,val,1,0.357915,0.5,0.15,2966,2813,0.948415,2785,2507,0.90018,23.2519,26.7,9.3,0.871752,16211,2838,13373,0.175066,160.476,18.1046,17,83.3333,35.592
TR-GAT-NT,trgat,42,46,600,10,1,10,val,1,0.380337,0.5,0.15,2966,2764,0.931895,2785,2419,0.868582,22.4277,25.3,8.2,0.844022,14627,2794,11833,0.191017,141.996,17.2101,16,83.3333,35.592
TR-GAT-NT,trgat,42,46,600,10,1,10,val,1,0.399906,0.5,0.15,2966,2720,0.91706,2785,2322,0.833752,21.5807,24.1,6.9,0.815727,13161,2754,10407,0.209255,124.884,16.539,15,83.3333,35.592
TR-GAT-NT,trgat,42,46,600,10,1,10,val,1,0.419508,0.5,0.15,2966,2667,0.899191,2785,2223,0.798205,20.7508,23.1,5.76,0.788672,11868,2711,9157,0.228429,109.884,15.8411,14,83.3333,35.592
TR-GAT-NT,trgat,42,46,600,10,1,10,val,1,0.437684,0.5,0.15,2966,2604,0.87795,2785,2117,0.760144,19.9249,22.3,4.9,0.76198,10723,2661,8062,0.248158,96.744,15.1439,14,83.3333,35.592
TR-GAT-NT,trgat,42,46,600,10,1,10,val,1,0.455241,0.5,0.15,2966,2536,0.855024,2785,1991,0.714901,19.027,21.5,3.9,0.733175,9585,2602,6983,0.271466,83.796,14.4731,13,83.3333,35.592
TR-GAT-NT,trgat,42,46,600,10,1,10,val,1,0.47333,0.5,0.15,2966,2470,0.832771,2785,1858,0.667145,17.8632,20.65,3,0.694821,8410,2546,5864,0.302735,70.368,13.8631,12,83.3333,35.592
TR-GAT-NT,trgat,42,46,600,10,1,10,val,1,0.48406,0.5,0.15,2966,2403,0.810182,2785,1739,0.624417,17.1333,20.1,2.5,0.67202,7778,2476,5302,0.318334,63.624,13.3991,11,83.3333,35.592
TR-GAT-NT,trgat,42,46,600,10,1,10,val,1,0.491036,0.5,0.15,2966,2360,0.795684,2785,1666,0.598205,16.6912,19.7,2.3,0.657595,7385,2432,4953,0.329316,59.436,13.0977,11,83.3333,35.592
TR-GAT-NT,trgat,42,46,600,10,1,10,val,1,0.509124,0.5,0.15,2966,2259,0.761632,2785,1462,0.524955,15.3404,17.2,1.7,0.614192,6360,2334,4026,0.366981,48.312,12.3363,10,83.3333,35.592
TR-GAT-NT,trgat,42,46,600,10,1,10,val,1,0.529094,0.5,0.15,2966,2146,0.723533,2785,1264,0.45386,13.9439,12.65,1.3,0.569427,5362,2211,3151,0.412346,37.812,11.656,9,83.3333,35.592
TR-GAT-NT,trgat,42,46,600,10,1,10,val,1,0.551164,0.5,0.15,2966,1999,0.673972,2785,1077,0.386715,12.752,10.9,0.9,0.532308,4379,2051,2328,0.468372,27.936,10.9781,8,83.3333,35.592
TR-GAT-NT,trgat,42,46,600,10,1,10,val,1,0.57416,0.5,0.15,2966,1821,0.613958,2785,888,0.318851,11.5427,9.5,0.7,0.495695,3575,1873,1702,0.523916,20.424,10.2039,8,83.3333,35.592
TR-GAT-NT,trgat,42,46,600,10,1,10,val,1,0.601143,0.5,0.15,2966,1610,0.542819,2785,698,0.250628,10.307,8,0.49,0.457426,2763,1658,1105,0.600072,13.26,9.47059,7,83.3333,35.592
TR-GAT-NT,trgat,42,46,600,10,1,10,val,1,0.629625,0.5,0.15,2966,1373,0.462913,2785,517,0.185637,9.18521,6.2,0.3,0.422582,2098,1410,688,0.672069,8.256,8.56395,6.5,83.3333,35.592
TR-GAT-NT,trgat,42,46,600,10,1,10,val,1,0.66178,0.5,0.15,2966,1050,0.354012,2785,332,0.11921,8.26638,5.45,0.2,0.387369,1431,1066,365,0.744934,4.38,7.79452,6,83.3333,35.592
TR-GAT-NT,trgat,42,46,600,10,1,10,val,1,0.700129,0.5,0.15,2966,675,0.227579,2785,168,0.0603232,6.97481,3.8,0.2,0.344399,820,681,139,0.830488,1.668,6.58993,5,83.3333,35.592
TR-GAT-NT,trgat,42,46,600,10,1,10,val,1,0.758265,0.5,0.15,2966,195,0.0657451,2785,32,0.0114901,4.73128,1.9,0.04,0.268933,212,195,17,0.919811,0.204,6,4,83.3333,35.592
TR-GAT-NT,trgat,42,46,600,10,1,10,test,1,0.156279,0.25,0,3530,3513,0.995184,3389,3368,0.993803,27.2244,29.4,20.32,0.983871,45994,3528,42466,0.0767057,509.592,18.4984,15,83.3333,42.36
TR-GAT-NT,trgat,42,46,600,10,1,10,test,1,0.251484,0.25,0,3530,3458,0.979603,3389,3282,0.968427,25.9814,29.1,16.8,0.941727,29798,3580,26218,0.120142,314.616,16.1596,14,83.3333,42.36
TR-GAT-NT,trgat,42,46,600,10,1,10,test,1,0.299755,0.25,0,3530,3382,0.958074,3389,3153,0.930363,24.7241,27.8,13.5,0.899708,24533,3605,20928,0.146945,251.136,14.6159,12,83.3333,42.36
TR-GAT-NT,trgat,42,46,600,10,1,10,test,1,0.331979,0.25,0,3530,3310,0.937677,3389,3042,0.89761,23.71,26.4,11.49,0.866279,21684,3628,18056,0.167312,216.672,13.3187,10,83.3333,42.36
TR-GAT-NT,trgat,42,46,600,10,1,10,test,1,0.357915,0.25,0,3530,3256,0.92238,3389,2936,0.866332,22.6971,25.1,10.1,0.832294,19742,3723,16019,0.188583,192.228,12.1079,9,83.3333,42.36
TR-GAT-NT,trgat,42,46,600,10,1,10,test,1,0.380337,0.25,0,3530,3185,0.902266,3389,2813,0.830038,21.7507,23.8,9,0.80065,17825,3763,14062,0.211108,168.744,11.1901,8,83.3333,42.36
TR-GAT-NT,trgat,42,46,600,10,1,10,test,1,0.399906,0.25,0,3530,3105,0.879603,3389,2666,0.786663,20.7529,22.8,7.6,0.767725,16198,3778,12420,0.233239,149.04,10.3671,7,83.3333,42.36
TR-GAT-NT,trgat,42,46,600,10,1,10,test,1,0.419508,0.25,0,3530,3005,0.851275,3389,2482,0.732369,19.6358,21.8,5.3,0.731024,14546,3697,10849,0.254159,130.188,9.46594,6,83.3333,42.36
TR-GAT-NT,trgat,42,46,600,10,1,10,test,1,0.437684,0.25,0,3530,2893,0.819547,3389,2276,0.671585,18.4602,20.9,4,0.692626,12756,3563,9193,0.27932,110.316,8.85609,6,83.3333,42.36
TR-GAT-NT,trgat,42,46,600,10,1,10,test,1,0.455241,0.25,0,3530,2779,0.787252,3389,2078,0.61316,17.2891,20,2.6,0.654056,11200,3438,7762,0.306964,93.144,8.21167,5,83.3333,42.36
TR-GAT-NT,trgat,42,46,600,10,1,10,test,1,0.47333,0.25,0,3530,2654,0.751841,3389,1848,0.545294,16.0546,18.7,2.2,0.614117,9600,3269,6331,0.340521,75.972,7.62913,5,83.3333,42.36
TR-GAT-NT,trgat,42,46,600,10,1,10,test,1,0.48406,0.25,0,3530,2566,0.726912,3389,1686,0.497492,15.252,17.3,1.7,0.588327,8635,3115,5520,0.360741,66.24,7.32011,5,83.3333,42.36
TR-GAT-NT,trgat,42,46,600,10,1,10,test,1,0.491036,0.25,0,3530,2507,0.710198,3389,1599,0.471821,14.7991,16.3,1.5,0.574033,8092,3059,5033,0.378028,60.396,7.09636,5,83.3333,42.36
TR-GAT-NT,trgat,42,46,600,10,1,10,test,1,0.509124,0.25,0,3530,2360,0.668555,3389,1394,0.411331,13.6911,13,1.19,0.538674,6723,2842,3881,0.422728,46.572,6.63051,4,83.3333,42.36
TR-GAT-NT,trgat,42,46,600,10,1,10,test,1,0.529094,0.25,0,3530,2127,0.60255,3389,1151,0.339628,12.7032,11,1,0.510785,5467,2594,2873,0.474483,34.476,6.10442,4,83.3333,42.36
TR-GAT-NT,trgat,42,46,600,10,1,10,test,1,0.551164,0.25,0,3530,1898,0.537677,3389,931,0.274712,11.5517,9.7,0.6,0.477534,4270,2329,1941,0.545433,23.292,5.71716,4,83.3333,42.36
TR-GAT-NT,trgat,42,46,600,10,1,10,test,1,0.57416,0.25,0,3530,1654,0.468555,3389,734,0.216583,10.6353,8.55,0.6,0.451374,3350,2054,1296,0.613134,15.552,5.1929,4,83.3333,42.36
TR-GAT-NT,trgat,42,46,600,10,1,10,test,1,0.601143,0.25,0,3530,1327,0.375921,3389,523,0.154323,9.69133,7.4,0.5,0.426643,2403,1628,775,0.677486,9.3,4.75097,3,83.3333,42.36
TR-GAT-NT,trgat,42,46,600,10,1,10,test,1,0.629625,0.25,0,3530,1011,0.286402,3389,359,0.105931,8.84006,6.3,0.4,0.409125,1686,1279,407,0.7586,4.884,4.25061,3,83.3333,42.36
TR-GAT-NT,trgat,42,46,600,10,1,10,test,1,0.66178,0.25,0,3530,662,0.187535,3389,212,0.0625553,8.17492,5.4,0.4,0.405246,1010,822,188,0.813861,2.256,3.5,2,83.3333,42.36
TR-GAT-NT,trgat,42,46,600,10,1,10,test,1,0.700129,0.25,0,3530,323,0.0915014,3389,93,0.0274417,7.49071,4.3,0.3,0.409774,484,427,57,0.882231,0.684,2.82456,2,83.3333,42.36
TR-GAT-NT,trgat,42,46,600,10,1,10,test,1,0.758265,0.25,0,3530,70,0.01983,3389,12,0.00354087,5.79,4.25,0,0.381054,87,82,5,0.942529,0.06,3,2,83.3333,42.36
TR-GAT-NT,trgat,42,46,600,10,1,10,val,1,0.156279,0.25,0,2966,2955,0.996291,2785,2771,0.994973,26.4849,29.3,16.64,0.980576,40487,2986,37501,0.0737521,450.012,17.9519,14,83.3333,35.592
TR-GAT-NT,trgat,42,46,600,10,1,10,val,1,0.251484,0.25,0,2966,2893,0.975388,2785,2668,0.957989,25.089,28.9,12.32,0.934051,25866,3004,22862,0.116137,274.344,15.3695,12,83.3333,35.592
TR-GAT-NT,trgat,42,46,600,10,1,10,val,1,0.299755,0.25,0,2966,2842,0.958193,2785,2572,0.923519,23.7733,27,10.51,0.89001,20955,3033,17922,0.144739,215.064,13.9023,11,83.3333,35.592
TR-GAT-NT,trgat,42,46,600,10,1,10,val,1,0.331979,0.25,0,2966,2774,0.935266,2785,2463,0.884381,22.6792,25.5,9,0.853951,18233,3032,15201,0.166292,182.412,12.6775,9,83.3333,35.592
TR-GAT-NT,trgat,42,46,600,10,1,10,val,1,0.357915,0.25,0,2966,2719,0.916723,2785,2363,0.848474,21.6505,24.2,7.5,0.819472,16211,3069,13142,0.189316,157.704,11.6781,8,83.3333,35.592
TR-GAT-NT,trgat,42,46,600,10,1,10,val,1,0.380337,0.25,0,2966,2652,0.894134,2785,2231,0.801077,20.7163,23.05,6.32,0.788488,14626,3106,11520,0.212362,138.24,10.7209,7,83.3333,35.592
TR-GAT-NT,trgat,42,46,600,10,1,10,val,1,0.399906,0.25,0,2966,2577,0.868847,2785,2097,0.752962,19.7212,22.1,4.9,0.75629,13158,3087,10071,0.23461,120.852,9.94449,7,83.3333,35.592
TR-GAT-NT,trgat,42,46,600,10,1,10,val,1,0.419508,0.25,0,2966,2495,0.8412,2785,1965,0.705566,18.6729,21.2,3.9,0.722777,11617,3048,8569,0.262374,102.828,9.25195,6,83.3333,35.592
TR-GAT-NT,trgat,42,46,600,10,1,10,val,1,0.437684,0.25,0,2966,2416,0.814565,2785,1816,0.652065,17.5307,20.2,2.95,0.686278,10197,2955,7242,0.289791,86.904,8.6182,6,83.3333,35.592
TR-GAT-NT,trgat,42,46,600,10,1,10,val,1,0.455241,0.25,0,2966,2317,0.781187,2785,1647,0.591382,16.3473,19.2,2.3,0.649063,8847,2831,6016,0.319995,72.192,8.08876,5,83.3333,35.592
TR-GAT-NT,trgat,42,46,600,10,1,10,val,1,0.47333,0.25,0,2966,2193,0.73938,2785,1448,0.519928,15.1593,17.3,1.7,0.612591,7530,2681,4849,0.356042,58.188,7.57022,5,83.3333,35.592
TR-GAT-NT,trgat,42,46,600,10,1,10,val,1,0.48406,0.25,0,2966,2126,0.71679,2785,1333,0.478636,14.4119,15.2,1.4,0.589483,6789,2565,4224,0.377817,50.688,7.31937,5,83.3333,35.592
TR-GAT-NT,trgat,42,46,600,10,1,10,val,1,0.491036,0.25,0,2966,2084,0.70263,2785,1272,0.456732,13.9979,13.8,1.23,0.576226,6343,2515,3828,0.3965,45.936,7.20402,5,83.3333,35.592
TR-GAT-NT,trgat,42,46,600,10,1,10,val,1,0.509124,0.25,0,2966,1958,0.660148,2785,1103,0.39605,12.9464,11.7,1,0.545,5324,2351,2973,0.441585,35.676,6.77127,4,83.3333,35.592
TR-GAT-NT,trgat,42,46,600,10,1,10,val,1,0.529094,0.25,0,2966,1812,0.610924,2785,941,0.337882,11.9513,10.35,0.7,0.516482,4399,2162,2237,0.491475,26.844,6.30666,4,83.3333,35.592
TR-GAT-NT,trgat,42,46,600,10,1,10,val,1,0.551164,0.25,0,2966,1590,0.536076,2785,758,0.272172,11.0252,9.25,0.59,0.494683,3456,1907,1549,0.551794,18.588,5.83086,4,83.3333,35.592
TR-GAT-NT,trgat,42,46,600,10,1,10,val,1,0.57416,0.25,0,2966,1391,0.468982,2785,614,0.220467,10.2306,8.4,0.5,0.476679,2739,1695,1044,0.618839,12.528,5.37165,4,83.3333,35.592
TR-GAT-NT,trgat,42,46,600,10,1,10,val,1,0.601143,0.25,0,2966,1149,0.38739,2785,448,0.160862,9.5322,7.8,0.4,0.464399,2043,1419,624,0.694567,7.488,4.86859,4,83.3333,35.592
TR-GAT-NT,trgat,42,46,600,10,1,10,val,1,0.629625,0.25,0,2966,902,0.304113,2785,296,0.106284,8.62461,6.7,0.3,0.444994,1472,1138,334,0.773098,4.008,4.3982,3,83.3333,35.592
TR-GAT-NT,trgat,42,46,600,10,1,10,val,1,0.66178,0.25,0,2966,614,0.207013,2785,167,0.0599641,7.51303,5.25,0.3,0.413603,938,773,165,0.824094,1.98,3.64848,2,83.3333,35.592
TR-GAT-NT,trgat,42,46,600,10,1,10,val,1,0.700129,0.25,0,2966,334,0.11261,2785,68,0.0244165,6.08653,3.45,0.2,0.38953,456,409,47,0.89693,0.564,3.25532,2,83.3333,35.592
TR-GAT-NT,trgat,42,46,600,10,1,10,val,1,0.758265,0.25,0,2966,72,0.0242751,2785,16,0.00574506,5.62639,1.95,0,0.428538,90,84,6,0.933333,0.072,4.33333,3.5,83.3333,35.592
TR-GAT-NT,trgat,42,46,600,10,1,10,test,1,0.156279,0.25,0.15,3530,3516,0.996034,3389,3371,0.994689,27.268,29.4,20.55,0.985306,37876,3492,34384,0.0921956,412.608,34.0307,35,83.3333,42.36
TR-GAT-NT,trgat,42,46,600,10,1,10,test,1,0.251484,0.25,0.15,3530,3464,0.981303,3389,3289,0.970493,26.0447,29.1,16.9,0.943775,25290,3441,21849,0.136062,262.188,25.6409,25,83.3333,42.36
TR-GAT-NT,trgat,42,46,600,10,1,10,test,1,0.299755,0.25,0.15,3530,3389,0.960057,3389,3160,0.932428,24.7913,27.9,13.58,0.901845,20823,3370,17453,0.16184,209.436,22.9437,22,83.3333,42.36
TR-GAT-NT,trgat,42,46,600,10,1,10,test,1,0.331979,0.25,0.15,3530,3321,0.940793,3389,3053,0.900856,23.7766,26.5,11.5,0.868312,18140,3304,14836,0.182139,178.032,21.405,21,83.3333,42.36
TR-GAT-NT,trgat,42,46,600,10,1,10,test,1,0.357915,0.25,0.15,3530,3265,0.924929,3389,2946,0.869283,22.8021,25.3,10.1,0.835666,16153,3257,12896,0.201634,154.752,20.2754,19,83.3333,42.36
TR-GAT-NT,trgat,42,46,600,10,1,10,test,1,0.380337,0.25,0.15,3530,3199,0.906232,3389,2829,0.83476,21.8853,24,9.1,0.804931,14391,3191,11200,0.221736,134.4,19.3251,19,83.3333,42.36
TR-GAT-NT,trgat,42,46,600,10,1,10,test,1,0.399906,0.25,0.15,3530,3124,0.884986,3389,2685,0.792269,20.8811,22.9,7.6,0.771673,12932,3123,9809,0.241494,117.708,18.4572,17,83.3333,42.36
TR-GAT-NT,trgat,42,46,600,10,1,10,test,1,0.419508,0.25,0.15,3530,3024,0.856657,3389,2503,0.738566,19.7897,21.9,5.4,0.735814,11477,3026,8451,0.263658,101.412,17.5817,16,83.3333,42.36
TR-GAT-NT,trgat,42,46,600,10,1,10,test,1,0.437684,0.25,0.15,3530,2920,0.827195,3389,2308,0.681027,18.6731,21.1,4.1,0.699193,10113,2927,7186,0.289429,86.232,16.8639,15,83.3333,42.36
TR-GAT-NT,trgat,42,46,600,10,1,10,test,1,0.455241,0.25,0.15,3530,2803,0.794051,3389,2106,0.621422,17.4893,20.1,2.7,0.660241,8835,2810,6025,0.318053,72.3,16.1955,15,83.3333,42.36
TR-GAT-NT,trgat,42,46,600,10,1,10,test,1,0.47333,0.25,0.15,3530,2682,0.759773,3389,1879,0.554441,16.2798,18.9,2.2,0.620987,7612,2687,4925,0.352995,59.1,15.4363,14,83.3333,42.36
TR-GAT-NT,trgat,42,46,600,10,1,10,test,1,0.48406,0.25,0.15,3530,2589,0.733428,3389,1714,0.505754,15.4761,17.8,1.7,0.595267,6905,2600,4305,0.376539,51.66,15.0265,13,83.3333,42.36
TR-GAT-NT,trgat,42,46,600,10,1,10,test,1,0.491036,0.25,0.15,3530,2526,0.715581,3389,1621,0.478312,14.995,16.55,1.5,0.580097,6462,2535,3927,0.392293,47.124,14.8103,13,83.3333,42.36
TR-GAT-NT,trgat,42,46,600,10,1,10,test,1,0.509124,0.25,0.15,3530,2378,0.673654,3389,1415,0.417527,13.8854,13.5,1.2,0.544647,5474,2388,3086,0.436244,37.032,14.0661,12,83.3333,42.36
TR-GAT-NT,trgat,42,46,600,10,1,10,test,1,0.529094,0.25,0.15,3530,2140,0.606232,3389,1167,0.344349,12.8857,11.3,1,0.516445,4427,2148,2279,0.485204,27.348,13.2343,11,83.3333,42.36
TR-GAT-NT,trgat,42,46,600,10,1,10,test,1,0.551164,0.25,0.15,3530,1910,0.541076,3389,944,0.278548,11.6914,9.75,0.6,0.481678,3493,1914,1579,0.547953,18.948,12.5282,11,83.3333,42.36
TR-GAT-NT,trgat,42,46,600,10,1,10,test,1,0.57416,0.25,0.15,3530,1663,0.471105,3389,744,0.219534,10.7673,8.7,0.6,0.455315,2723,1668,1055,0.61256,12.66,11.8076,10,83.3333,42.36
TR-GAT-NT,trgat,42,46,600,10,1,10,test,1,0.601143,0.25,0.15,3530,1332,0.377337,3389,528,0.155798,9.78273,7.5,0.5,0.429349,1956,1332,624,0.680982,7.488,11.2308,9,83.3333,42.36
TR-GAT-NT,trgat,42,46,600,10,1,10,test,1,0.629625,0.25,0.15,3530,1015,0.287535,3389,363,0.107111,8.93882,6.4,0.4,0.412014,1348,1015,333,0.752967,3.996,10.9459,8,83.3333,42.36
TR-GAT-NT,trgat,42,46,600,10,1,10,test,1,0.66178,0.25,0.15,3530,665,0.188385,3389,215,0.0634405,8.27383,5.4,0.4,0.40798,811,665,146,0.819975,1.752,11.5068,9,83.3333,42.36
TR-GAT-NT,trgat,42,46,600,10,1,10,test,1,0.700129,0.25,0.15,3530,325,0.092068,3389,95,0.0280319,7.62738,4.3,0.3,0.413406,372,325,47,0.873656,0.564,9.80851,7,83.3333,42.36
TR-GAT-NT,trgat,42,46,600,10,1,10,test,1,0.758265,0.25,0.15,3530,70,0.01983,3389,12,0.00354087,5.79,4.25,0,0.381054,74,70,4,0.945946,0.048,10.25,11,83.3333,42.36
TR-GAT-NT,trgat,42,46,600,10,1,10,val,1,0.156279,0.25,0.15,2966,2957,0.996966,2785,2773,0.995691,26.5269,29.4,16.7,0.981938,33171,2941,30230,0.0886618,362.76,34.2882,35,83.3333,35.592
TR-GAT-NT,trgat,42,46,600,10,1,10,val,1,0.251484,0.25,0.15,2966,2900,0.977748,2785,2676,0.960862,25.1753,29,12.5,0.936749,21838,2887,18951,0.132201,227.412,25.2037,25,83.3333,35.592
TR-GAT-NT,trgat,42,46,600,10,1,10,val,1,0.299755,0.25,0.15,2966,2846,0.959541,2785,2577,0.925314,23.887,27.2,10.65,0.893737,17749,2837,14912,0.15984,178.944,22.3894,22,83.3333,35.592
TR-GAT-NT,trgat,42,46,600,10,1,10,val,1,0.331979,0.25,0.15,2966,2780,0.937289,2785,2470,0.886894,22.7887,25.7,9,0.857465,15309,2776,12533,0.181331,150.396,20.8326,20,83.3333,35.592
TR-GAT-NT,trgat,42,46,600,10,1,10,val,1,0.357915,0.25,0.15,2966,2725,0.918746,2785,2371,0.851346,21.7821,24.3,7.5,0.823731,13435,2722,10713,0.202605,128.556,19.6922,19,83.3333,35.592
TR-GAT-NT,trgat,42,46,600,10,1,10,val,1,0.380337,0.25,0.15,2966,2655,0.895145,2785,2236,0.802873,20.8308,23.2,6.5,0.79227,11879,2655,9224,0.223504,110.688,18.7696,18,83.3333,35.592
TR-GAT-NT,trgat,42,46,600,10,1,10,val,1,0.399906,0.25,0.15,2966,2582,0.870533,2785,2104,0.755476,19.832,22.2,5.01,0.759874,10551,2583,7968,0.244811,95.616,17.9915,17,83.3333,35.592
TR-GAT-NT,trgat,42,46,600,10,1,10,val,1,0.419508,0.25,0.15,2966,2505,0.844572,2785,1975,0.709156,18.797,21.2,3.94,0.726604,9286,2510,6776,0.270299,81.312,17.184,16,83.3333,35.592
TR-GAT-NT,trgat,42,46,600,10,1,10,val,1,0.437684,0.25,0.15,2966,2427,0.818274,2785,1829,0.656732,17.6754,20.3,3,0.690734,8129,2427,5702,0.298561,68.424,16.5537,15,83.3333,35.592
TR-GAT-NT,trgat,42,46,600,10,1,10,val,1,0.455241,0.25,0.15,2966,2327,0.784558,2785,1660,0.59605,16.5071,19.3,2.3,0.654061,7011,2327,4684,0.331907,56.208,16.0275,15,83.3333,35.592
TR-GAT-NT,trgat,42,46,600,10,1,10,val,1,0.47333,0.25,0.15,2966,2206,0.743763,2785,1464,0.525673,15.3379,17.6,1.7,0.618049,6050,2209,3841,0.365124,46.092,15.1148,13,83.3333,35.592
TR-GAT-NT,trgat,42,46,600,10,1,10,val,1,0.48406,0.25,0.15,2966,2140,0.72151,2785,1349,0.484381,14.5989,15.55,1.4,0.595152,5505,2143,3362,0.389282,40.344,14.7921,13,83.3333,35.592
TR-GAT-NT,trgat,42,46,600,10,1,10,val,1,0.491036,0.25,0.15,2966,2098,0.70735,2785,1288,0.462478,14.1694,14.3,1.3,0.581365,5161,2101,3060,0.407092,36.72,14.5399,13,83.3333,35.592
TR-GAT-NT,trgat,42,46,600,10,1,10,val,1,0.509124,0.25,0.15,2966,1970,0.664194,2785,1118,0.401436,13.1225,11.8,1,0.550328,4350,1975,2375,0.454023,28.5,13.9592,12,83.3333,35.592
TR-GAT-NT,trgat,42,46,600,10,1,10,val,1,0.529094,0.25,0.15,2966,1820,0.613621,2785,953,0.34219,12.1225,10.5,0.7,0.521795,3608,1828,1780,0.506652,21.36,13.2697,11,83.3333,35.592
TR-GAT-NT,trgat,42,46,600,10,1,10,val,1,0.551164,0.25,0.15,2966,1596,0.538098,2785,767,0.275404,11.1612,9.4,0.6,0.49884,2878,1603,1275,0.556984,15.3,12.1231,10,83.3333,35.592
TR-GAT-NT,trgat,42,46,600,10,1,10,val,1,0.57416,0.25,0.15,2966,1395,0.47033,2785,620,0.222621,10.3467,8.4,0.5,0.480252,2245,1398,847,0.622717,10.164,11.8099,10,83.3333,35.592
TR-GAT-NT,trgat,42,46,600,10,1,10,val,1,0.601143,0.25,0.15,2966,1152,0.388402,2785,451,0.161939,9.60521,7.8,0.41,0.466501,1676,1156,520,0.689737,6.24,10.625,9,83.3333,35.592
TR-GAT-NT,trgat,42,46,600,10,1,10,val,1,0.629625,0.25,0.15,2966,906,0.305462,2785,300,0.10772,8.74636,6.8,0.3,0.448456,1201,911,290,0.758535,3.48,9.85517,8,83.3333,35.592
TR-GAT-NT,trgat,42,46,600,10,1,10,val,1,0.66178,0.25,0.15,2966,617,0.208024,2785,170,0.0610413,7.64441,5.3,0.3,0.417286,753,619,134,0.822045,1.608,9.54478,7,83.3333,35.592
TR-GAT-NT,trgat,42,46,600,10,1,10,val,1,0.700129,0.25,0.15,2966,335,0.112947,2785,69,0.0247756,6.15552,3.5,0.2,0.391352,375,335,40,0.893333,0.48,8.775,6.5,83.3333,35.592
TR-GAT-NT,trgat,42,46,600,10,1,10,val,1,0.758265,0.25,0.15,2966,72,0.0242751,2785,16,0.00574506,5.62639,1.95,0,0.428538,77,72,5,0.935065,0.06,11.2,9,83.3333,35.592
TR-GAT-NT,trgat,123,45,600,10,1,10,test,1,0.165125,1,0,3530,3519,0.996884,3389,3376,0.996164,27.3928,29.4,21.4,0.989568,94547,3765,90782,0.0398215,1089.38,9.23348,3,83.3333,42.36
TR-GAT-NT,trgat,123,45,600,10,1,10,test,1,0.262013,1,0,3530,3493,0.989518,3389,3331,0.982886,26.7554,29.3,18.4,0.967679,60144,4259,55885,0.0708134,670.62,8.33227,3,83.3333,42.36
TR-GAT-NT,trgat,123,45,600,10,1,10,test,1,0.309034,1,0,3530,3458,0.979603,3389,3280,0.967837,26.1456,29.2,16.87,0.94731,50673,4664,46009,0.0920411,552.108,7.54292,3,83.3333,42.36
TR-GAT-NT,trgat,123,45,600,10,1,10,test,1,0.34047,1,0,3530,3425,0.970255,3389,3225,0.951608,25.5787,29.1,15,0.9281,45805,5021,40784,0.109617,489.408,6.87282,3,83.3333,42.36
TR-GAT-NT,trgat,123,45,600,10,1,10,test,1,0.364959,1,0,3530,3382,0.958074,3389,3159,0.932133,24.9463,28.6,13.1,0.907114,42423,5345,37078,0.125993,444.936,6.30209,3,83.3333,42.36
TR-GAT-NT,trgat,123,45,600,10,1,10,test,1,0.386717,1,0,3530,3334,0.944476,3389,3077,0.907937,24.2845,27.6,11.83,0.885011,39522,5575,33947,0.141061,407.364,5.7616,3,83.3333,42.36
TR-GAT-NT,trgat,123,45,600,10,1,10,test,1,0.407264,1,0,3530,3295,0.933428,3389,3012,0.888758,23.6616,26.8,10.84,0.863973,36918,5811,31107,0.157403,373.284,5.22378,3,83.3333,42.36
TR-GAT-NT,trgat,123,45,600,10,1,10,test,1,0.425354,1,0,3530,3242,0.918414,3389,2916,0.860431,22.9341,25.5,9.9,0.839508,34281,5954,28327,0.173682,339.924,4.80351,2,83.3333,42.36
TR-GAT-NT,trgat,123,45,600,10,1,10,test,1,0.443149,1,0,3530,3205,0.907932,3389,2827,0.834169,22.1705,24.3,8.9,0.813683,31651,6068,25583,0.191716,306.996,4.40527,2,83.3333,42.36
TR-GAT-NT,trgat,123,45,600,10,1,10,test,1,0.460367,1,0,3530,3156,0.894051,3389,2729,0.805252,21.3978,23.4,7.65,0.787766,29035,6188,22847,0.213122,274.164,4.04613,2,83.3333,42.36
TR-GAT-NT,trgat,123,45,600,10,1,10,test,1,0.478784,1,0,3530,3085,0.873938,3389,2577,0.760401,20.3751,22.4,5.74,0.753774,25997,6094,19903,0.234412,238.836,3.69105,2,83.3333,42.36
TR-GAT-NT,trgat,123,45,600,10,1,10,test,1,0.491028,1,0,3530,3033,0.859207,3389,2479,0.731484,19.6721,21.8,5.1,0.73036,24033,6056,17977,0.251987,215.724,3.4642,2,83.3333,42.36
TR-GAT-NT,trgat,123,45,600,10,1,10,test,1,0.496066,1,0,3530,3006,0.851558,3389,2418,0.713485,19.3295,21.6,4.6,0.719013,23222,6002,17220,0.258462,206.64,3.38252,2,83.3333,42.36
TR-GAT-NT,trgat,123,45,600,10,1,10,test,1,0.514878,1,0,3530,2904,0.822663,3389,2230,0.658011,18.1875,20.8,3.23,0.680685,20273,5915,14358,0.291767,172.296,3.1005,2,83.3333,42.36
TR-GAT-NT,trgat,123,45,600,10,1,10,test,1,0.5347,1,0,3530,2791,0.790652,3389,1996,0.588964,16.849,19.7,2.5,0.636445,17347,5644,11703,0.325359,140.436,2.8315,2,83.3333,42.36
TR-GAT-NT,trgat,123,45,600,10,1,10,test,1,0.555797,1,0,3530,2674,0.757507,3389,1771,0.522573,15.555,16.65,2,0.593188,14546,5355,9191,0.368142,110.292,2.57622,1,83.3333,42.36
TR-GAT-NT,trgat,123,45,600,10,1,10,test,1,0.579001,1,0,3530,2517,0.713031,3389,1487,0.438772,14.0888,12.4,1.4,0.544962,11912,4997,6915,0.419493,82.98,2.32393,1,83.3333,42.36
TR-GAT-NT,trgat,123,45,600,10,1,10,test,1,0.604397,1,0,3530,2305,0.652975,3389,1206,0.355857,12.7186,10.4,1.1,0.501701,9582,4653,4929,0.485598,59.148,2.08906,1,83.3333,42.36
TR-GAT-NT,trgat,123,45,600,10,1,10,test,1,0.63315,1,0,3530,2077,0.588385,3389,964,0.28445,11.2712,9.2,0.8,0.453703,7306,4145,3161,0.567342,37.932,1.88738,1,83.3333,42.36
TR-GAT-NT,trgat,123,45,600,10,1,10,test,1,0.664829,1,0,3530,1782,0.504816,3389,700,0.206551,9.80932,6.6,0.6,0.404886,5315,3399,1916,0.639511,22.992,1.67223,1,83.3333,42.36
TR-GAT-NT,trgat,123,45,600,10,1,10,test,1,0.702296,1,0,3530,1314,0.372238,3389,448,0.132192,8.59559,4.95,0.4,0.361359,3201,2333,868,0.728835,10.416,1.54493,1,83.3333,42.36
TR-GAT-NT,trgat,123,45,600,10,1,10,test,1,0.757635,1,0,3530,573,0.162323,3389,174,0.0513426,7.37801,3.2,0.2,0.311576,1027,836,191,0.814021,2.292,1.27749,1,83.3333,42.36
TR-GAT-NT,trgat,123,45,600,10,1,10,val,1,0.165125,1,0,2966,2961,0.998314,2785,2778,0.997487,26.6573,29.4,17.1,0.986415,85022,3207,81815,0.0377196,981.78,8.75354,3,83.3333,35.592
TR-GAT-NT,trgat,123,45,600,10,1,10,val,1,0.262013,1,0,2966,2939,0.990897,2785,2738,0.983124,25.9302,29.3,14.08,0.961672,52486,3546,48940,0.0675609,587.28,7.88768,3,83.3333,35.592
TR-GAT-NT,trgat,123,45,600,10,1,10,val,1,0.309034,1,0,2966,2917,0.983479,2785,2693,0.966966,25.2775,29.1,12.6,0.939603,43589,3935,39654,0.0902751,475.848,7.13492,3,83.3333,35.592
TR-GAT-NT,trgat,123,45,600,10,1,10,val,1,0.34047,1,0,2966,2882,0.971679,2785,2633,0.945422,24.5945,28.55,11.02,0.916836,38979,4235,34744,0.108648,416.928,6.50602,3,83.3333,35.592
TR-GAT-NT,trgat,123,45,600,10,1,10,val,1,0.364959,1,0,2966,2851,0.961227,2785,2576,0.924955,23.9476,27.6,10.4,0.895274,35927,4523,31404,0.125894,376.848,5.9388,3,83.3333,35.592
TR-GAT-NT,trgat,123,45,600,10,1,10,val,1,0.386717,1,0,2966,2816,0.949427,2785,2510,0.901257,23.2471,26.5,9.4,0.871829,33189,4723,28466,0.142306,341.592,5.42033,3,83.3333,35.592
TR-GAT-NT,trgat,123,45,600,10,1,10,val,1,0.407264,1,0,2966,2780,0.937289,2785,2436,0.874686,22.5267,25.45,7.9,0.847832,30467,4845,25622,0.159025,307.464,4.95324,2,83.3333,35.592
TR-GAT-NT,trgat,123,45,600,10,1,10,val,1,0.425354,1,0,2966,2737,0.922792,2785,2357,0.84632,21.8062,24.4,7.1,0.823862,28058,4940,23118,0.176064,277.416,4.55744,2,83.3333,35.592
TR-GAT-NT,trgat,123,45,600,10,1,10,val,1,0.443149,1,0,2966,2685,0.90526,2785,2272,0.815799,21.0282,23.5,6.34,0.798537,25648,5000,20648,0.194947,247.776,4.20055,2,83.3333,35.592
TR-GAT-NT,trgat,123,45,600,10,1,10,val,1,0.460367,1,0,2966,2622,0.884019,2785,2164,0.77702,20.182,22.5,5.7,0.770151,23303,4964,18339,0.21302,220.068,3.87006,2,83.3333,35.592
TR-GAT-NT,trgat,123,45,600,10,1,10,val,1,0.478784,1,0,2966,2565,0.864801,2785,2035,0.7307,19.177,21.7,4.6,0.737444,20771,4953,15818,0.238457,189.816,3.54899,2,83.3333,35.592
TR-GAT-NT,trgat,123,45,600,10,1,10,val,1,0.491028,1,0,2966,2512,0.846932,2785,1939,0.69623,18.5517,21.2,4.1,0.71741,19177,4938,14239,0.257496,170.868,3.34349,2,83.3333,35.592
TR-GAT-NT,trgat,123,45,600,10,1,10,val,1,0.496066,1,0,2966,2488,0.83884,2785,1889,0.678276,18.2267,20.9,3.8,0.706918,18477,4905,13572,0.265465,162.864,3.26975,2,83.3333,35.592
TR-GAT-NT,trgat,123,45,600,10,1,10,val,1,0.514878,1,0,2966,2412,0.813216,2785,1731,0.621544,17.0366,19.9,2.9,0.668254,16148,4737,11411,0.293349,136.932,2.96205,2,83.3333,35.592
TR-GAT-NT,trgat,123,45,600,10,1,10,val,1,0.5347,1,0,2966,2324,0.783547,2785,1567,0.562657,15.836,17.55,2.4,0.629355,13749,4629,9120,0.336679,109.44,2.71721,2,83.3333,35.592
TR-GAT-NT,trgat,123,45,600,10,1,10,val,1,0.555797,1,0,2966,2200,0.74174,2785,1355,0.486535,14.5345,13.1,1.9,0.587568,11477,4431,7046,0.386077,84.552,2.51419,1,83.3333,35.592
TR-GAT-NT,trgat,123,45,600,10,1,10,val,1,0.579001,1,0,2966,2090,0.704653,2785,1150,0.412926,13.1961,11,1.4,0.543212,9456,4200,5256,0.444162,63.072,2.27549,1,83.3333,35.592
TR-GAT-NT,trgat,123,45,600,10,1,10,val,1,0.604397,1,0,2966,1960,0.660823,2785,950,0.341113,11.8099,9.6,1,0.497287,7619,3888,3731,0.510303,44.772,2.08684,1,83.3333,35.592
TR-GAT-NT,trgat,123,45,600,10,1,10,val,1,0.63315,1,0,2966,1772,0.597438,2785,774,0.277917,10.6611,8.25,0.6,0.456689,5979,3520,2459,0.588727,29.508,1.89752,1,83.3333,35.592
TR-GAT-NT,trgat,123,45,600,10,1,10,val,1,0.664829,1,0,2966,1508,0.508429,2785,570,0.204668,9.32918,6.2,0.5,0.411512,4393,2899,1494,0.659913,17.928,1.70415,1,83.3333,35.592
TR-GAT-NT,trgat,123,45,600,10,1,10,val,1,0.702296,1,0,2966,1154,0.389076,2785,373,0.133932,8.28674,4.85,0.3,0.381986,2812,2084,728,0.74111,8.736,1.51099,1,83.3333,35.592
TR-GAT-NT,trgat,123,45,600,10,1,10,val,1,0.757635,1,0,2966,528,0.178018,2785,118,0.0423698,6.24773,2.6,0.1,0.29762,960,808,152,0.841667,1.824,1.29605,1,83.3333,35.592
TR-GAT-NT,trgat,123,45,600,10,1,10,test,1,0.165125,1,0.15,3530,3524,0.9983,3389,3381,0.997639,27.4513,29.4,21.7,0.991469,51132,3501,47631,0.0684698,571.572,27.9262,27,83.3333,42.36
TR-GAT-NT,trgat,123,45,600,10,1,10,test,1,0.262013,1,0.15,3530,3499,0.991218,3389,3338,0.984951,26.8422,29.4,18.4,0.970509,36063,3522,32541,0.0976624,390.492,19.647,18,83.3333,42.36
TR-GAT-NT,trgat,123,45,600,10,1,10,test,1,0.309034,1,0.15,3530,3466,0.98187,3389,3288,0.970198,26.2567,29.3,16.9,0.950923,30264,3539,26725,0.116938,320.7,17.8131,16,83.3333,42.36
TR-GAT-NT,trgat,123,45,600,10,1,10,test,1,0.34047,1,0.15,3530,3435,0.973088,3389,3235,0.954559,25.6934,29.2,15.1,0.931795,26915,3553,23362,0.132008,280.344,16.7315,15,83.3333,42.36
TR-GAT-NT,trgat,123,45,600,10,1,10,test,1,0.364959,1,0.15,3530,3400,0.963173,3389,3179,0.938035,25.1119,29.1,13.29,0.912388,24522,3555,20967,0.144972,251.604,15.893,14,83.3333,42.36
TR-GAT-NT,trgat,123,45,600,10,1,10,test,1,0.386717,1,0.15,3530,3355,0.950425,3389,3098,0.914134,24.4671,28.2,12,0.890794,22460,3531,18929,0.157213,227.148,15.1833,13,83.3333,42.36
TR-GAT-NT,trgat,123,45,600,10,1,10,test,1,0.407264,1,0.15,3530,3311,0.93796,3389,3028,0.893479,23.8521,27.2,10.9,0.870109,20649,3518,17131,0.170371,205.572,14.4824,12,83.3333,42.36
TR-GAT-NT,trgat,123,45,600,10,1,10,test,1,0.425354,1,0.15,3530,3263,0.924363,3389,2939,0.867217,23.1637,25.9,10,0.846868,19164,3497,15667,0.182478,188.004,13.7792,11,83.3333,42.36
TR-GAT-NT,trgat,123,45,600,10,1,10,test,1,0.443149,1,0.15,3530,3219,0.911898,3389,2842,0.838595,22.402,24.7,8.9,0.821246,17629,3474,14155,0.197062,169.86,13.1209,10,83.3333,42.36
TR-GAT-NT,trgat,123,45,600,10,1,10,test,1,0.460367,1,0.15,3530,3171,0.8983,3389,2746,0.810269,21.6411,23.6,7.7,0.795705,16299,3465,12834,0.21259,154.008,12.4054,10,83.3333,42.36
TR-GAT-NT,trgat,123,45,600,10,1,10,test,1,0.478784,1,0.15,3530,3104,0.87932,3389,2599,0.766893,20.6513,22.6,5.83,0.762769,14745,3428,11317,0.232486,135.804,11.6568,9,83.3333,42.36
TR-GAT-NT,trgat,123,45,600,10,1,10,test,1,0.491028,1,0.15,3530,3054,0.865156,3389,2507,0.739746,19.9902,22,5.1,0.740712,13786,3404,10382,0.246917,124.584,11.1574,8,83.3333,42.36
TR-GAT-NT,trgat,123,45,600,10,1,10,test,1,0.496066,1,0.15,3530,3028,0.85779,3389,2448,0.722337,19.6339,21.8,4.6,0.728868,13373,3381,9992,0.252823,119.904,10.9561,8,83.3333,42.36
TR-GAT-NT,trgat,123,45,600,10,1,10,test,1,0.514878,1,0.15,3530,2919,0.826912,3389,2249,0.663618,18.4385,21,3.3,0.688868,11857,3296,8561,0.277979,102.732,10.2218,7,83.3333,42.36
TR-GAT-NT,trgat,123,45,600,10,1,10,test,1,0.5347,1,0.15,3530,2807,0.795184,3389,2016,0.594866,17.0898,19.8,2.5,0.644229,10418,3178,7240,0.305049,86.88,9.29517,6,83.3333,42.36
TR-GAT-NT,trgat,123,45,600,10,1,10,test,1,0.555797,1,0.15,3530,2687,0.76119,3389,1790,0.528179,15.774,17,2,0.600306,8930,3050,5880,0.341545,70.56,8.44303,6,83.3333,42.36
TR-GAT-NT,trgat,123,45,600,10,1,10,test,1,0.579001,1,0.15,3530,2529,0.716431,3389,1504,0.443789,14.2674,12.5,1.4,0.550684,7391,2837,4554,0.383845,54.648,7.58388,5,83.3333,42.36
TR-GAT-NT,trgat,123,45,600,10,1,10,test,1,0.604397,1,0.15,3530,2311,0.654674,3389,1218,0.359398,12.8802,10.5,1.1,0.506992,6012,2632,3380,0.437791,40.56,6.64527,4,83.3333,42.36
TR-GAT-NT,trgat,123,45,600,10,1,10,test,1,0.63315,1,0.15,3530,2084,0.590368,3389,975,0.287695,11.4114,9.3,0.8,0.458199,4644,2362,2282,0.508613,27.384,5.71209,4,83.3333,42.36
TR-GAT-NT,trgat,123,45,600,10,1,10,test,1,0.664829,1,0.15,3530,1784,0.505382,3389,702,0.207141,9.85589,6.6,0.6,0.40637,3479,2005,1474,0.576315,17.688,4.94505,3,83.3333,42.36
TR-GAT-NT,trgat,123,45,600,10,1,10,test,1,0.702296,1,0.15,3530,1316,0.372805,3389,450,0.132783,8.62865,5.05,0.4,0.362355,2172,1468,704,0.675875,8.448,4.51136,3,83.3333,42.36
TR-GAT-NT,trgat,123,45,600,10,1,10,test,1,0.757635,1,0.15,3530,574,0.162606,3389,175,0.0516377,7.4169,3.2,0.2,0.312775,791,623,168,0.787611,2.016,3.33929,2,83.3333,42.36
TR-GAT-NT,trgat,123,45,600,10,1,10,val,1,0.165125,1,0.15,2966,2963,0.998989,2785,2780,0.998205,26.7163,29.4,17.5,0.988355,45387,2949,42438,0.0649746,509.256,27.6973,27,83.3333,35.592
TR-GAT-NT,trgat,123,45,600,10,1,10,val,1,0.262013,1,0.15,2966,2944,0.992583,2785,2744,0.985278,26.0311,29.3,14.13,0.964927,31514,2978,28536,0.0944977,342.432,18.9774,17,83.3333,35.592
TR-GAT-NT,trgat,123,45,600,10,1,10,val,1,0.309034,1,0.15,2966,2921,0.984828,2785,2698,0.968761,25.3895,29.2,12.6,0.943281,25973,3004,22969,0.115659,275.628,17.1685,15,83.3333,35.592
TR-GAT-NT,trgat,123,45,600,10,1,10,val,1,0.34047,1,0.15,2966,2886,0.973028,2785,2637,0.946858,24.7246,29.1,11.1,0.92113,22997,3005,19992,0.130669,239.904,16.0532,14,83.3333,35.592
TR-GAT-NT,trgat,123,45,600,10,1,10,val,1,0.364959,1,0.15,2966,2859,0.963924,2785,2584,0.927828,24.0948,28.1,10.4,0.90002,20876,2994,17882,0.143418,214.584,15.1992,13,83.3333,35.592
TR-GAT-NT,trgat,123,45,600,10,1,10,val,1,0.386717,1,0.15,2966,2822,0.95145,2785,2517,0.90377,23.3955,26.9,9.5,0.876669,18930,2968,15962,0.156788,191.544,14.4748,12,83.3333,35.592
TR-GAT-NT,trgat,123,45,600,10,1,10,val,1,0.407264,1,0.15,2966,2788,0.939987,2785,2446,0.878276,22.6797,25.75,8,0.852764,17297,2966,14331,0.171475,171.972,13.7454,11,83.3333,35.592
TR-GAT-NT,trgat,123,45,600,10,1,10,val,1,0.425354,1,0.15,2966,2742,0.924477,2785,2363,0.848474,21.9559,24.6,7.1,0.828763,15903,2932,12971,0.184368,155.652,13.1042,10,83.3333,35.592
TR-GAT-NT,trgat,123,45,600,10,1,10,val,1,0.443149,1,0.15,2966,2695,0.908631,2785,2285,0.820467,21.2265,23.7,6.4,0.804924,14534,2899,11635,0.199463,139.62,12.4896,10,83.3333,35.592
TR-GAT-NT,trgat,123,45,600,10,1,10,val,1,0.460367,1,0.15,2966,2634,0.888065,2785,2179,0.782406,20.4112,22.75,5.73,0.777522,13285,2853,10432,0.214753,125.184,11.8309,9,83.3333,35.592
TR-GAT-NT,trgat,123,45,600,10,1,10,val,1,0.478784,1,0.15,2966,2582,0.870533,2785,2054,0.737522,19.4166,21.9,4.61,0.744986,12001,2837,9164,0.236397,109.968,11.1469,8,83.3333,35.592
TR-GAT-NT,trgat,123,45,600,10,1,10,val,1,0.491028,1,0.15,2966,2531,0.853338,2785,1961,0.704129,18.7964,21.3,4.1,0.725051,11129,2804,8325,0.251954,99.9,10.6972,8,83.3333,35.592
TR-GAT-NT,trgat,123,45,600,10,1,10,val,1,0.496066,1,0.15,2966,2510,0.846258,2785,1914,0.687253,18.4844,21.1,3.89,0.714887,10812,2783,8029,0.257399,96.348,10.4612,7,83.3333,35.592
TR-GAT-NT,trgat,123,45,600,10,1,10,val,1,0.514878,1,0.15,2966,2428,0.818611,2785,1749,0.628007,17.2624,20.1,2.9,0.675335,9584,2720,6864,0.283806,82.368,9.75801,7,83.3333,35.592
TR-GAT-NT,trgat,123,45,600,10,1,10,val,1,0.5347,1,0.15,2966,2330,0.78557,2785,1575,0.56553,16.0094,17.9,2.4,0.634992,8272,2613,5659,0.315885,67.908,8.94999,6,83.3333,35.592
TR-GAT-NT,trgat,123,45,600,10,1,10,val,1,0.555797,1,0.15,2966,2206,0.743763,2785,1363,0.489408,14.7193,13.25,1.9,0.593565,7044,2497,4547,0.354486,54.564,8.16604,5,83.3333,35.592
TR-GAT-NT,trgat,123,45,600,10,1,10,val,1,0.579001,1,0.15,2966,2099,0.707687,2785,1159,0.416158,13.33,11.1,1.4,0.547312,5887,2374,3513,0.403261,42.156,7.34301,5,83.3333,35.592
TR-GAT-NT,trgat,123,45,600,10,1,10,val,1,0.604397,1,0.15,2966,1963,0.661834,2785,953,0.34219,11.8673,9.6,1,0.499076,4816,2215,2601,0.459925,31.212,6.52941,4,83.3333,35.592
TR-GAT-NT,trgat,123,45,600,10,1,10,val,1,0.63315,1,0.15,2966,1776,0.598786,2785,778,0.279354,10.7325,8.3,0.6,0.45889,3775,2010,1765,0.53245,21.18,5.82436,4,83.3333,35.592
TR-GAT-NT,trgat,123,45,600,10,1,10,val,1,0.664829,1,0.15,2966,1509,0.508766,2785,571,0.205027,9.35355,6.2,0.5,0.412288,2795,1697,1098,0.607156,13.176,5.16667,3,83.3333,35.592
TR-GAT-NT,trgat,123,45,600,10,1,10,val,1,0.702296,1,0.15,2966,1154,0.389076,2785,373,0.133932,8.28761,4.85,0.3,0.382016,1859,1283,576,0.690156,6.912,4.54167,3,83.3333,35.592
TR-GAT-NT,trgat,123,45,600,10,1,10,val,1,0.757635,1,0.15,2966,528,0.178018,2785,118,0.0423698,6.24773,2.6,0.1,0.29762,694,565,129,0.814121,1.548,3.93798,3,83.3333,35.592
TR-GAT-NT,trgat,123,45,600,10,1,10,test,1,0.165125,0.5,0,3530,3517,0.996317,3389,3374,0.995574,27.3369,29.4,21.06,0.987684,60629,3586,57043,0.0591466,684.516,14.3649,8,83.3333,42.36
TR-GAT-NT,trgat,123,45,600,10,1,10,test,1,0.262013,0.5,0,3530,3478,0.985269,3389,3309,0.976394,26.4962,29.3,17.97,0.959088,39314,3791,35523,0.0964288,426.276,12.6801,8,83.3333,42.36
TR-GAT-NT,trgat,123,45,600,10,1,10,test,1,0.309034,0.5,0,3530,3435,0.973088,3389,3239,0.955739,25.7384,29.1,15.74,0.933761,33117,3969,29148,0.119848,349.776,11.426,7,83.3333,42.36
TR-GAT-NT,trgat,123,45,600,10,1,10,test,1,0.34047,0.5,0,3530,3386,0.959207,3389,3158,0.931838,24.9207,28.5,13.15,0.906176,29806,4107,25699,0.137791,308.388,10.3978,6,83.3333,42.36
TR-GAT-NT,trgat,123,45,600,10,1,10,test,1,0.364959,0.5,0,3530,3335,0.944759,3389,3069,0.905577,24.1699,27.4,11.5,0.881111,27521,4291,23230,0.155917,278.76,9.51033,6,83.3333,42.36
TR-GAT-NT,trgat,123,45,600,10,1,10,test,1,0.386717,0.5,0,3530,3282,0.929745,3389,2980,0.879315,23.4402,26.3,10.51,0.856723,25532,4410,21122,0.172724,253.464,8.68952,5,83.3333,42.36
TR-GAT-NT,trgat,123,45,600,10,1,10,test,1,0.407264,0.5,0,3530,3221,0.912465,3389,2867,0.845972,22.5594,25,9.4,0.827336,23528,4500,19028,0.191261,228.336,7.93678,5,83.3333,42.36
TR-GAT-NT,trgat,123,45,600,10,1,10,test,1,0.425354,0.5,0,3530,3177,0.9,3389,2780,0.820301,21.7595,23.8,8.26,0.800331,21768,4594,17174,0.211044,206.088,7.29329,5,83.3333,42.36
TR-GAT-NT,trgat,123,45,600,10,1,10,test,1,0.443149,0.5,0,3530,3104,0.87932,3389,2648,0.781351,20.9234,22.8,6.8,0.772854,19943,4598,15345,0.230557,184.14,6.65363,4,83.3333,42.36
TR-GAT-NT,trgat,123,45,600,10,1,10,test,1,0.460367,0.5,0,3530,3032,0.858924,3389,2497,0.736796,19.9085,21.95,5.3,0.738851,18004,4562,13442,0.253388,161.304,6.12275,4,83.3333,42.36
TR-GAT-NT,trgat,123,45,600,10,1,10,test,1,0.478784,0.5,0,3530,2923,0.828045,3389,2297,0.677781,18.7555,21.1,3.8,0.701027,15874,4401,11473,0.277246,137.676,5.59409,4,83.3333,42.36
TR-GAT-NT,trgat,123,45,600,10,1,10,test,1,0.491028,0.5,0,3530,2851,0.807649,3389,2145,0.63293,17.8909,20.5,3,0.672312,14427,4259,10168,0.29521,122.016,5.2619,3,83.3333,42.36
TR-GAT-NT,trgat,123,45,600,10,1,10,test,1,0.496066,0.5,0,3530,2821,0.79915,3389,2091,0.616996,17.5631,20.3,2.7,0.661477,13785,4203,9582,0.304897,114.984,5.17053,3,83.3333,42.36
TR-GAT-NT,trgat,123,45,600,10,1,10,test,1,0.514878,0.5,0,3530,2682,0.759773,3389,1859,0.548539,16.2587,19,2.1,0.618488,11702,4010,7692,0.342676,92.304,4.7799,3,83.3333,42.36
TR-GAT-NT,trgat,123,45,600,10,1,10,test,1,0.5347,0.5,0,3530,2556,0.724079,3389,1642,0.484509,15.0318,16,1.5,0.579025,9713,3784,5929,0.389581,71.148,4.4419,3,83.3333,42.36
TR-GAT-NT,trgat,123,45,600,10,1,10,test,1,0.555797,0.5,0,3530,2388,0.676487,3389,1378,0.40661,13.5886,11.9,1.1,0.531909,7900,3474,4426,0.439747,53.112,4.08473,3,83.3333,42.36
TR-GAT-NT,trgat,123,45,600,10,1,10,test,1,0.579001,0.5,0,3530,2166,0.613598,3389,1114,0.328711,12.3187,10.3,0.8,0.492568,6271,3152,3119,0.502631,37.428,3.69542,2,83.3333,42.36
TR-GAT-NT,trgat,123,45,600,10,1,10,test,1,0.604397,0.5,0,3530,1887,0.534561,3389,858,0.253172,11.0414,8.9,0.6,0.456123,4736,2736,2000,0.577703,24,3.374,2,83.3333,42.36
TR-GAT-NT,trgat,123,45,600,10,1,10,test,1,0.63315,0.5,0,3530,1587,0.449575,3389,634,0.187076,9.90561,7.7,0.5,0.422099,3526,2349,1177,0.666194,14.124,2.95582,2,83.3333,42.36
TR-GAT-NT,trgat,123,45,600,10,1,10,test,1,0.664829,0.5,0,3530,1208,0.34221,3389,421,0.124225,8.88858,6,0.3,0.393979,2314,1735,579,0.749784,6.948,2.64767,2,83.3333,42.36
TR-GAT-NT,trgat,123,45,600,10,1,10,test,1,0.702296,0.5,0,3530,719,0.203683,3389,231,0.0681617,8.1904,5,0.3,0.378178,1224,1018,206,0.831699,2.472,2.31553,2,83.3333,42.36
TR-GAT-NT,trgat,123,45,600,10,1,10,test,1,0.757635,0.5,0,3530,194,0.0549575,3389,53,0.0156388,7.29948,3.65,0.2,0.354884,277,245,32,0.884477,0.384,1.59375,1,83.3333,42.36
TR-GAT-NT,trgat,123,45,600,10,1,10,val,1,0.165125,0.5,0,2966,2957,0.996966,2785,2772,0.995332,26.6177,29.4,16.8,0.985141,54231,3039,51192,0.0560381,614.304,13.687,8,83.3333,35.592
TR-GAT-NT,trgat,123,45,600,10,1,10,val,1,0.262013,0.5,0,2966,2927,0.986851,2785,2711,0.973429,25.6666,29.2,13.3,0.952867,33970,3204,30766,0.0943185,369.192,12.1151,7,83.3333,35.592
TR-GAT-NT,trgat,123,45,600,10,1,10,val,1,0.309034,0.5,0,2966,2897,0.976736,2785,2651,0.951885,24.7865,28.8,11.36,0.923101,28427,3351,25076,0.117881,300.912,10.8207,7,83.3333,35.592
TR-GAT-NT,trgat,123,45,600,10,1,10,val,1,0.34047,0.5,0,2966,2844,0.958867,2785,2571,0.92316,23.9603,27.5,10.3,0.896001,25285,3478,21807,0.137552,261.684,9.84583,6,83.3333,35.592
TR-GAT-NT,trgat,123,45,600,10,1,10,val,1,0.364959,0.5,0,2966,2808,0.94673,2785,2498,0.896948,23.0739,26.3,9.1,0.866482,22943,3588,19355,0.156388,232.26,9.06753,6,83.3333,35.592
TR-GAT-NT,trgat,123,45,600,10,1,10,val,1,0.386717,0.5,0,2966,2767,0.932906,2785,2411,0.865709,22.266,25.1,7.7,0.839497,21225,3710,17515,0.174794,210.18,8.23409,5,83.3333,35.592
TR-GAT-NT,trgat,123,45,600,10,1,10,val,1,0.407264,0.5,0,2966,2700,0.910317,2785,2297,0.824776,21.386,24,6.79,0.810796,19410,3747,15663,0.193045,187.956,7.49773,5,83.3333,35.592
TR-GAT-NT,trgat,123,45,600,10,1,10,val,1,0.425354,0.5,0,2966,2643,0.891099,2785,2198,0.789228,20.5756,23,5.8,0.784154,17575,3747,13828,0.213201,165.936,6.96782,4,83.3333,35.592
TR-GAT-NT,trgat,123,45,600,10,1,10,val,1,0.443149,0.5,0,2966,2580,0.869858,2785,2081,0.747217,19.6601,22,4.89,0.754602,15892,3730,12162,0.234709,145.944,6.42098,4,83.3333,35.592
TR-GAT-NT,trgat,123,45,600,10,1,10,val,1,0.460367,0.5,0,2966,2506,0.844909,2785,1946,0.698743,18.7339,21.3,4.05,0.723548,14250,3668,10582,0.257404,126.984,5.93782,4,83.3333,35.592
TR-GAT-NT,trgat,123,45,600,10,1,10,val,1,0.478784,0.5,0,2966,2436,0.821308,2785,1786,0.641293,17.5588,20.3,3.2,0.685275,12410,3542,8868,0.285415,106.416,5.47474,3,83.3333,35.592
TR-GAT-NT,trgat,123,45,600,10,1,10,val,1,0.491028,0.5,0,2966,2362,0.796359,2785,1668,0.598923,16.8024,19.7,2.8,0.661502,11297,3471,7826,0.30725,93.912,5.18975,3,83.3333,35.592
TR-GAT-NT,trgat,123,45,600,10,1,10,val,1,0.496066,0.5,0,2966,2327,0.784558,2785,1609,0.577738,16.4251,19.2,2.5,0.649938,10836,3416,7420,0.315245,89.04,5.07695,3,83.3333,35.592
TR-GAT-NT,trgat,123,45,600,10,1,10,val,1,0.514878,0.5,0,2966,2237,0.754214,2785,1453,0.521724,15.2477,16.7,1.8,0.612598,9243,3282,5961,0.35508,71.532,4.66801,3,83.3333,35.592
TR-GAT-NT,trgat,123,45,600,10,1,10,val,1,0.5347,0.5,0,2966,2125,0.716453,2785,1259,0.452065,13.9624,12.7,1.4,0.571401,7575,3085,4490,0.407261,53.88,4.35367,3,83.3333,35.592
TR-GAT-NT,trgat,123,45,600,10,1,10,val,1,0.555797,0.5,0,2966,1982,0.66824,2785,1065,0.382406,12.6595,10.8,0.91,0.531509,6113,2869,3244,0.469328,38.928,4.09248,3,83.3333,35.592
TR-GAT-NT,trgat,123,45,600,10,1,10,val,1,0.579001,0.5,0,2966,1819,0.613284,2785,885,0.317774,11.5537,9.5,0.7,0.496522,4900,2653,2247,0.541429,26.964,3.82154,2,83.3333,35.592
TR-GAT-NT,trgat,123,45,600,10,1,10,val,1,0.604397,0.5,0,2966,1605,0.541133,2785,702,0.252065,10.484,8.4,0.6,0.467346,3879,2357,1522,0.607631,18.264,3.42838,2,83.3333,35.592
TR-GAT-NT,trgat,123,45,600,10,1,10,val,1,0.63315,0.5,0,2966,1349,0.454821,2785,509,0.182765,9.42202,6.8,0.3,0.434064,2887,1973,914,0.683408,10.968,3.0733,2,83.3333,35.592
TR-GAT-NT,trgat,123,45,600,10,1,10,val,1,0.664829,0.5,0,2966,1034,0.348618,2785,352,0.126391,8.64159,5.55,0.3,0.412339,2000,1538,462,0.769,5.544,2.79221,2,83.3333,35.592
TR-GAT-NT,trgat,123,45,600,10,1,10,val,1,0.702296,0.5,0,2966,670,0.225893,2785,177,0.0635548,7.26104,3.8,0.2,0.382547,1106,936,170,0.846293,2.04,2.47059,2,83.3333,35.592
TR-GAT-NT,trgat,123,45,600,10,1,10,val,1,0.757635,0.5,0,2966,193,0.0650708,2785,37,0.0132855,5.98187,2.7,0.2,0.333697,276,248,28,0.898551,0.336,1.64286,1,83.3333,35.592
TR-GAT-NT,trgat,123,45,600,10,1,10,test,1,0.165125,0.5,0.15,3530,3521,0.99745,3389,3378,0.996754,27.3901,29.4,21.3,0.989424,41781,3497,38284,0.0836983,459.408,32.8186,33,83.3333,42.36
TR-GAT-NT,trgat,123,45,600,10,1,10,test,1,0.262013,0.5,0.15,3530,3488,0.988102,3389,3321,0.979935,26.5906,29.3,18.17,0.962111,28765,3473,25292,0.120737,303.504,23.9658,23,83.3333,42.36
TR-GAT-NT,trgat,123,45,600,10,1,10,test,1,0.309034,0.5,0.15,3530,3444,0.975637,3389,3248,0.958395,25.8151,29.2,15.8,0.936186,24104,3442,20662,0.142798,247.944,21.5403,21,83.3333,42.36
TR-GAT-NT,trgat,123,45,600,10,1,10,test,1,0.34047,0.5,0.15,3530,3397,0.962323,3389,3170,0.935379,25.0424,28.8,13.26,0.910082,21387,3408,17979,0.159349,215.748,20.1046,19,83.3333,42.36
TR-GAT-NT,trgat,123,45,600,10,1,10,test,1,0.364959,0.5,0.15,3530,3351,0.949292,3389,3087,0.910888,24.3003,27.7,11.6,0.88522,19327,3379,15948,0.174833,191.376,19.1187,18,83.3333,42.36
TR-GAT-NT,trgat,123,45,600,10,1,10,test,1,0.386717,0.5,0.15,3530,3299,0.934561,3389,2997,0.884332,23.5772,26.6,10.6,0.861009,17596,3337,14259,0.189645,171.108,18.2533,17,83.3333,42.36
TR-GAT-NT,trgat,123,45,600,10,1,10,test,1,0.407264,0.5,0.15,3530,3240,0.917847,3389,2886,0.851579,22.7226,25.3,9.4,0.832461,15978,3283,12695,0.20547,152.34,17.4542,16,83.3333,42.36
TR-GAT-NT,trgat,123,45,600,10,1,10,test,1,0.425354,0.5,0.15,3530,3193,0.904533,3389,2798,0.825612,21.9357,24,8.32,0.805963,14651,3245,11406,0.221487,136.872,16.6258,15,83.3333,42.36
TR-GAT-NT,trgat,123,45,600,10,1,10,test,1,0.443149,0.5,0.15,3530,3119,0.883569,3389,2666,0.786663,21.1358,23,7,0.779732,13291,3177,10114,0.239034,121.368,15.8906,14,83.3333,42.36
TR-GAT-NT,trgat,123,45,600,10,1,10,test,1,0.460367,0.5,0.15,3530,3050,0.864023,3389,2520,0.743582,20.1385,22.1,5.39,0.746256,12031,3126,8905,0.259829,106.86,15.1682,13,83.3333,42.36
TR-GAT-NT,trgat,123,45,600,10,1,10,test,1,0.478784,0.5,0.15,3530,2945,0.834278,3389,2327,0.686633,19.0054,21.3,3.8,0.708981,10599,3020,7579,0.284933,90.948,14.4638,12,83.3333,42.36
TR-GAT-NT,trgat,123,45,600,10,1,10,test,1,0.491028,0.5,0.15,3530,2872,0.813598,3389,2171,0.640602,18.1341,20.6,3,0.680067,9757,2957,6800,0.303064,81.6,13.8965,12,83.3333,42.36
TR-GAT-NT,trgat,123,45,600,10,1,10,test,1,0.496066,0.5,0.15,3530,2840,0.804533,3389,2116,0.624373,17.8141,20.5,2.79,0.669531,9390,2926,6464,0.311608,77.568,13.6776,12,83.3333,42.36
TR-GAT-NT,trgat,123,45,600,10,1,10,test,1,0.514878,0.5,0.15,3530,2702,0.765439,3389,1886,0.556506,16.4876,19.25,2.1,0.625727,8090,2793,5297,0.345241,63.564,12.7716,11,83.3333,42.36
TR-GAT-NT,trgat,123,45,600,10,1,10,test,1,0.5347,0.5,0.15,3530,2573,0.728895,3389,1664,0.491,15.2406,16.5,1.5,0.585619,6841,2652,4189,0.387663,50.268,12.0711,10,83.3333,42.36
TR-GAT-NT,trgat,123,45,600,10,1,10,test,1,0.555797,0.5,0.15,3530,2401,0.68017,3389,1397,0.412216,13.7832,12.2,1.1,0.53812,5636,2468,3168,0.437899,38.016,11.2771,9,83.3333,42.36
TR-GAT-NT,trgat,123,45,600,10,1,10,test,1,0.579001,0.5,0.15,3530,2175,0.616147,3389,1125,0.331956,12.459,10.3,0.8,0.497024,4521,2231,2290,0.493475,27.48,10.3707,8,83.3333,42.36
TR-GAT-NT,trgat,123,45,600,10,1,10,test,1,0.604397,0.5,0.15,3530,1895,0.536827,3389,867,0.255828,11.1622,9,0.6,0.459855,3448,1938,1510,0.562065,18.12,9.36424,7,83.3333,42.36
TR-GAT-NT,trgat,123,45,600,10,1,10,test,1,0.63315,0.5,0.15,3530,1594,0.451558,3389,642,0.189436,10.0156,7.8,0.5,0.42543,2504,1630,874,0.650958,10.488,8.77689,6,83.3333,42.36
TR-GAT-NT,trgat,123,45,600,10,1,10,test,1,0.664829,0.5,0.15,3530,1211,0.343059,3389,425,0.125406,8.96433,6,0.3,0.3963,1696,1239,457,0.730542,5.484,8.20131,6,83.3333,42.36
TR-GAT-NT,trgat,123,45,600,10,1,10,test,1,0.702296,0.5,0.15,3530,721,0.204249,3389,233,0.0687518,8.25049,5,0.3,0.379903,912,734,178,0.804825,2.136,7.05056,5,83.3333,42.36
TR-GAT-NT,trgat,123,45,600,10,1,10,test,1,0.757635,0.5,0.15,3530,194,0.0549575,3389,53,0.0156388,7.29948,3.65,0.2,0.354884,220,194,26,0.881818,0.312,6.11538,5.5,83.3333,42.36
TR-GAT-NT,trgat,123,45,600,10,1,10,val,1,0.165125,0.5,0.15,2966,2961,0.998314,2785,2776,0.996768,26.6661,29.4,16.9,0.986659,36877,2946,33931,0.0798872,407.172,32.7747,33,83.3333,35.592
TR-GAT-NT,trgat,123,45,600,10,1,10,val,1,0.262013,0.5,0.15,2966,2931,0.9882,2785,2716,0.975224,25.7702,29.2,13.4,0.956241,24837,2926,21911,0.117808,262.932,23.4092,23,83.3333,35.592
TR-GAT-NT,trgat,123,45,600,10,1,10,val,1,0.309034,0.5,0.15,2966,2901,0.978085,2785,2657,0.954039,24.9202,29.1,11.6,0.927506,20685,2908,17777,0.140585,213.324,20.8316,20,83.3333,35.592
TR-GAT-NT,trgat,123,45,600,10,1,10,val,1,0.34047,0.5,0.15,2966,2850,0.96089,2785,2577,0.925314,24.0828,27.9,10.3,0.899966,18171,2866,15305,0.157724,183.66,19.3575,18,83.3333,35.592
TR-GAT-NT,trgat,123,45,600,10,1,10,val,1,0.364959,0.5,0.15,2966,2811,0.947741,2785,2503,0.898743,23.2095,26.6,9.2,0.870975,16305,2831,13474,0.173628,161.688,18.3161,17,83.3333,35.592
TR-GAT-NT,trgat,123,45,600,10,1,10,val,1,0.386717,0.5,0.15,2966,2770,0.933918,2785,2417,0.867864,22.4088,25.3,7.8,0.844243,14764,2804,11960,0.189921,143.52,17.4224,16,83.3333,35.592
TR-GAT-NT,trgat,123,45,600,10,1,10,val,1,0.407264,0.5,0.15,2966,2705,0.912003,2785,2303,0.82693,21.5173,24.2,6.8,0.815071,13311,2745,10566,0.20622,126.792,16.597,15,83.3333,35.592
TR-GAT-NT,trgat,123,45,600,10,1,10,val,1,0.425354,0.5,0.15,2966,2653,0.894471,2785,2209,0.793178,20.7012,23.1,5.9,0.788052,11993,2695,9298,0.224714,111.576,15.9101,14,83.3333,35.592
TR-GAT-NT,trgat,123,45,600,10,1,10,val,1,0.443149,0.5,0.15,2966,2590,0.87323,2785,2093,0.751526,19.8012,22.1,4.9,0.759018,10809,2634,8175,0.243686,98.1,15.2953,14,83.3333,35.592
TR-GAT-NT,trgat,123,45,600,10,1,10,val,1,0.460367,0.5,0.15,2966,2517,0.848618,2785,1959,0.703411,18.8767,21.4,4.1,0.728014,9660,2564,7096,0.265424,85.152,14.697,13,83.3333,35.592
TR-GAT-NT,trgat,123,45,600,10,1,10,val,1,0.478784,0.5,0.15,2966,2452,0.826703,2785,1805,0.648115,17.7591,20.5,3.2,0.691475,8518,2499,6019,0.293379,72.228,13.9857,12,83.3333,35.592
TR-GAT-NT,trgat,123,45,600,10,1,10,val,1,0.491028,0.5,0.15,2966,2381,0.802765,2785,1689,0.606463,17.0193,19.9,2.8,0.668126,7812,2432,5380,0.311316,64.56,13.4149,12,83.3333,35.592
TR-GAT-NT,trgat,123,45,600,10,1,10,val,1,0.496066,0.5,0.15,2966,2342,0.789616,2785,1626,0.583842,16.6269,19.4,2.51,0.656198,7532,2395,5137,0.317977,61.644,13.2322,11,83.3333,35.592
TR-GAT-NT,trgat,123,45,600,10,1,10,val,1,0.514878,0.5,0.15,2966,2248,0.757923,2785,1466,0.526391,15.4339,17.1,1.87,0.618444,6448,2299,4149,0.356545,49.788,12.543,11,83.3333,35.592
TR-GAT-NT,trgat,123,45,600,10,1,10,val,1,0.5347,0.5,0.15,2966,2136,0.720162,2785,1272,0.456732,14.1472,12.85,1.4,0.577174,5401,2193,3208,0.406036,38.496,11.6889,10,83.3333,35.592
TR-GAT-NT,trgat,123,45,600,10,1,10,val,1,0.555797,0.5,0.15,2966,1992,0.671612,2785,1077,0.386715,12.8273,10.9,1,0.536661,4460,2050,2410,0.459641,28.92,10.8622,9,83.3333,35.592
TR-GAT-NT,trgat,123,45,600,10,1,10,val,1,0.579001,0.5,0.15,2966,1826,0.615644,2785,894,0.321005,11.6712,9.55,0.7,0.500108,3564,1872,1692,0.525253,20.304,10.143,8,83.3333,35.592
TR-GAT-NT,trgat,123,45,600,10,1,10,val,1,0.604397,0.5,0.15,2966,1610,0.542819,2785,707,0.25386,10.5609,8.4,0.6,0.469595,2792,1648,1144,0.590258,13.728,9.39423,7,83.3333,35.592
TR-GAT-NT,trgat,123,45,600,10,1,10,val,1,0.63315,0.5,0.15,2966,1349,0.454821,2785,509,0.182765,9.43239,6.8,0.3,0.43442,2071,1384,687,0.668276,8.244,8.82969,7,83.3333,35.592
TR-GAT-NT,trgat,123,45,600,10,1,10,val,1,0.664829,0.5,0.15,2966,1034,0.348618,2785,352,0.126391,8.64255,5.55,0.3,0.412372,1437,1065,372,0.741127,4.464,7.94355,6,83.3333,35.592
TR-GAT-NT,trgat,123,45,600,10,1,10,val,1,0.702296,0.5,0.15,2966,671,0.226231,2785,178,0.0639138,7.29374,3.8,0.2,0.383467,822,680,142,0.827251,1.704,7.16901,5,83.3333,35.592
TR-GAT-NT,trgat,123,45,600,10,1,10,val,1,0.757635,0.5,0.15,2966,193,0.0650708,2785,37,0.0132855,5.98187,2.7,0.2,0.333697,217,193,24,0.889401,0.288,6.58333,6,83.3333,35.592
TR-GAT-NT,trgat,123,45,600,10,1,10,test,1,0.165125,0.25,0,3530,3515,0.995751,3389,3371,0.994689,27.2336,29.4,20.54,0.98419,46039,3539,42500,0.0768696,510,18.7965,16,83.3333,42.36
TR-GAT-NT,trgat,123,45,600,10,1,10,test,1,0.262013,0.25,0,3530,3451,0.97762,3389,3268,0.964296,25.9691,29.1,16.7,0.941643,29932,3577,26355,0.119504,316.26,16.1784,14,83.3333,42.36
TR-GAT-NT,trgat,123,45,600,10,1,10,test,1,0.309034,0.25,0,3530,3380,0.957507,3389,3154,0.930658,24.7647,27.9,13.7,0.901631,24731,3598,21133,0.145485,253.596,14.6513,12,83.3333,42.36
TR-GAT-NT,trgat,123,45,600,10,1,10,test,1,0.34047,0.25,0,3530,3307,0.936827,3389,3040,0.89702,23.7002,26.4,11.3,0.865916,21827,3616,18211,0.165666,218.532,13.4469,10,83.3333,42.36
TR-GAT-NT,trgat,123,45,600,10,1,10,test,1,0.364959,0.25,0,3530,3235,0.916431,3389,2923,0.862496,22.772,25.2,10.2,0.835269,19719,3618,16101,0.183478,193.212,12.3813,9,83.3333,42.36
TR-GAT-NT,trgat,123,45,600,10,1,10,test,1,0.386717,0.25,0,3530,3153,0.893201,3389,2780,0.820301,21.8231,23.8,8.9,0.803903,18012,3689,14323,0.204808,171.876,11.3994,8,83.3333,42.36
TR-GAT-NT,trgat,123,45,600,10,1,10,test,1,0.407264,0.25,0,3530,3085,0.873938,3389,2645,0.780466,20.8188,22.7,7.14,0.770485,16368,3737,12631,0.228311,151.572,10.4326,7,83.3333,42.36
TR-GAT-NT,trgat,123,45,600,10,1,10,test,1,0.425354,0.25,0,3530,3009,0.852408,3389,2491,0.735025,19.7555,21.8,5.48,0.735003,14753,3680,11073,0.249441,132.876,9.65529,7,83.3333,42.36
TR-GAT-NT,trgat,123,45,600,10,1,10,test,1,0.443149,0.25,0,3530,2902,0.822096,3389,2294,0.676896,18.6457,20.9,4.1,0.698939,13140,3607,9533,0.274505,114.396,8.92552,6,83.3333,42.36
TR-GAT-NT,trgat,123,45,600,10,1,10,test,1,0.460367,0.25,0,3530,2792,0.790935,3389,2091,0.616996,17.4631,20,3,0.660198,11525,3435,8090,0.298048,97.08,8.28517,5,83.3333,42.36
TR-GAT-NT,trgat,123,45,600,10,1,10,test,1,0.478784,0.25,0,3530,2656,0.752408,3389,1860,0.548834,16.1991,18.9,2.1,0.618978,9815,3229,6586,0.328986,79.032,7.69602,5,83.3333,42.36
TR-GAT-NT,trgat,123,45,600,10,1,10,test,1,0.491028,0.25,0,3530,2557,0.724363,3389,1700,0.501623,15.3553,17.6,1.7,0.591767,8753,3113,5640,0.355649,67.68,7.32163,5,83.3333,42.36
TR-GAT-NT,trgat,123,45,600,10,1,10,test,1,0.496066,0.25,0,3530,2515,0.712465,3389,1644,0.485099,15.0447,16.9,1.6,0.58213,8339,3035,5304,0.363953,63.648,7.15724,5,83.3333,42.36
TR-GAT-NT,trgat,123,45,600,10,1,10,test,1,0.514878,0.25,0,3530,2367,0.670538,3389,1425,0.420478,13.9286,14,1.2,0.546616,6941,2870,4071,0.413485,48.852,6.66151,5,83.3333,42.36
TR-GAT-NT,trgat,123,45,600,10,1,10,test,1,0.5347,0.25,0,3530,2159,0.611615,3389,1193,0.352021,12.8585,11.3,1,0.515673,5608,2637,2971,0.470221,35.652,6.23595,4,83.3333,42.36
TR-GAT-NT,trgat,123,45,600,10,1,10,test,1,0.555797,0.25,0,3530,1922,0.544476,3389,972,0.28681,11.832,10.1,0.7,0.486564,4403,2321,2082,0.527141,24.984,5.80451,4,83.3333,42.36
TR-GAT-NT,trgat,123,45,600,10,1,10,test,1,0.579001,0.25,0,3530,1652,0.467989,3389,748,0.220714,10.8535,9,0.6,0.461111,3393,1993,1400,0.587386,16.8,5.24929,4,83.3333,42.36
TR-GAT-NT,trgat,123,45,600,10,1,10,test,1,0.604397,0.25,0,3530,1350,0.382436,3389,556,0.16406,10.0824,8.1,0.6,0.449569,2468,1626,842,0.658833,10.104,4.78979,3,83.3333,42.36
TR-GAT-NT,trgat,123,45,600,10,1,10,test,1,0.63315,0.25,0,3530,1020,0.288952,3389,386,0.113898,9.29098,6.95,0.4,0.438386,1729,1281,448,0.740891,5.376,4.13616,3,83.3333,42.36
TR-GAT-NT,trgat,123,45,600,10,1,10,test,1,0.664829,0.25,0,3530,674,0.190935,3389,231,0.0681617,8.7368,6.5,0.5,0.443123,1055,851,204,0.806635,2.448,3.37745,2,83.3333,42.36
TR-GAT-NT,trgat,123,45,600,10,1,10,test,1,0.702296,0.25,0,3530,362,0.10255,3389,110,0.032458,7.83453,5.35,0.2,0.431448,494,439,55,0.888664,0.66,3.14545,2,83.3333,42.36
TR-GAT-NT,trgat,123,45,600,10,1,10,test,1,0.757635,0.25,0,3530,79,0.0223796,3389,20,0.00590145,6.85949,4.4,0.08,0.440558,93,87,6,0.935484,0.072,1.66667,1.5,83.3333,42.36
TR-GAT-NT,trgat,123,45,600,10,1,10,val,1,0.165125,0.25,0,2966,2953,0.995617,2785,2767,0.993537,26.4917,29.4,16.7,0.98092,40796,2975,37821,0.0729238,453.852,18.0773,15,83.3333,35.592
TR-GAT-NT,trgat,123,45,600,10,1,10,val,1,0.262013,0.25,0,2966,2904,0.979096,2785,2677,0.961221,25.0739,28.8,12.53,0.933082,25821,3030,22791,0.117346,273.492,15.4784,13,83.3333,35.592
TR-GAT-NT,trgat,123,45,600,10,1,10,val,1,0.309034,0.25,0,2966,2831,0.954484,2785,2559,0.918851,23.7644,27,10.2,0.890093,21024,3034,17990,0.144311,215.88,13.9591,11,83.3333,35.592
TR-GAT-NT,trgat,123,45,600,10,1,10,val,1,0.34047,0.25,0,2966,2770,0.933918,2785,2454,0.881149,22.6209,25.4,8.9,0.852331,18306,3052,15254,0.166721,183.048,12.8191,10,83.3333,35.592
TR-GAT-NT,trgat,123,45,600,10,1,10,val,1,0.364959,0.25,0,2966,2707,0.912677,2785,2344,0.841652,21.6159,24.1,7.3,0.819691,16441,3072,13369,0.18685,160.428,11.7959,8,83.3333,35.592
TR-GAT-NT,trgat,123,45,600,10,1,10,val,1,0.386717,0.25,0,2966,2637,0.889076,2785,2223,0.798205,20.6311,22.9,6.1,0.78746,14745,3052,11693,0.206985,140.316,10.9044,8,83.3333,35.592
TR-GAT-NT,trgat,123,45,600,10,1,10,val,1,0.407264,0.25,0,2966,2563,0.864127,2785,2081,0.747217,19.6217,22,5,0.754354,13188,3047,10141,0.231043,121.692,10.0526,7,83.3333,35.592
TR-GAT-NT,trgat,123,45,600,10,1,10,val,1,0.425354,0.25,0,2966,2491,0.839852,2785,1948,0.699461,18.6272,21,4.2,0.72193,11787,3007,8780,0.255112,105.36,9.33576,6,83.3333,35.592
TR-GAT-NT,trgat,123,45,600,10,1,10,val,1,0.443149,0.25,0,2966,2411,0.812879,2785,1801,0.646679,17.5031,20.2,3.2,0.68601,10378,2924,7454,0.28175,89.448,8.70821,6,83.3333,35.592
TR-GAT-NT,trgat,123,45,600,10,1,10,val,1,0.460367,0.25,0,2966,2314,0.780175,2785,1614,0.579533,16.3454,19.1,2.6,0.64826,9041,2804,6237,0.310143,74.844,8.16258,5,83.3333,35.592
TR-GAT-NT,trgat,123,45,600,10,1,10,val,1,0.478784,0.25,0,2966,2193,0.73938,2785,1438,0.516338,15.1849,17.2,1.82,0.613057,7743,2671,5072,0.344957,60.864,7.51656,5,83.3333,35.592
TR-GAT-NT,trgat,123,45,600,10,1,10,val,1,0.491028,0.25,0,2966,2125,0.716453,2785,1329,0.477199,14.3893,15.1,1.6,0.588124,6856,2570,4286,0.374854,51.432,7.27415,5,83.3333,35.592
TR-GAT-NT,trgat,123,45,600,10,1,10,val,1,0.496066,0.25,0,2966,2096,0.706676,2785,1268,0.455296,14.0076,13.9,1.4,0.576276,6518,2517,4001,0.386161,48.012,7.14771,5,83.3333,35.592
TR-GAT-NT,trgat,123,45,600,10,1,10,val,1,0.514878,0.25,0,2966,1947,0.65644,2785,1110,0.398564,13.0145,11.6,1.1,0.548743,5387,2321,3066,0.430852,36.792,6.6422,4,83.3333,35.592
TR-GAT-NT,trgat,123,45,600,10,1,10,val,1,0.5347,0.25,0,2966,1784,0.601483,2785,926,0.332496,11.9617,10.3,0.8,0.519471,4340,2135,2205,0.491935,26.46,6.30476,4,83.3333,35.592
TR-GAT-NT,trgat,123,45,600,10,1,10,val,1,0.555797,0.25,0,2966,1613,0.54383,2785,788,0.282944,11.1982,9.5,0.6,0.500392,3536,1965,1571,0.555713,18.852,5.86505,4,83.3333,35.592
TR-GAT-NT,trgat,123,45,600,10,1,10,val,1,0.579001,0.25,0,2966,1393,0.469656,2785,609,0.218671,10.316,8.6,0.4,0.480227,2735,1696,1039,0.62011,12.468,5.48316,4,83.3333,35.592
TR-GAT-NT,trgat,123,45,600,10,1,10,val,1,0.604397,0.25,0,2966,1156,0.389751,2785,455,0.163375,9.5795,7.5,0.3,0.471275,2113,1449,664,0.685755,7.968,4.82229,3,83.3333,35.592
TR-GAT-NT,trgat,123,45,600,10,1,10,val,1,0.63315,0.25,0,2966,917,0.309171,2785,313,0.112388,8.80338,6.3,0.26,0.451842,1479,1128,351,0.762677,4.212,4.21368,3,83.3333,35.592
TR-GAT-NT,trgat,123,45,600,10,1,10,val,1,0.664829,0.25,0,2966,604,0.203641,2785,179,0.0642729,7.86225,5.35,0.33,0.443217,913,750,163,0.821468,1.956,3.94479,3,83.3333,35.592
TR-GAT-NT,trgat,123,45,600,10,1,10,val,1,0.702296,0.25,0,2966,344,0.115981,2785,85,0.0305206,6.90669,4.5,0.3,0.460436,485,428,57,0.882474,0.684,3.57895,2,83.3333,35.592
TR-GAT-NT,trgat,123,45,600,10,1,10,val,1,0.757635,0.25,0,2966,59,0.0198921,2785,14,0.00502693,6.64237,3,0.26,0.558812,84,73,11,0.869048,0.132,1.36364,1,83.3333,35.592
TR-GAT-NT,trgat,123,45,600,10,1,10,test,1,0.165125,0.25,0.15,3530,3520,0.997167,3389,3376,0.996164,27.2761,29.4,20.79,0.985552,38128,3496,34632,0.0916911,415.584,33.5463,34,83.3333,42.36
TR-GAT-NT,trgat,123,45,600,10,1,10,test,1,0.262013,0.25,0.15,3530,3458,0.979603,3389,3276,0.966657,26.0354,29.1,16.9,0.943769,25438,3436,22002,0.135074,264.024,25.6819,25,83.3333,42.36
TR-GAT-NT,trgat,123,45,600,10,1,10,test,1,0.309034,0.25,0.15,3530,3389,0.960057,3389,3164,0.933609,24.8452,28,13.8,0.904183,20934,3369,17565,0.160934,210.78,23.1106,22,83.3333,42.36
TR-GAT-NT,trgat,123,45,600,10,1,10,test,1,0.34047,0.25,0.15,3530,3319,0.940227,3389,3052,0.900561,23.7792,26.5,11.3,0.868341,18318,3305,15013,0.180424,180.156,21.5942,21,83.3333,42.36
TR-GAT-NT,trgat,123,45,600,10,1,10,test,1,0.364959,0.25,0.15,3530,3248,0.920113,3389,2937,0.866627,22.8694,25.25,10.2,0.838292,16294,3243,13051,0.19903,156.612,20.4751,20,83.3333,42.36
TR-GAT-NT,trgat,123,45,600,10,1,10,test,1,0.386717,0.25,0.15,3530,3169,0.897734,3389,2796,0.825022,21.9372,24,8.9,0.807412,14533,3167,11366,0.217918,136.392,19.6278,19,83.3333,42.36
TR-GAT-NT,trgat,123,45,600,10,1,10,test,1,0.407264,0.25,0.15,3530,3100,0.878187,3389,2662,0.785482,20.9532,22.9,7.2,0.774696,13003,3103,9900,0.238637,118.8,18.6565,17,83.3333,42.36
TR-GAT-NT,trgat,123,45,600,10,1,10,test,1,0.425354,0.25,0.15,3530,3029,0.858074,3389,2512,0.741222,19.9153,21.9,5.58,0.739952,11713,3036,8677,0.259199,104.124,17.7601,16,83.3333,42.36
TR-GAT-NT,trgat,123,45,600,10,1,10,test,1,0.443149,0.25,0.15,3530,2921,0.827479,3389,2315,0.683092,18.8113,21,4.2,0.704093,10357,2922,7435,0.282128,89.22,16.9389,15,83.3333,42.36
TR-GAT-NT,trgat,123,45,600,10,1,10,test,1,0.460367,0.25,0.15,3530,2813,0.796884,3389,2116,0.624373,17.6433,20.1,3,0.665791,9101,2817,6284,0.309526,75.408,16.1946,15,83.3333,42.36
TR-GAT-NT,trgat,123,45,600,10,1,10,test,1,0.478784,0.25,0.15,3530,2673,0.757224,3389,1881,0.555031,16.3627,19.1,2.12,0.624063,7812,2679,5133,0.342934,61.596,15.487,14,83.3333,42.36
TR-GAT-NT,trgat,123,45,600,10,1,10,test,1,0.491028,0.25,0.15,3530,2573,0.728895,3389,1722,0.508114,15.5441,18,1.7,0.59771,7005,2581,4424,0.368451,53.088,14.9862,13,83.3333,42.36
TR-GAT-NT,trgat,123,45,600,10,1,10,test,1,0.496066,0.25,0.15,3530,2535,0.71813,3389,1671,0.493066,15.2657,17.2,1.6,0.589019,6712,2539,4173,0.378278,50.076,14.7625,13,83.3333,42.36
TR-GAT-NT,trgat,123,45,600,10,1,10,test,1,0.514878,0.25,0.15,3530,2385,0.675637,3389,1446,0.426675,14.1171,14.4,1.2,0.552381,5646,2386,3260,0.4226,39.12,13.9613,12,83.3333,42.36
TR-GAT-NT,trgat,123,45,600,10,1,10,test,1,0.5347,0.25,0.15,3530,2170,0.614731,3389,1207,0.356152,13.0162,11.4,1,0.520576,4588,2174,2414,0.473845,28.968,13.3024,11,83.3333,42.36
TR-GAT-NT,trgat,123,45,600,10,1,10,test,1,0.555797,0.25,0.15,3530,1929,0.546459,3389,981,0.289466,11.9682,10.1,0.7,0.490811,3637,1931,1706,0.530932,20.472,12.5967,11,83.3333,42.36
TR-GAT-NT,trgat,123,45,600,10,1,10,test,1,0.579001,0.25,0.15,3530,1658,0.469688,3389,755,0.22278,10.9661,9,0.6,0.464548,2802,1662,1140,0.593148,13.68,11.743,10,83.3333,42.36
TR-GAT-NT,trgat,123,45,600,10,1,10,test,1,0.604397,0.25,0.15,3530,1356,0.384136,3389,564,0.166421,10.2275,8.2,0.6,0.453972,2045,1358,687,0.664059,8.244,11.2416,9,83.3333,42.36
TR-GAT-NT,trgat,123,45,600,10,1,10,test,1,0.63315,0.25,0.15,3530,1024,0.290085,3389,391,0.115373,9.39219,7,0.4,0.441318,1396,1026,370,0.734957,4.44,10.7649,9,83.3333,42.36
TR-GAT-NT,trgat,123,45,600,10,1,10,test,1,0.664829,0.25,0.15,3530,676,0.191501,3389,234,0.0690469,8.83491,6.55,0.5,0.446041,844,677,167,0.802133,2.004,10.5689,8,83.3333,42.36
TR-GAT-NT,trgat,123,45,600,10,1,10,test,1,0.702296,0.25,0.15,3530,364,0.103116,3389,112,0.0330481,7.9522,5.4,0.2,0.434572,411,364,47,0.885645,0.564,10.1277,8,83.3333,42.36
TR-GAT-NT,trgat,123,45,600,10,1,10,test,1,0.757635,0.25,0.15,3530,79,0.0223796,3389,20,0.00590145,6.85949,4.4,0.08,0.440558,84,79,5,0.940476,0.06,8,8,83.3333,42.36
TR-GAT-NT,trgat,123,45,600,10,1,10,val,1,0.165125,0.25,0.15,2966,2958,0.997303,2785,2772,0.995332,26.5329,29.4,16.77,0.982165,33490,2943,30547,0.087877,366.564,33.6049,34,83.3333,35.592
TR-GAT-NT,trgat,123,45,600,10,1,10,val,1,0.262013,0.25,0.15,2966,2908,0.980445,2785,2683,0.963375,25.1536,29,12.6,0.935659,21911,2895,19016,0.132125,228.192,25.191,24,83.3333,35.592
TR-GAT-NT,trgat,123,45,600,10,1,10,val,1,0.309034,0.25,0.15,2966,2836,0.95617,2785,2566,0.921364,23.8903,27.2,10.3,0.894199,17825,2826,14999,0.158541,179.988,22.4995,22,83.3333,35.592
TR-GAT-NT,trgat,123,45,600,10,1,10,val,1,0.34047,0.25,0.15,2966,2777,0.936278,2785,2461,0.883662,22.7656,25.7,8.96,0.857016,15386,2773,12613,0.180229,151.356,20.9522,20,83.3333,35.592
TR-GAT-NT,trgat,123,45,600,10,1,10,val,1,0.364959,0.25,0.15,2966,2714,0.915037,2785,2353,0.844883,21.7714,24.3,7.4,0.824734,13570,2712,10858,0.199853,130.296,19.9466,19,83.3333,35.592
TR-GAT-NT,trgat,123,45,600,10,1,10,val,1,0.386717,0.25,0.15,2966,2646,0.892111,2785,2234,0.802154,20.7652,23.1,6.1,0.791685,12036,2645,9391,0.219757,112.692,19.0263,18,83.3333,35.592
TR-GAT-NT,trgat,123,45,600,10,1,10,val,1,0.407264,0.25,0.15,2966,2570,0.866487,2785,2089,0.75009,19.7471,22.1,5.09,0.758359,10632,2569,8063,0.241629,96.756,18.0613,17,83.3333,35.592
TR-GAT-NT,trgat,123,45,600,10,1,10,val,1,0.425354,0.25,0.15,2966,2500,0.842886,2785,1958,0.703052,18.7394,21.1,4.2,0.725396,9440,2499,6941,0.264725,83.292,17.3427,16,83.3333,35.592
TR-GAT-NT,trgat,123,45,600,10,1,10,val,1,0.443149,0.25,0.15,2966,2421,0.816251,2785,1813,0.650987,17.6378,20.2,3.2,0.690185,8306,2422,5884,0.291596,70.608,16.5406,15,83.3333,35.592
TR-GAT-NT,trgat,123,45,600,10,1,10,val,1,0.460367,0.25,0.15,2966,2327,0.784558,2785,1630,0.585278,16.5256,19.2,2.6,0.65384,7253,2328,4925,0.320971,59.1,15.9608,14,83.3333,35.592
TR-GAT-NT,trgat,123,45,600,10,1,10,val,1,0.478784,0.25,0.15,2966,2206,0.743763,2785,1452,0.521364,15.3358,17.4,1.9,0.617578,6249,2205,4044,0.352856,48.528,15.1417,13,83.3333,35.592
TR-GAT-NT,trgat,123,45,600,10,1,10,val,1,0.491028,0.25,0.15,2966,2140,0.72151,2785,1344,0.482585,14.5566,15.3,1.6,0.593083,5588,2138,3450,0.382606,41.4,14.6881,13,83.3333,35.592
TR-GAT-NT,trgat,123,45,600,10,1,10,val,1,0.496066,0.25,0.15,2966,2107,0.710384,2785,1280,0.459605,14.1673,14.1,1.4,0.58116,5324,2105,3219,0.395379,38.628,14.479,13,83.3333,35.592
TR-GAT-NT,trgat,123,45,600,10,1,10,val,1,0.514878,0.25,0.15,2966,1960,0.660823,2785,1126,0.404309,13.2215,11.8,1.19,0.555046,4440,1963,2477,0.442117,29.724,13.8595,12,83.3333,35.592
TR-GAT-NT,trgat,123,45,600,10,1,10,val,1,0.5347,0.25,0.15,2966,1792,0.604181,2785,938,0.336804,12.1396,10.4,0.8,0.524989,3604,1797,1807,0.498613,21.684,13.1655,11,83.3333,35.592
TR-GAT-NT,trgat,123,45,600,10,1,10,val,1,0.555797,0.25,0.15,2966,1620,0.54619,2785,797,0.286176,11.3231,9.6,0.6,0.504105,2944,1631,1313,0.554008,15.756,12.4539,10,83.3333,35.592
TR-GAT-NT,trgat,123,45,600,10,1,10,val,1,0.579001,0.25,0.15,2966,1400,0.472016,2785,617,0.221544,10.4404,8.7,0.4,0.483799,2278,1406,872,0.617208,10.464,11.7351,9,83.3333,35.592
TR-GAT-NT,trgat,123,45,600,10,1,10,val,1,0.604397,0.25,0.15,2966,1159,0.390762,2785,459,0.164811,9.66618,7.5,0.3,0.47385,1707,1166,541,0.68307,6.492,11.2107,9,83.3333,35.592
TR-GAT-NT,trgat,123,45,600,10,1,10,val,1,0.63315,0.25,0.15,2966,918,0.309508,2785,314,0.112747,8.84237,6.3,0.27,0.452999,1216,923,293,0.759046,3.516,10.273,8,83.3333,35.592
TR-GAT-NT,trgat,123,45,600,10,1,10,val,1,0.664829,0.25,0.15,2966,604,0.203641,2785,179,0.0642729,7.86391,5.35,0.33,0.443274,755,607,148,0.803974,1.776,9.31081,7,83.3333,35.592
TR-GAT-NT,trgat,123,45,600,10,1,10,val,1,0.702296,0.25,0.15,2966,345,0.116318,2785,86,0.0308797,6.9713,4.6,0.3,0.462,393,345,48,0.877863,0.576,11.0417,8.5,83.3333,35.592
TR-GAT-NT,trgat,123,45,600,10,1,10,val,1,0.757635,0.25,0.15,2966,59,0.0198921,2785,14,0.00502693,6.64237,3,0.26,0.558812,69,59,10,0.855072,0.12,11,10.5,83.3333,35.592
TR-GAT-NT,trgat,456,37,600,10,1,10,test,1,0.161848,1,0,3530,3518,0.996601,3389,3375,0.995869,27.3684,29.4,21,0.988711,94556,3774,90782,0.0399129,1089.38,9.20034,3,83.3333,42.36
TR-GAT-NT,trgat,456,37,600,10,1,10,test,1,0.26062,1,0,3530,3492,0.989235,3389,3326,0.98141,26.7422,29.3,18.3,0.967224,58684,4248,54436,0.0723877,653.232,8.40697,3,83.3333,42.36
TR-GAT-NT,trgat,456,37,600,10,1,10,test,1,0.307439,1,0,3530,3463,0.98102,3389,3279,0.967542,26.1166,29.2,16.6,0.946256,49348,4655,44693,0.0943301,536.316,7.65554,3,83.3333,42.36
TR-GAT-NT,trgat,456,37,600,10,1,10,test,1,0.338616,1,0,3530,3423,0.969688,3389,3225,0.951608,25.5351,29.1,14.9,0.92682,44884,5059,39825,0.112713,477.9,6.95395,3,83.3333,42.36
TR-GAT-NT,trgat,456,37,600,10,1,10,test,1,0.364403,1,0,3530,3376,0.956374,3389,3146,0.928297,24.9226,28.5,13.3,0.906686,41497,5378,36119,0.1296,433.428,6.30928,3,83.3333,42.36
TR-GAT-NT,trgat,456,37,600,10,1,10,test,1,0.385338,1,0,3530,3325,0.941926,3389,3070,0.905872,24.325,27.7,12.04,0.886914,38749,5584,33165,0.144107,397.98,5.77784,3,83.3333,42.36
TR-GAT-NT,trgat,456,37,600,10,1,10,test,1,0.405054,1,0,3530,3279,0.928895,3389,2996,0.884037,23.633,26.4,11.08,0.86385,36091,5736,30355,0.158932,364.26,5.276,3,83.3333,42.36
TR-GAT-NT,trgat,456,37,600,10,1,10,test,1,0.423652,1,0,3530,3238,0.91728,3389,2918,0.861021,22.9241,25.3,10,0.839919,33557,5888,27669,0.175463,332.028,4.81358,3,83.3333,42.36
TR-GAT-NT,trgat,456,37,600,10,1,10,test,1,0.441719,1,0,3530,3192,0.904249,3389,2822,0.832694,22.2225,24.1,8.91,0.816157,30777,5953,24824,0.193424,297.888,4.40819,2,83.3333,42.36
TR-GAT-NT,trgat,456,37,600,10,1,10,test,1,0.459312,1,0,3530,3136,0.888385,3389,2708,0.799056,21.4271,23.3,7.05,0.789249,27952,5985,21967,0.214117,263.604,4.04047,2,83.3333,42.36
TR-GAT-NT,trgat,456,37,600,10,1,10,test,1,0.476355,1,0,3530,3056,0.865722,3389,2564,0.756565,20.5297,22.5,5.5,0.759473,25101,5923,19178,0.235967,230.136,3.719,2,83.3333,42.36
TR-GAT-NT,trgat,456,37,600,10,1,10,test,1,0.493282,1,0,3530,2980,0.844193,3389,2410,0.711124,19.54,21.8,4.5,0.726651,22377,5852,16525,0.261519,198.3,3.40545,2,83.3333,42.36
TR-GAT-NT,trgat,456,37,600,10,1,10,test,1,0.494457,1,0,3530,2974,0.842493,3389,2395,0.706698,19.4697,21.7,4.4,0.724301,22155,5834,16321,0.263327,195.852,3.38919,2,83.3333,42.36
TR-GAT-NT,trgat,456,37,600,10,1,10,test,1,0.512928,1,0,3530,2881,0.816147,3389,2189,0.645913,18.2221,21,3.4,0.682811,19313,5631,13682,0.291565,164.184,3.05248,2,83.3333,42.36
TR-GAT-NT,trgat,456,37,600,10,1,10,test,1,0.532604,1,0,3530,2765,0.783286,3389,1942,0.57303,16.804,20,2.4,0.635167,16365,5404,10961,0.330217,131.532,2.78378,2,83.3333,42.36
TR-GAT-NT,trgat,456,37,600,10,1,10,test,1,0.552786,1,0,3530,2640,0.747875,3389,1689,0.498377,15.3735,16.6,1.7,0.587898,13749,5139,8610,0.373773,103.32,2.51556,1,83.3333,42.36
TR-GAT-NT,trgat,456,37,600,10,1,10,test,1,0.574964,1,0,3530,2452,0.694618,3389,1426,0.420773,14.0466,12.3,1.5,0.544161,11233,4847,6386,0.431496,76.632,2.31506,1,83.3333,42.36
TR-GAT-NT,trgat,456,37,600,10,1,10,test,1,0.598729,1,0,3530,2271,0.643343,3389,1199,0.353792,12.7215,10.5,1.1,0.501422,9021,4502,4519,0.499058,54.228,2.12304,1,83.3333,42.36
TR-GAT-NT,trgat,456,37,600,10,1,10,test,1,0.624056,1,0,3530,2031,0.575354,3389,960,0.283269,11.3899,9.3,0.8,0.45635,7073,4048,3025,0.572317,36.3,1.95736,1,83.3333,42.36
TR-GAT-NT,trgat,456,37,600,10,1,10,test,1,0.651298,1,0,3530,1728,0.489518,3389,745,0.219829,10.3134,7.8,0.6,0.419205,5235,3341,1894,0.638204,22.728,1.75185,1,83.3333,42.36
TR-GAT-NT,trgat,456,37,600,10,1,10,test,1,0.684798,1,0,3530,1292,0.366006,3389,516,0.152257,9.53839,6.25,0.4,0.385989,3157,2258,899,0.715236,10.788,1.55951,1,83.3333,42.36
TR-GAT-NT,trgat,456,37,600,10,1,10,test,1,0.734542,1,0,3530,546,0.154674,3389,198,0.0584243,8.41923,4.15,0.2,0.340603,1031,805,226,0.780795,2.712,1.35841,1,83.3333,42.36
TR-GAT-NT,trgat,456,37,600,10,1,10,val,1,0.161848,1,0,2966,2960,0.997977,2785,2776,0.996768,26.651,29.4,16.9,0.986174,85490,3184,82306,0.0372441,987.672,8.73385,3,83.3333,35.592
TR-GAT-NT,trgat,456,37,600,10,1,10,val,1,0.26062,1,0,2966,2939,0.990897,2785,2741,0.984201,25.9827,29.3,14.5,0.963641,51251,3579,47672,0.0698328,572.064,8.03071,3,83.3333,35.592
TR-GAT-NT,trgat,456,37,600,10,1,10,val,1,0.307439,1,0,2966,2918,0.983817,2785,2691,0.966248,25.2966,29.1,12.4,0.940354,42826,3926,38900,0.0916733,466.8,7.24954,3,83.3333,35.592
TR-GAT-NT,trgat,456,37,600,10,1,10,val,1,0.338616,1,0,2966,2884,0.972353,2785,2627,0.943268,24.612,28.7,10.83,0.917176,38531,4237,34294,0.109963,411.528,6.57797,3,83.3333,35.592
TR-GAT-NT,trgat,456,37,600,10,1,10,val,1,0.364403,1,0,2966,2856,0.962913,2785,2578,0.925673,23.972,27.8,10.15,0.895657,35198,4507,30691,0.128047,368.292,5.99687,3,83.3333,35.592
TR-GAT-NT,trgat,456,37,600,10,1,10,val,1,0.385338,1,0,2966,2819,0.950438,2785,2517,0.90377,23.3149,26.7,9.18,0.873954,32621,4672,27949,0.143221,335.388,5.49404,3,83.3333,35.592
TR-GAT-NT,trgat,456,37,600,10,1,10,val,1,0.405054,1,0,2966,2780,0.937289,2785,2447,0.878636,22.6044,25.4,8.4,0.850523,29896,4822,25074,0.161292,300.888,5.08483,3,83.3333,35.592
TR-GAT-NT,trgat,456,37,600,10,1,10,val,1,0.423652,1,0,2966,2734,0.92178,2785,2364,0.848833,21.8532,24.2,7.5,0.82612,27446,4882,22564,0.177877,270.768,4.68131,2,83.3333,35.592
TR-GAT-NT,trgat,456,37,600,10,1,10,val,1,0.441719,1,0,2966,2688,0.906271,2785,2285,0.820467,21.1311,23.3,6.9,0.80213,25023,4911,20112,0.196259,241.344,4.31096,2,83.3333,35.592
TR-GAT-NT,trgat,456,37,600,10,1,10,val,1,0.459312,1,0,2966,2633,0.887728,2785,2187,0.785278,20.3556,22.6,5.7,0.776267,22643,4904,17739,0.216579,212.868,3.96527,2,83.3333,35.592
TR-GAT-NT,trgat,456,37,600,10,1,10,val,1,0.476355,1,0,2966,2569,0.86615,2785,2072,0.743986,19.4819,21.9,4.8,0.747423,20426,4824,15602,0.23617,187.224,3.61922,2,83.3333,35.592
TR-GAT-NT,trgat,456,37,600,10,1,10,val,1,0.493282,1,0,2966,2494,0.840863,2785,1932,0.693716,18.5452,21.2,3.7,0.716679,18166,4733,13433,0.260542,161.196,3.32539,2,83.3333,35.592
TR-GAT-NT,trgat,456,37,600,10,1,10,val,1,0.494457,1,0,2966,2490,0.839514,2785,1921,0.689767,18.4842,21.2,3.7,0.714555,17995,4722,13273,0.262406,159.276,3.31056,2,83.3333,35.592
TR-GAT-NT,trgat,456,37,600,10,1,10,val,1,0.512928,1,0,2966,2410,0.812542,2785,1752,0.629084,17.2857,20.2,2.9,0.675419,15488,4555,10933,0.294099,131.196,3.05461,2,83.3333,35.592
TR-GAT-NT,trgat,456,37,600,10,1,10,val,1,0.532604,1,0,2966,2308,0.778152,2785,1570,0.563734,16.1848,18.85,2.47,0.640652,13324,4474,8850,0.335785,106.2,2.79119,2,83.3333,35.592
TR-GAT-NT,trgat,456,37,600,10,1,10,val,1,0.552786,1,0,2966,2204,0.743088,2785,1350,0.48474,14.638,14.05,1.8,0.59044,11261,4324,6937,0.38398,83.244,2.54361,1,83.3333,35.592
TR-GAT-NT,trgat,456,37,600,10,1,10,val,1,0.574964,1,0,2966,2066,0.696561,2785,1140,0.409336,13.3415,11.2,1.4,0.547815,9315,4103,5212,0.440472,62.544,2.33193,1,83.3333,35.592
TR-GAT-NT,trgat,456,37,600,10,1,10,val,1,0.598729,1,0,2966,1913,0.644976,2785,962,0.345422,12.2382,10,1.1,0.510125,7602,3819,3783,0.502368,45.396,2.12688,1,83.3333,35.592
TR-GAT-NT,trgat,456,37,600,10,1,10,val,1,0.624056,1,0,2966,1728,0.582603,2785,807,0.289767,11.2844,9.15,0.7,0.475131,6005,3459,2546,0.57602,30.552,1.95326,1,83.3333,35.592
TR-GAT-NT,trgat,456,37,600,10,1,10,val,1,0.651298,1,0,2966,1509,0.508766,2785,625,0.224417,10.1015,7.4,0.58,0.428411,4547,2935,1612,0.645481,19.344,1.75931,1,83.3333,35.592
TR-GAT-NT,trgat,456,37,600,10,1,10,val,1,0.684798,1,0,2966,1182,0.398517,2785,437,0.156912,9.03976,5.45,0.3,0.387,2877,2080,797,0.722975,9.564,1.58971,1,83.3333,35.592
TR-GAT-NT,trgat,456,37,600,10,1,10,val,1,0.734542,1,0,2966,516,0.173972,2785,158,0.0567325,7.59671,3,0.1,0.326714,975,790,185,0.810256,2.22,1.38919,1,83.3333,35.592
TR-GAT-NT,trgat,456,37,600,10,1,10,test,1,0.161848,1,0.15,3530,3522,0.997734,3389,3379,0.997049,27.4309,29.4,21.4,0.990765,50941,3499,47442,0.0686873,569.304,28.1573,28,83.3333,42.36
TR-GAT-NT,trgat,456,37,600,10,1,10,test,1,0.26062,1,0.15,3530,3501,0.991785,3389,3336,0.984361,26.8511,29.4,18.4,0.97075,35903,3537,32366,0.0985154,388.392,19.3889,17,83.3333,42.36
TR-GAT-NT,trgat,456,37,600,10,1,10,test,1,0.307439,1,0.15,3530,3472,0.983569,3389,3288,0.970198,26.2277,29.3,16.7,0.949864,29959,3564,26395,0.118963,316.74,17.7701,16,83.3333,42.36
TR-GAT-NT,trgat,456,37,600,10,1,10,test,1,0.338616,1,0.15,3530,3435,0.973088,3389,3237,0.955149,25.7068,29.2,15,0.932412,26659,3563,23096,0.133651,277.152,16.7276,15,83.3333,42.36
TR-GAT-NT,trgat,456,37,600,10,1,10,test,1,0.364403,1,0.15,3530,3393,0.96119,3389,3164,0.933609,25.0889,29.1,13.32,0.912004,24156,3566,20590,0.147624,247.08,15.8999,14,83.3333,42.36
TR-GAT-NT,trgat,456,37,600,10,1,10,test,1,0.385338,1,0.15,3530,3342,0.946742,3389,3088,0.911183,24.5107,28.3,12.2,0.892875,22289,3549,18740,0.159227,224.88,15.1583,13,83.3333,42.36
TR-GAT-NT,trgat,456,37,600,10,1,10,test,1,0.405054,1,0.15,3530,3295,0.933428,3389,3014,0.889348,23.8529,27.1,11.1,0.870976,20549,3516,17033,0.171103,204.396,14.4746,12,83.3333,42.36
TR-GAT-NT,trgat,456,37,600,10,1,10,test,1,0.423652,1,0.15,3530,3250,0.92068,3389,2933,0.865447,23.1596,25.7,10.1,0.847655,19079,3513,15566,0.184129,186.792,13.7743,11,83.3333,42.36
TR-GAT-NT,trgat,456,37,600,10,1,10,test,1,0.441719,1,0.15,3530,3201,0.906799,3389,2837,0.83712,22.4749,24.5,9,0.824525,17522,3495,14027,0.199464,168.324,13.1214,10,83.3333,42.36
TR-GAT-NT,trgat,456,37,600,10,1,10,test,1,0.459312,1,0.15,3530,3151,0.892635,3389,2729,0.805252,21.6818,23.6,7.2,0.797577,16085,3477,12608,0.216164,151.296,12.4316,10,83.3333,42.36
TR-GAT-NT,trgat,456,37,600,10,1,10,test,1,0.476355,1,0.15,3530,3075,0.871105,3389,2588,0.763647,20.7533,22.6,5.5,0.766669,14634,3448,11186,0.235616,134.232,11.8099,9,83.3333,42.36
TR-GAT-NT,trgat,456,37,600,10,1,10,test,1,0.493282,1,0.15,3530,2999,0.849575,3389,2436,0.718796,19.779,21.9,4.5,0.73437,13223,3402,9821,0.257279,117.852,11.0481,8,83.3333,42.36
TR-GAT-NT,trgat,456,37,600,10,1,10,test,1,0.494457,1,0.15,3530,2992,0.847592,3389,2420,0.714075,19.7094,21.8,4.5,0.732063,13096,3391,9705,0.258934,116.46,11.0048,8,83.3333,42.36
TR-GAT-NT,trgat,456,37,600,10,1,10,test,1,0.512928,1,0.15,3530,2894,0.81983,3389,2208,0.65152,18.4589,21.1,3.4,0.690556,11501,3278,8223,0.285019,98.676,10.309,7,83.3333,42.36
TR-GAT-NT,trgat,456,37,600,10,1,10,test,1,0.532604,1,0.15,3530,2780,0.787535,3389,1965,0.579817,17.0721,20.2,2.4,0.643898,9949,3148,6801,0.316414,81.612,9.46552,6,83.3333,42.36
TR-GAT-NT,trgat,456,37,600,10,1,10,test,1,0.552786,1,0.15,3530,2655,0.752125,3389,1710,0.504574,15.602,17.2,1.8,0.595252,8423,2967,5456,0.35225,65.472,8.76796,6,83.3333,42.36
TR-GAT-NT,trgat,456,37,600,10,1,10,test,1,0.574964,1,0.15,3530,2470,0.699717,3389,1452,0.428445,14.3163,12.8,1.5,0.552788,6959,2762,4197,0.396896,50.364,7.94853,5,83.3333,42.36
TR-GAT-NT,trgat,456,37,600,10,1,10,test,1,0.598729,1,0.15,3530,2284,0.647025,3389,1216,0.358808,12.8942,10.55,1.1,0.50686,5655,2539,3116,0.448983,37.392,6.98492,5,83.3333,42.36
TR-GAT-NT,trgat,456,37,600,10,1,10,test,1,0.624056,1,0.15,3530,2039,0.57762,3389,971,0.286515,11.5221,9.3,0.8,0.460544,4466,2279,2187,0.5103,26.244,6.24874,4,83.3333,42.36
TR-GAT-NT,trgat,456,37,600,10,1,10,test,1,0.651298,1,0.15,3530,1732,0.490652,3389,750,0.221304,10.3748,7.85,0.6,0.421111,3318,1925,1393,0.580169,16.716,5.65614,4,83.3333,42.36
TR-GAT-NT,trgat,456,37,600,10,1,10,test,1,0.684798,1,0.15,3530,1294,0.366572,3389,518,0.152847,9.57519,6.3,0.4,0.387121,2127,1424,703,0.669488,8.436,5.29161,3,83.3333,42.36
TR-GAT-NT,trgat,456,37,600,10,1,10,test,1,0.734542,1,0.15,3530,548,0.155241,3389,200,0.0590145,8.49745,4.2,0.2,0.343009,776,586,190,0.755155,2.28,4.62105,3,83.3333,42.36
TR-GAT-NT,trgat,456,37,600,10,1,10,val,1,0.161848,1,0.15,2966,2961,0.998314,2785,2777,0.997127,26.7113,29.4,17.3,0.988192,45658,2947,42711,0.0645451,512.532,27.7864,27,83.3333,35.592
TR-GAT-NT,trgat,456,37,600,10,1,10,val,1,0.26062,1,0.15,2966,2942,0.991908,2785,2744,0.985278,26.0739,29.3,14.6,0.966632,31563,2983,28580,0.0945094,342.96,18.6281,16,83.3333,35.592
TR-GAT-NT,trgat,456,37,600,10,1,10,val,1,0.307439,1,0.15,2966,2922,0.985165,2785,2696,0.968043,25.4078,29.2,12.51,0.943993,26181,3016,23165,0.115198,277.98,16.9138,14,83.3333,35.592
TR-GAT-NT,trgat,456,37,600,10,1,10,val,1,0.338616,1,0.15,2966,2894,0.975725,2785,2638,0.947217,24.7646,29.1,10.9,0.922048,22985,3015,19970,0.131173,239.64,15.9704,13,83.3333,35.592
TR-GAT-NT,trgat,456,37,600,10,1,10,val,1,0.364403,1,0.15,2966,2864,0.96561,2785,2587,0.928905,24.1208,28.2,10.23,0.900458,20690,3004,17686,0.145191,212.232,15.1559,12,83.3333,35.592
TR-GAT-NT,trgat,456,37,600,10,1,10,val,1,0.385338,1,0.15,2966,2827,0.953136,2785,2527,0.907361,23.4964,27.2,9.3,0.879855,18932,2987,15945,0.157775,191.34,14.5161,12,83.3333,35.592
TR-GAT-NT,trgat,456,37,600,10,1,10,val,1,0.405054,1,0.15,2966,2788,0.939987,2785,2458,0.882585,22.8059,25.8,8.57,0.857113,17383,2962,14421,0.170396,173.052,13.7875,11,83.3333,35.592
TR-GAT-NT,trgat,456,37,600,10,1,10,val,1,0.423652,1,0.15,2966,2744,0.925152,2785,2375,0.852783,22.0638,24.5,7.5,0.832934,15858,2939,12919,0.185332,155.028,13.211,10,83.3333,35.592
TR-GAT-NT,trgat,456,37,600,10,1,10,val,1,0.441719,1,0.15,2966,2700,0.910317,2785,2298,0.825135,21.3198,23.4,6.9,0.80812,14500,2913,11587,0.200897,139.044,12.573,10,83.3333,35.592
TR-GAT-NT,trgat,456,37,600,10,1,10,val,1,0.459312,1,0.15,2966,2646,0.892111,2785,2203,0.791023,20.5794,22.7,5.75,0.783403,13211,2904,10307,0.219817,123.684,11.9742,9,83.3333,35.592
TR-GAT-NT,trgat,456,37,600,10,1,10,val,1,0.476355,1,0.15,2966,2583,0.87087,2785,2089,0.75009,19.7106,22.1,4.8,0.75467,12017,2873,9144,0.239078,109.728,11.3502,8,83.3333,35.592
TR-GAT-NT,trgat,456,37,600,10,1,10,val,1,0.493282,1,0.15,2966,2506,0.844909,2785,1949,0.69982,18.7858,21.4,3.8,0.724382,10820,2810,8010,0.259704,96.12,10.714,7,83.3333,35.592
TR-GAT-NT,trgat,456,37,600,10,1,10,val,1,0.494457,1,0.15,2966,2502,0.84356,2785,1937,0.695512,18.709,21.3,3.8,0.721725,10739,2807,7932,0.261384,95.184,10.6589,7,83.3333,35.592
TR-GAT-NT,trgat,456,37,600,10,1,10,val,1,0.512928,1,0.15,2966,2422,0.816588,2785,1768,0.634829,17.501,20.4,3,0.682265,9360,2732,6628,0.29188,79.536,10.0047,7,83.3333,35.592
TR-GAT-NT,trgat,456,37,600,10,1,10,val,1,0.532604,1,0.15,2966,2314,0.780175,2785,1578,0.566607,16.3579,19.1,2.5,0.646259,8108,2621,5487,0.323261,65.844,9.30053,6,83.3333,35.592
TR-GAT-NT,trgat,456,37,600,10,1,10,val,1,0.552786,1,0.15,2966,2212,0.745786,2785,1360,0.48833,14.8136,14.4,1.8,0.596029,6835,2486,4349,0.363716,52.188,8.71373,6,83.3333,35.592
TR-GAT-NT,trgat,456,37,600,10,1,10,val,1,0.574964,1,0.15,2966,2072,0.698584,2785,1149,0.412567,13.4932,11.2,1.4,0.552659,5717,2290,3427,0.40056,41.124,7.81296,5,83.3333,35.592
TR-GAT-NT,trgat,456,37,600,10,1,10,val,1,0.598729,1,0.15,2966,1917,0.646325,2785,968,0.347576,12.327,10.1,1.1,0.512942,4675,2115,2560,0.452406,30.72,7.11133,4,83.3333,35.592
TR-GAT-NT,trgat,456,37,600,10,1,10,val,1,0.624056,1,0.15,2966,1732,0.583951,2785,812,0.291562,11.3454,9.2,0.7,0.476992,3712,1933,1779,0.520744,21.348,6.48229,4,83.3333,35.592
TR-GAT-NT,trgat,456,37,600,10,1,10,val,1,0.651298,1,0.15,2966,1511,0.50944,2785,627,0.225135,10.13,7.4,0.6,0.42928,2837,1682,1155,0.59288,13.86,6.00346,4,83.3333,35.592
TR-GAT-NT,trgat,456,37,600,10,1,10,val,1,0.684798,1,0.15,2966,1183,0.398854,2785,438,0.157271,9.06855,5.5,0.3,0.387925,1916,1301,615,0.679019,7.38,5.18699,3,83.3333,35.592
TR-GAT-NT,trgat,456,37,600,10,1,10,val,1,0.734542,1,0.15,2966,516,0.173972,2785,158,0.0567325,7.59671,3,0.1,0.326714,714,556,158,0.778711,1.896,4.71519,3,83.3333,35.592
TR-GAT-NT,trgat,456,37,600,10,1,10,test,1,0.161848,0.5,0,3530,3518,0.996601,3389,3375,0.995869,27.3119,29.4,20.8,0.986753,60313,3587,56726,0.0594731,680.712,14.3918,8,83.3333,42.36
TR-GAT-NT,trgat,456,37,600,10,1,10,test,1,0.26062,0.5,0,3530,3481,0.986119,3389,3306,0.975509,26.5069,29.3,17.7,0.959221,38493,3802,34691,0.0987712,416.292,12.7496,8,83.3333,42.36
TR-GAT-NT,trgat,456,37,600,10,1,10,test,1,0.307439,0.5,0,3530,3432,0.972238,3389,3236,0.954854,25.7207,29.1,15.4,0.933171,32516,3992,28524,0.12277,342.288,11.5123,7,83.3333,42.36
TR-GAT-NT,trgat,456,37,600,10,1,10,test,1,0.338616,0.5,0,3530,3372,0.955241,3389,3146,0.928297,24.9394,28.6,13.41,0.907283,29473,4172,25301,0.141553,303.612,10.4346,6,83.3333,42.36
TR-GAT-NT,trgat,456,37,600,10,1,10,test,1,0.364403,0.5,0,3530,3318,0.939943,3389,3055,0.901446,24.1631,27.4,11.5,0.881668,27081,4284,22797,0.158192,273.564,9.46076,6,83.3333,42.36
TR-GAT-NT,trgat,456,37,600,10,1,10,test,1,0.385338,0.5,0,3530,3269,0.926062,3389,2978,0.878725,23.4473,26.2,10.58,0.857847,25363,4455,20908,0.17565,250.896,8.60484,5,83.3333,42.36
TR-GAT-NT,trgat,456,37,600,10,1,10,test,1,0.405054,0.5,0,3530,3222,0.912748,3389,2885,0.851284,22.6574,24.9,9.6,0.831315,23512,4545,18967,0.193306,227.604,7.85264,5,83.3333,42.36
TR-GAT-NT,trgat,456,37,600,10,1,10,test,1,0.423652,0.5,0,3530,3161,0.895467,3389,2757,0.813514,21.8258,23.7,7.9,0.803723,21622,4611,17011,0.213255,204.132,7.185,4,83.3333,42.36
TR-GAT-NT,trgat,456,37,600,10,1,10,test,1,0.441719,0.5,0,3530,3092,0.875921,3389,2638,0.778401,21.0046,22.8,6.5,0.77618,19620,4575,15045,0.23318,180.54,6.55786,4,83.3333,42.36
TR-GAT-NT,trgat,456,37,600,10,1,10,test,1,0.459312,0.5,0,3530,3000,0.849858,3389,2474,0.730009,20.065,22,4.9,0.744882,17458,4497,12961,0.25759,155.532,6.07121,4,83.3333,42.36
TR-GAT-NT,trgat,456,37,600,10,1,10,test,1,0.476355,0.5,0,3530,2901,0.821813,3389,2285,0.67424,18.9255,21.3,3.7,0.706922,15293,4314,10979,0.28209,131.748,5.61754,4,83.3333,42.36
TR-GAT-NT,trgat,456,37,600,10,1,10,test,1,0.493282,0.5,0,3530,2793,0.791218,3389,2068,0.61021,17.7048,20.5,2.7,0.666999,13297,4134,9163,0.310897,109.956,5.19917,3,83.3333,42.36
TR-GAT-NT,trgat,456,37,600,10,1,10,test,1,0.494457,0.5,0,3530,2788,0.789802,3389,2053,0.605783,17.6362,20.5,2.6,0.664622,13155,4121,9034,0.313265,108.408,5.17611,3,83.3333,42.36
TR-GAT-NT,trgat,456,37,600,10,1,10,test,1,0.512928,0.5,0,3530,2651,0.750992,3389,1794,0.52936,16.1959,19.4,2,0.617597,11087,3870,7217,0.349057,86.604,4.75696,3,83.3333,42.36
TR-GAT-NT,trgat,456,37,600,10,1,10,test,1,0.532604,0.5,0,3530,2485,0.703966,3389,1546,0.456182,14.839,15.8,1.44,0.57374,9071,3589,5482,0.395656,65.784,4.3931,3,83.3333,42.36
TR-GAT-NT,trgat,456,37,600,10,1,10,test,1,0.552786,0.5,0,3530,2304,0.652691,3389,1324,0.390676,13.6948,12.2,1.1,0.53757,7329,3319,4010,0.452859,48.12,4.07232,3,83.3333,42.36
TR-GAT-NT,trgat,456,37,600,10,1,10,test,1,0.574964,0.5,0,3530,2096,0.593768,3389,1088,0.321039,12.3688,10.3,0.8,0.494899,5793,3036,2757,0.524081,33.084,3.78709,2,83.3333,42.36
TR-GAT-NT,trgat,456,37,600,10,1,10,test,1,0.598729,0.5,0,3530,1827,0.517564,3389,867,0.255828,11.4113,9.3,0.6,0.468234,4474,2671,1803,0.597005,21.636,3.51137,2,83.3333,42.36
TR-GAT-NT,trgat,456,37,600,10,1,10,test,1,0.624056,0.5,0,3530,1525,0.432011,3389,671,0.197994,10.5735,8.4,0.5,0.443221,3404,2292,1112,0.673325,13.344,3.20594,2,83.3333,42.36
TR-GAT-NT,trgat,456,37,600,10,1,10,test,1,0.651298,0.5,0,3530,1145,0.324363,3389,477,0.140749,10.0009,8.1,0.4,0.429077,2342,1710,632,0.730145,7.584,2.74684,2,83.3333,42.36
TR-GAT-NT,trgat,456,37,600,10,1,10,test,1,0.684798,0.5,0,3530,667,0.188952,3389,261,0.0770139,9.42174,7.7,0.3,0.407642,1175,937,238,0.797447,2.856,2.46639,2,83.3333,42.36
TR-GAT-NT,trgat,456,37,600,10,1,10,test,1,0.734542,0.5,0,3530,188,0.0532578,3389,69,0.02036,8.69628,6.1,0.07,0.395531,288,248,40,0.861111,0.48,2.425,2,83.3333,42.36
TR-GAT-NT,trgat,456,37,600,10,1,10,val,1,0.161848,0.5,0,2966,2959,0.99764,2785,2773,0.995691,26.6193,29.4,16.8,0.985028,54278,3045,51233,0.0561001,614.796,13.705,8,83.3333,35.592
TR-GAT-NT,trgat,456,37,600,10,1,10,val,1,0.26062,0.5,0,2966,2929,0.987525,2785,2721,0.97702,25.707,29.2,13.5,0.954309,33414,3200,30214,0.0957682,362.568,12.2317,8,83.3333,35.592
TR-GAT-NT,trgat,456,37,600,10,1,10,val,1,0.307439,0.5,0,2966,2898,0.977073,2785,2654,0.952962,24.8197,28.9,11.27,0.924425,27974,3356,24618,0.119969,295.416,10.9775,7,83.3333,35.592
TR-GAT-NT,trgat,456,37,600,10,1,10,val,1,0.338616,0.5,0,2966,2854,0.962239,2785,2578,0.925673,24.0111,27.8,10.33,0.897315,25180,3468,21712,0.137728,260.544,9.88509,6,83.3333,35.592
TR-GAT-NT,trgat,456,37,600,10,1,10,val,1,0.364403,0.5,0,2966,2807,0.946392,2785,2496,0.89623,23.1978,26.5,9.26,0.870113,22963,3657,19306,0.159256,231.672,8.98892,5,83.3333,35.592
TR-GAT-NT,trgat,456,37,600,10,1,10,val,1,0.385338,0.5,0,2966,2763,0.931558,2785,2420,0.868941,22.3992,25.2,7.92,0.84384,21087,3729,17358,0.176839,208.296,8.24559,5,83.3333,35.592
TR-GAT-NT,trgat,456,37,600,10,1,10,val,1,0.405054,0.5,0,2966,2716,0.915711,2785,2326,0.835189,21.5679,23.8,7.2,0.816459,19140,3779,15361,0.19744,184.332,7.65868,5,83.3333,35.592
TR-GAT-NT,trgat,456,37,600,10,1,10,val,1,0.423652,0.5,0,2966,2653,0.894471,2785,2204,0.791382,20.7139,23,6.2,0.788706,17543,3801,13742,0.216668,164.904,7.02292,4,83.3333,35.592
TR-GAT-NT,trgat,456,37,600,10,1,10,val,1,0.441719,0.5,0,2966,2580,0.869858,2785,2102,0.754758,19.9005,22.2,4.9,0.762479,15789,3795,11994,0.240357,143.928,6.50275,4,83.3333,35.592
TR-GAT-NT,trgat,456,37,600,10,1,10,val,1,0.459312,0.5,0,2966,2496,0.841537,2785,1964,0.705206,18.9848,21.4,4.05,0.732736,14070,3670,10400,0.260839,124.8,5.97846,4,83.3333,35.592
TR-GAT-NT,trgat,456,37,600,10,1,10,val,1,0.476355,0.5,0,2966,2422,0.816588,2785,1825,0.655296,17.988,20.8,3.2,0.700333,12217,3529,8688,0.28886,104.256,5.63398,4,83.3333,35.592
TR-GAT-NT,trgat,456,37,600,10,1,10,val,1,0.493282,0.5,0,2966,2332,0.786244,2785,1650,0.59246,16.8489,19.95,2.41,0.663492,10636,3364,7272,0.316284,87.264,5.19857,3,83.3333,35.592
TR-GAT-NT,trgat,456,37,600,10,1,10,val,1,0.494457,0.5,0,2966,2327,0.784558,2785,1641,0.589228,16.7771,19.9,2.4,0.661225,10498,3350,7148,0.319108,85.776,5.1897,3,83.3333,35.592
TR-GAT-NT,trgat,456,37,600,10,1,10,val,1,0.512928,0.5,0,2966,2216,0.747134,2785,1438,0.516338,15.4791,17.7,2,0.620111,8826,3182,5644,0.360526,67.728,4.85914,3,83.3333,35.592
TR-GAT-NT,trgat,456,37,600,10,1,10,val,1,0.532604,0.5,0,2966,2091,0.70499,2785,1232,0.44237,14.0824,13.2,1.3,0.576592,7323,2997,4326,0.409259,51.912,4.50439,3,83.3333,35.592
TR-GAT-NT,trgat,456,37,600,10,1,10,val,1,0.552786,0.5,0,2966,1959,0.660486,2785,1057,0.379533,12.895,10.8,1.1,0.539717,5990,2788,3202,0.465442,38.424,4.21893,3,83.3333,35.592
TR-GAT-NT,trgat,456,37,600,10,1,10,val,1,0.574964,0.5,0,2966,1766,0.595415,2785,876,0.314542,11.9256,9.7,0.75,0.510456,4939,2624,2315,0.531282,27.78,3.8108,2,83.3333,35.592
TR-GAT-NT,trgat,456,37,600,10,1,10,val,1,0.598729,0.5,0,2966,1560,0.525961,2785,722,0.259246,11.1151,9.2,0.6,0.485291,3805,2300,1505,0.604468,18.06,3.60266,2,83.3333,35.592
TR-GAT-NT,trgat,456,37,600,10,1,10,val,1,0.624056,0.5,0,2966,1330,0.448415,2785,553,0.198564,10.1629,8.2,0.4,0.454287,2926,1975,951,0.674983,11.412,3.23028,2,83.3333,35.592
TR-GAT-NT,trgat,456,37,600,10,1,10,val,1,0.651298,0.5,0,2966,1030,0.347269,2785,395,0.141831,9.49058,7,0.2,0.427902,2070,1533,537,0.74058,6.444,2.82309,2,83.3333,35.592
TR-GAT-NT,trgat,456,37,600,10,1,10,val,1,0.684798,0.5,0,2966,639,0.215442,2785,233,0.0836625,8.86479,5.7,0.18,0.408885,1132,920,212,0.812721,2.544,2.59434,2,83.3333,35.592
TR-GAT-NT,trgat,456,37,600,10,1,10,val,1,0.734542,0.5,0,2966,191,0.0643965,2785,60,0.021544,7.61204,3.7,0.2,0.39128,297,261,36,0.878788,0.432,2.11111,2,83.3333,35.592
TR-GAT-NT,trgat,456,37,600,10,1,10,test,1,0.161848,0.5,0.15,3530,3522,0.997734,3389,3379,0.997049,27.3707,29.4,21,0.988688,41468,3498,37970,0.0843542,455.64,33.1616,33,83.3333,42.36
TR-GAT-NT,trgat,456,37,600,10,1,10,test,1,0.26062,0.5,0.15,3530,3490,0.988669,3389,3316,0.97846,26.6046,29.3,18.09,0.962378,28393,3481,24912,0.122601,298.944,23.939,23,83.3333,42.36
TR-GAT-NT,trgat,456,37,600,10,1,10,test,1,0.307439,0.5,0.15,3530,3443,0.975354,3389,3247,0.9581,25.8173,29.2,15.42,0.936227,23851,3437,20414,0.144103,244.968,21.5657,21,83.3333,42.36
TR-GAT-NT,trgat,456,37,600,10,1,10,test,1,0.338616,0.5,0.15,3530,3385,0.958924,3389,3159,0.932133,25.0588,28.9,13.5,0.911082,21162,3393,17769,0.160335,213.228,20.1538,19,83.3333,42.36
TR-GAT-NT,trgat,456,37,600,10,1,10,test,1,0.364403,0.5,0.15,3530,3334,0.944476,3389,3073,0.906757,24.3094,27.8,11.8,0.886304,19021,3364,15657,0.176857,187.884,19.1332,18,83.3333,42.36
TR-GAT-NT,trgat,456,37,600,10,1,10,test,1,0.385338,0.5,0.15,3530,3286,0.930878,3389,2997,0.884332,23.6184,26.5,10.65,0.863301,17442,3331,14111,0.190976,169.332,18.2908,17,83.3333,42.36
TR-GAT-NT,trgat,456,37,600,10,1,10,test,1,0.405054,0.5,0.15,3530,3235,0.916431,3389,2899,0.855415,22.8438,25.4,9.6,0.837365,15966,3296,12670,0.206439,152.04,17.4774,16,83.3333,42.36
TR-GAT-NT,trgat,456,37,600,10,1,10,test,1,0.423652,0.5,0.15,3530,3181,0.901133,3389,2781,0.820596,22.0421,24,8.2,0.810627,14525,3245,11280,0.223408,135.36,16.7377,16,83.3333,42.36
TR-GAT-NT,trgat,456,37,600,10,1,10,test,1,0.441719,0.5,0.15,3530,3112,0.881586,3389,2665,0.786368,21.2328,23.1,6.61,0.783476,13188,3196,9992,0.242342,119.904,16.0083,15,83.3333,42.36
TR-GAT-NT,trgat,456,37,600,10,1,10,test,1,0.459312,0.5,0.15,3530,3017,0.854674,3389,2495,0.736205,20.2692,22.2,5,0.751417,11794,3109,8685,0.263609,104.22,15.3747,14,83.3333,42.36
TR-GAT-NT,trgat,456,37,600,10,1,10,test,1,0.476355,0.5,0.15,3530,2918,0.826629,3389,2310,0.681617,19.144,21.4,3.8,0.713944,10443,3007,7436,0.287944,89.232,14.6774,13,83.3333,42.36
TR-GAT-NT,trgat,456,37,600,10,1,10,test,1,0.493282,0.5,0.15,3530,2813,0.796884,3389,2092,0.617291,17.9251,20.6,2.7,0.673993,9141,2899,6242,0.317143,74.904,14.024,12,83.3333,42.36
TR-GAT-NT,trgat,456,37,600,10,1,10,test,1,0.494457,0.5,0.15,3530,2808,0.795467,3389,2077,0.612865,17.8539,20.6,2.7,0.671524,9050,2891,6159,0.319448,73.908,13.9617,12,83.3333,42.36
TR-GAT-NT,trgat,456,37,600,10,1,10,test,1,0.512928,0.5,0.15,3530,2670,0.756374,3389,1820,0.537032,16.4553,19.6,2,0.625891,7691,2749,4942,0.357431,59.304,13.2325,11,83.3333,42.36
TR-GAT-NT,trgat,456,37,600,10,1,10,test,1,0.532604,0.5,0.15,3530,2501,0.708499,3389,1568,0.462673,15.0744,16.2,1.5,0.581243,6405,2575,3830,0.40203,45.96,12.4402,10,83.3333,42.36
TR-GAT-NT,trgat,456,37,600,10,1,10,test,1,0.552786,0.5,0.15,3530,2318,0.656657,3389,1344,0.396577,13.9135,12.5,1.2,0.544486,5279,2386,2893,0.45198,34.716,11.729,9,83.3333,42.36
TR-GAT-NT,trgat,456,37,600,10,1,10,test,1,0.574964,0.5,0.15,3530,2108,0.597167,3389,1102,0.32517,12.5218,10.4,0.8,0.499627,4208,2162,2046,0.513783,24.552,10.9927,8,83.3333,42.36
TR-GAT-NT,trgat,456,37,600,10,1,10,test,1,0.598729,0.5,0.15,3530,1836,0.520113,3389,877,0.258778,11.5425,9.3,0.6,0.472264,3256,1885,1371,0.578931,16.452,10.0233,7,83.3333,42.36
TR-GAT-NT,trgat,456,37,600,10,1,10,test,1,0.624056,0.5,0.15,3530,1529,0.433144,3389,677,0.199764,10.6603,8.5,0.5,0.445923,2410,1564,846,0.648963,10.152,9.52246,7,83.3333,42.36
TR-GAT-NT,trgat,456,37,600,10,1,10,test,1,0.651298,0.5,0.15,3530,1147,0.324929,3389,481,0.14193,10.0775,8.2,0.4,0.431494,1644,1170,474,0.711679,5.688,9.15823,7,83.3333,42.36
TR-GAT-NT,trgat,456,37,600,10,1,10,test,1,0.684798,0.5,0.15,3530,670,0.189802,3389,264,0.0778991,9.51328,7.8,0.3,0.410295,868,680,188,0.78341,2.256,9.37766,7,83.3333,42.36
TR-GAT-NT,trgat,456,37,600,10,1,10,test,1,0.734542,0.5,0.15,3530,188,0.0532578,3389,69,0.02036,8.69628,6.1,0.07,0.395531,224,189,35,0.84375,0.42,8.45714,6,83.3333,42.36
TR-GAT-NT,trgat,456,37,600,10,1,10,val,1,0.161848,0.5,0.15,2966,2960,0.997977,2785,2774,0.99605,26.6644,29.4,16.89,0.986533,36756,2945,33811,0.080123,405.732,33.0962,34,83.3333,35.592
TR-GAT-NT,trgat,456,37,600,10,1,10,val,1,0.26062,0.5,0.15,2966,2934,0.989211,2785,2726,0.978815,25.8003,29.3,13.56,0.957316,24644,2931,21713,0.118934,260.556,23.2995,22,83.3333,35.592
TR-GAT-NT,trgat,456,37,600,10,1,10,val,1,0.307439,0.5,0.15,2966,2903,0.978759,2785,2660,0.955117,24.9513,29.1,11.3,0.928722,20560,2908,17652,0.14144,211.824,20.7842,20,83.3333,35.592
TR-GAT-NT,trgat,456,37,600,10,1,10,val,1,0.338616,0.5,0.15,2966,2858,0.963587,2785,2583,0.927469,24.1284,28.05,10.4,0.901154,18115,2876,15239,0.158763,182.868,19.4067,18,83.3333,35.592
TR-GAT-NT,trgat,456,37,600,10,1,10,val,1,0.364403,0.5,0.15,2966,2811,0.947741,2785,2501,0.898025,23.3266,26.8,9.3,0.87436,16214,2847,13367,0.175589,160.404,18.3543,17,83.3333,35.592
TR-GAT-NT,trgat,456,37,600,10,1,10,val,1,0.385338,0.5,0.15,2966,2767,0.932906,2785,2425,0.870736,22.5271,25.3,8,0.848064,14692,2802,11890,0.190716,142.68,17.5672,16,83.3333,35.592
TR-GAT-NT,trgat,456,37,600,10,1,10,val,1,0.405054,0.5,0.15,2966,2723,0.918071,2785,2333,0.837702,21.7009,24,7.2,0.820737,13262,2766,10496,0.208566,125.952,16.8739,16,83.3333,35.592
TR-GAT-NT,trgat,456,37,600,10,1,10,val,1,0.423652,0.5,0.15,2966,2660,0.896831,2785,2211,0.793896,20.8616,23.1,6.2,0.793466,12029,2710,9319,0.225289,111.828,16.1384,15,83.3333,35.592
TR-GAT-NT,trgat,456,37,600,10,1,10,val,1,0.441719,0.5,0.15,2966,2591,0.873567,2785,2115,0.759425,20.0523,22.3,4.9,0.767238,10830,2645,8185,0.244229,98.22,15.4586,14,83.3333,35.592
TR-GAT-NT,trgat,456,37,600,10,1,10,val,1,0.459312,0.5,0.15,2966,2509,0.84592,2785,1978,0.710233,19.1383,21.5,4.1,0.737454,9603,2570,7033,0.267625,84.396,14.9103,13,83.3333,35.592
TR-GAT-NT,trgat,456,37,600,10,1,10,val,1,0.476355,0.5,0.15,2966,2437,0.821645,2785,1841,0.661041,18.1501,20.9,3.2,0.705257,8435,2504,5931,0.296858,71.172,14.3794,12,83.3333,35.592
TR-GAT-NT,trgat,456,37,600,10,1,10,val,1,0.493282,0.5,0.15,2966,2349,0.791976,2785,1669,0.599282,17.0315,20.1,2.5,0.668983,7381,2416,4965,0.327327,59.58,13.6818,12,83.3333,35.592
TR-GAT-NT,trgat,456,37,600,10,1,10,val,1,0.494457,0.5,0.15,2966,2344,0.79029,2785,1660,0.59605,16.9623,20,2.5,0.666802,7303,2409,4894,0.329864,58.728,13.6351,12,83.3333,35.592
TR-GAT-NT,trgat,456,37,600,10,1,10,val,1,0.512928,0.5,0.15,2966,2230,0.751854,2785,1454,0.522083,15.6595,18.05,2,0.625612,6213,2291,3922,0.368743,47.064,13.064,11,83.3333,35.592
TR-GAT-NT,trgat,456,37,600,10,1,10,val,1,0.532604,0.5,0.15,2966,2101,0.708361,2785,1245,0.447038,14.2734,13.4,1.3,0.58258,5189,2159,3030,0.416072,36.36,12.4188,10,83.3333,35.592
TR-GAT-NT,trgat,456,37,600,10,1,10,val,1,0.552786,0.5,0.15,2966,1966,0.662846,2785,1066,0.382765,13.0598,10.9,1.1,0.544925,4295,2007,2288,0.467288,27.456,11.757,10,83.3333,35.592
TR-GAT-NT,trgat,456,37,600,10,1,10,val,1,0.574964,0.5,0.15,2966,1775,0.598449,2785,886,0.318133,12.0602,9.9,0.8,0.51449,3486,1822,1664,0.522662,19.968,10.9838,8,83.3333,35.592
TR-GAT-NT,trgat,456,37,600,10,1,10,val,1,0.598729,0.5,0.15,2966,1564,0.52731,2785,727,0.261041,11.1875,9.2,0.6,0.487479,2743,1608,1135,0.586219,13.62,10.2573,8,83.3333,35.592
TR-GAT-NT,trgat,456,37,600,10,1,10,val,1,0.624056,0.5,0.15,2966,1332,0.44909,2785,555,0.199282,10.1944,8.2,0.4,0.455183,2087,1360,727,0.651653,8.724,9.54883,7,83.3333,35.592
TR-GAT-NT,trgat,456,37,600,10,1,10,val,1,0.651298,0.5,0.15,2966,1031,0.347606,2785,396,0.14219,9.51494,7,0.2,0.428623,1471,1048,423,0.712441,5.076,8.93381,6,83.3333,35.592
TR-GAT-NT,trgat,456,37,600,10,1,10,val,1,0.684798,0.5,0.15,2966,639,0.215442,2785,233,0.0836625,8.86479,5.7,0.18,0.408885,826,648,178,0.784504,2.136,8.31461,6,83.3333,35.592
TR-GAT-NT,trgat,456,37,600,10,1,10,val,1,0.734542,0.5,0.15,2966,191,0.0643965,2785,60,0.021544,7.61204,3.7,0.2,0.39128,224,191,33,0.852679,0.396,7.63636,5,83.3333,35.592
TR-GAT-NT,trgat,456,37,600,10,1,10,test,1,0.161848,0.25,0,3530,3513,0.995184,3389,3369,0.994099,27.2287,29.4,20.5,0.983985,45875,3538,42337,0.0771226,508.044,18.8231,16,83.3333,42.36
TR-GAT-NT,trgat,456,37,600,10,1,10,test,1,0.26062,0.25,0,3530,3448,0.976771,3389,3263,0.962821,25.9589,29.1,16.4,0.941152,29355,3575,25780,0.121785,309.36,16.2556,14,83.3333,42.36
TR-GAT-NT,trgat,456,37,600,10,1,10,test,1,0.307439,0.25,0,3530,3362,0.952408,3389,3140,0.926527,24.7968,27.9,13.91,0.902947,24229,3596,20633,0.148417,247.596,14.7925,12,83.3333,42.36
TR-GAT-NT,trgat,456,37,600,10,1,10,test,1,0.338616,0.25,0,3530,3298,0.934278,3389,3025,0.892594,23.7059,26.4,11.3,0.866669,21556,3640,17916,0.168862,214.992,13.5152,10,83.3333,42.36
TR-GAT-NT,trgat,456,37,600,10,1,10,test,1,0.364403,0.25,0,3530,3226,0.913881,3389,2905,0.857185,22.7815,25.1,10,0.836229,19538,3680,15858,0.188351,190.296,12.3116,9,83.3333,42.36
TR-GAT-NT,trgat,456,37,600,10,1,10,test,1,0.385338,0.25,0,3530,3168,0.89745,3389,2807,0.828268,21.8976,23.8,8.9,0.806817,18017,3727,14290,0.20686,171.48,11.2154,8,83.3333,42.36
TR-GAT-NT,trgat,456,37,600,10,1,10,test,1,0.405054,0.25,0,3530,3084,0.873654,3389,2645,0.780466,20.9528,22.8,7.2,0.775653,16312,3759,12553,0.230444,150.636,10.3458,7,83.3333,42.36
TR-GAT-NT,trgat,456,37,600,10,1,10,test,1,0.423652,0.25,0,3530,2987,0.846176,3389,2479,0.731484,19.9143,21.9,5.4,0.741717,14634,3694,10940,0.252426,131.28,9.50814,6,83.3333,42.36
TR-GAT-NT,trgat,456,37,600,10,1,10,test,1,0.441719,0.25,0,3530,2868,0.812465,3389,2274,0.670994,18.7657,21.1,3.9,0.704134,12848,3563,9285,0.277319,111.42,8.82757,6,83.3333,42.36
TR-GAT-NT,trgat,456,37,600,10,1,10,test,1,0.459312,0.25,0,3530,2743,0.777054,3389,2037,0.601062,17.5011,20.1,3,0.662364,11010,3409,7601,0.309628,91.212,8.33798,5,83.3333,42.36
TR-GAT-NT,trgat,456,37,600,10,1,10,test,1,0.476355,0.25,0,3530,2612,0.739943,3389,1801,0.531425,16.262,19.1,2.11,0.621836,9316,3173,6143,0.340597,73.716,7.89191,5,83.3333,42.36
TR-GAT-NT,trgat,456,37,600,10,1,10,test,1,0.493282,0.25,0,3530,2467,0.698867,3389,1596,0.470935,15.1568,17.6,1.5,0.587162,7947,3000,4947,0.377501,59.364,7.35638,5,83.3333,42.36
TR-GAT-NT,trgat,456,37,600,10,1,10,test,1,0.494457,0.25,0,3530,2459,0.696601,3389,1577,0.465329,15.0385,17.4,1.5,0.58331,7841,2984,4857,0.380564,58.284,7.35248,5,83.3333,42.36
TR-GAT-NT,trgat,456,37,600,10,1,10,test,1,0.512928,0.25,0,3530,2264,0.64136,3389,1360,0.401298,14.0059,14.2,1.2,0.552991,6487,2751,3736,0.424079,44.832,6.7765,4,83.3333,42.36
TR-GAT-NT,trgat,456,37,600,10,1,10,test,1,0.532604,0.25,0,3530,2070,0.586402,3389,1158,0.341694,12.9879,11.5,0.9,0.522613,5184,2470,2714,0.476466,32.568,6.23913,4,83.3333,42.36
TR-GAT-NT,trgat,456,37,600,10,1,10,test,1,0.552786,0.25,0,3530,1835,0.51983,3389,938,0.276778,12.0669,10.2,0.7,0.497358,4028,2194,1834,0.544687,22.008,5.92694,4,83.3333,42.36
TR-GAT-NT,trgat,456,37,600,10,1,10,test,1,0.574964,0.25,0,3530,1548,0.438527,3389,754,0.222485,11.4201,9.6,0.7,0.484285,3111,1910,1201,0.61395,14.412,5.602,4,83.3333,42.36
TR-GAT-NT,trgat,456,37,600,10,1,10,test,1,0.598729,0.25,0,3530,1260,0.356941,3389,584,0.172322,10.7755,9.1,0.6,0.474938,2318,1573,745,0.678602,8.94,5.20268,3,83.3333,42.36
TR-GAT-NT,trgat,456,37,600,10,1,10,test,1,0.624056,0.25,0,3530,941,0.266572,3389,398,0.117439,10.2103,8.6,0.5,0.469961,1625,1199,426,0.737846,5.112,4.83099,3,83.3333,42.36
TR-GAT-NT,trgat,456,37,600,10,1,10,test,1,0.651298,0.25,0,3530,625,0.177054,3389,254,0.0749484,9.7904,8.1,0.4,0.474376,1046,818,228,0.782027,2.736,3.96491,3,83.3333,42.36
TR-GAT-NT,trgat,456,37,600,10,1,10,test,1,0.684798,0.25,0,3530,304,0.086119,3389,118,0.0348185,9.40395,7.45,0.4,0.484889,468,392,76,0.837607,0.912,3.57895,3,83.3333,42.36
TR-GAT-NT,trgat,456,37,600,10,1,10,test,1,0.734542,0.25,0,3530,66,0.0186969,3389,18,0.0053113,7.56667,5.25,0.3,0.494645,87,77,10,0.885057,0.12,3.1,2.5,83.3333,42.36
TR-GAT-NT,trgat,456,37,600,10,1,10,val,1,0.161848,0.25,0,2966,2955,0.996291,2785,2769,0.994255,26.5138,29.4,16.64,0.981478,40792,2987,37805,0.0732251,453.66,18.1485,15,83.3333,35.592
TR-GAT-NT,trgat,456,37,600,10,1,10,val,1,0.26062,0.25,0,2966,2904,0.979096,2785,2681,0.962657,25.1285,28.9,12.5,0.935178,25535,3028,22507,0.118582,270.084,15.5422,13,83.3333,35.592
TR-GAT-NT,trgat,456,37,600,10,1,10,val,1,0.307439,0.25,0,2966,2847,0.959879,2785,2574,0.924237,23.8194,27.1,10.5,0.891431,20813,3038,17775,0.145966,213.3,14.1113,11,83.3333,35.592
TR-GAT-NT,trgat,456,37,600,10,1,10,val,1,0.338616,0.25,0,2966,2776,0.935941,2785,2463,0.884381,22.757,25.5,8.95,0.856549,18279,3031,15248,0.165819,182.976,12.8412,10,83.3333,35.592
TR-GAT-NT,trgat,456,37,600,10,1,10,val,1,0.364403,0.25,0,2966,2698,0.909643,2785,2333,0.837702,21.6965,24.1,7.6,0.82187,16344,3054,13290,0.186858,159.48,11.7285,8,83.3333,35.592
TR-GAT-NT,trgat,456,37,600,10,1,10,val,1,0.385338,0.25,0,2966,2638,0.889413,2785,2220,0.797127,20.7574,23.1,6.6,0.791201,14713,3079,11634,0.209271,139.608,10.8971,7,83.3333,35.592
TR-GAT-NT,trgat,456,37,600,10,1,10,val,1,0.405054,0.25,0,2966,2569,0.86615,2785,2106,0.756194,19.8633,22.1,5.4,0.762181,13277,3106,10171,0.233938,122.052,10.0612,7,83.3333,35.592
TR-GAT-NT,trgat,456,37,600,10,1,10,val,1,0.423652,0.25,0,2966,2485,0.837829,2785,1970,0.707361,18.9202,21.2,4.4,0.732433,11801,3070,8731,0.260147,104.772,9.39205,6,83.3333,35.592
TR-GAT-NT,trgat,456,37,600,10,1,10,val,1,0.441719,0.25,0,2966,2394,0.807148,2785,1809,0.649551,17.7678,20.4,3.2,0.695554,10249,2962,7287,0.289004,87.444,8.85893,6,83.3333,35.592
TR-GAT-NT,trgat,456,37,600,10,1,10,val,1,0.459312,0.25,0,2966,2288,0.771409,2785,1623,0.582765,16.66,19.6,2.5,0.660427,8847,2811,6036,0.317735,72.432,8.31146,5,83.3333,35.592
TR-GAT-NT,trgat,456,37,600,10,1,10,val,1,0.476355,0.25,0,2966,2191,0.738705,2785,1444,0.518492,15.4314,18,1.8,0.621468,7555,2657,4898,0.351688,58.776,7.87076,5,83.3333,35.592
TR-GAT-NT,trgat,456,37,600,10,1,10,val,1,0.493282,0.25,0,2966,2058,0.693864,2785,1258,0.451706,14.2521,14.85,1.3,0.585623,6404,2431,3973,0.379606,47.676,7.31362,5,83.3333,35.592
TR-GAT-NT,trgat,456,37,600,10,1,10,val,1,0.494457,0.25,0,2966,2050,0.691167,2785,1246,0.447397,14.1894,14.6,1.3,0.583793,6337,2428,3909,0.383147,46.908,7.27526,5,83.3333,35.592
TR-GAT-NT,trgat,456,37,600,10,1,10,val,1,0.512928,0.25,0,2966,1898,0.639919,2785,1082,0.38851,13.2551,11.9,1.1,0.557776,5176,2238,2938,0.43238,35.256,6.91355,5,83.3333,35.592
TR-GAT-NT,trgat,456,37,600,10,1,10,val,1,0.532604,0.25,0,2966,1739,0.586312,2785,923,0.331418,12.4301,10.7,0.8,0.536419,4211,2055,2156,0.488008,25.872,6.50557,4,83.3333,35.592
TR-GAT-NT,trgat,456,37,600,10,1,10,val,1,0.552786,0.25,0,2966,1558,0.525287,2785,772,0.277199,11.6189,9.7,0.5,0.517906,3373,1858,1515,0.550845,18.18,6.21056,4,83.3333,35.592
TR-GAT-NT,trgat,456,37,600,10,1,10,val,1,0.574964,0.25,0,2966,1339,0.45145,2785,632,0.22693,11.0394,9.3,0.6,0.508044,2677,1651,1026,0.616735,12.312,5.71442,4,83.3333,35.592
TR-GAT-NT,trgat,456,37,600,10,1,10,val,1,0.598729,0.25,0,2966,1100,0.37087,2785,471,0.16912,10.4575,8.55,0.4,0.498339,2056,1385,671,0.673638,8.052,5.12966,4,83.3333,35.592
TR-GAT-NT,trgat,456,37,600,10,1,10,val,1,0.624056,0.25,0,2966,845,0.284895,2785,337,0.121005,9.79183,7.6,0.3,0.484646,1466,1097,369,0.748295,4.428,4.75068,3,83.3333,35.592
TR-GAT-NT,trgat,456,37,600,10,1,10,val,1,0.651298,0.25,0,2966,569,0.191841,2785,209,0.0750449,9.04394,6.6,0.4,0.468203,928,741,187,0.798491,2.244,4.15508,3,83.3333,35.592
TR-GAT-NT,trgat,456,37,600,10,1,10,val,1,0.684798,0.25,0,2966,298,0.100472,2785,94,0.0337522,8.01879,5.35,0.4,0.460021,446,374,72,0.838565,0.864,4.01389,3,83.3333,35.592
TR-GAT-NT,trgat,456,37,600,10,1,10,val,1,0.734542,0.25,0,2966,77,0.0259609,2785,27,0.00969479,7.64286,3.7,0.1,0.549893,107,96,11,0.897196,0.132,2.36364,3,83.3333,35.592
TR-GAT-NT,trgat,456,37,600,10,1,10,test,1,0.161848,0.25,0.15,3530,3516,0.996034,3389,3372,0.994984,27.265,29.4,20.55,0.985167,37942,3492,34450,0.0920352,413.4,33.761,34,83.3333,42.36
TR-GAT-NT,trgat,456,37,600,10,1,10,test,1,0.26062,0.25,0.15,3530,3455,0.978754,3389,3272,0.965477,26.0543,29.2,16.74,0.944266,25033,3435,21598,0.137219,259.176,25.7183,25,83.3333,42.36
TR-GAT-NT,trgat,456,37,600,10,1,10,test,1,0.307439,0.25,0.15,3530,3375,0.956091,3389,3153,0.930363,24.8734,28,14.04,0.905286,20621,3356,17265,0.162747,207.18,23.2756,23,83.3333,42.36
TR-GAT-NT,trgat,456,37,600,10,1,10,test,1,0.338616,0.25,0.15,3530,3310,0.937677,3389,3038,0.89643,23.8162,26.6,11.4,0.870169,18039,3295,14744,0.18266,176.928,21.7745,21,83.3333,42.36
TR-GAT-NT,trgat,456,37,600,10,1,10,test,1,0.364403,0.25,0.15,3530,3239,0.917564,3389,2920,0.861611,22.8964,25.2,10.1,0.83986,16086,3232,12854,0.20092,154.248,20.5604,20,83.3333,42.36
TR-GAT-NT,trgat,456,37,600,10,1,10,test,1,0.385338,0.25,0.15,3530,3184,0.901983,3389,2825,0.833579,22.0463,24,9,0.811512,14476,3187,11289,0.220158,135.468,19.6854,19,83.3333,42.36
TR-GAT-NT,trgat,456,37,600,10,1,10,test,1,0.405054,0.25,0.15,3530,3104,0.87932,3389,2667,0.786958,21.1024,23,7.33,0.780274,12933,3106,9827,0.240161,117.924,18.853,18,83.3333,42.36
TR-GAT-NT,trgat,456,37,600,10,1,10,test,1,0.423652,0.25,0.15,3530,3002,0.850425,3389,2495,0.736205,20.0536,22,5.4,0.746092,11496,3009,8487,0.261743,101.844,18.1179,17,83.3333,42.36
TR-GAT-NT,trgat,456,37,600,10,1,10,test,1,0.441719,0.25,0.15,3530,2889,0.818414,3389,2299,0.678371,18.9649,21.2,4,0.710369,10111,2890,7221,0.285827,86.652,17.3753,16,83.3333,42.36
TR-GAT-NT,trgat,456,37,600,10,1,10,test,1,0.459312,0.25,0.15,3530,2765,0.783286,3389,2062,0.608439,17.6758,20.2,3,0.667713,8709,2769,5940,0.317947,71.28,16.7015,15,83.3333,42.36
TR-GAT-NT,trgat,456,37,600,10,1,10,test,1,0.476355,0.25,0.15,3530,2635,0.746459,3389,1829,0.539687,16.4732,19.3,2.2,0.628346,7488,2641,4847,0.352698,58.164,16.0425,14,83.3333,42.36
TR-GAT-NT,trgat,456,37,600,10,1,10,test,1,0.493282,0.25,0.15,3530,2481,0.702833,3389,1615,0.476542,15.323,17.8,1.6,0.592327,6384,2485,3899,0.389254,46.788,15.3632,13,83.3333,42.36
TR-GAT-NT,trgat,456,37,600,10,1,10,test,1,0.494457,0.25,0.15,3530,2473,0.700567,3389,1597,0.47123,15.2176,17.6,1.5,0.588916,6323,2477,3846,0.391744,46.152,15.311,13,83.3333,42.36
TR-GAT-NT,trgat,456,37,600,10,1,10,test,1,0.512928,0.25,0.15,3530,2282,0.646459,3389,1384,0.40838,14.2336,14.7,1.2,0.560024,5241,2291,2950,0.43713,35.4,14.5492,12,83.3333,42.36
TR-GAT-NT,trgat,456,37,600,10,1,10,test,1,0.532604,0.25,0.15,3530,2085,0.590652,3389,1176,0.347005,13.1778,11.7,0.94,0.528384,4259,2095,2164,0.4919,25.968,13.896,12,83.3333,42.36
TR-GAT-NT,trgat,456,37,600,10,1,10,test,1,0.552786,0.25,0.15,3530,1847,0.523229,3389,952,0.280909,12.2524,10.3,0.7,0.503011,3350,1850,1500,0.552239,18,13.2367,11,83.3333,42.36
TR-GAT-NT,trgat,456,37,600,10,1,10,test,1,0.574964,0.25,0.15,3530,1558,0.44136,3389,767,0.22632,11.625,9.75,0.7,0.490552,2568,1559,1009,0.607087,12.108,12.7721,10,83.3333,42.36
TR-GAT-NT,trgat,456,37,600,10,1,10,test,1,0.598729,0.25,0.15,3530,1266,0.35864,3389,591,0.174388,10.8927,9.2,0.65,0.478367,1889,1264,625,0.669137,7.5,12.3824,10,83.3333,42.36
TR-GAT-NT,trgat,456,37,600,10,1,10,test,1,0.624056,0.25,0.15,3530,945,0.267705,3389,403,0.118914,10.3349,8.8,0.5,0.473643,1290,946,344,0.733333,4.128,12.2849,10,83.3333,42.36
TR-GAT-NT,trgat,456,37,600,10,1,10,test,1,0.651298,0.25,0.15,3530,628,0.177904,3389,258,0.0761287,9.92564,8.2,0.4,0.478255,814,629,185,0.772727,2.22,11.627,10,83.3333,42.36
TR-GAT-NT,trgat,456,37,600,10,1,10,test,1,0.684798,0.25,0.15,3530,307,0.0869688,3389,121,0.0357037,9.60228,7.5,0.4,0.489922,372,307,65,0.825269,0.78,12.9077,8,83.3333,42.36
TR-GAT-NT,trgat,456,37,600,10,1,10,test,1,0.734542,0.25,0.15,3530,66,0.0186969,3389,18,0.0053113,7.56667,5.25,0.3,0.494645,75,66,9,0.88,0.108,10.6667,8,83.3333,42.36
TR-GAT-NT,trgat,456,37,600,10,1,10,val,1,0.161848,0.25,0.15,2966,2959,0.99764,2785,2773,0.995691,26.5565,29.4,16.78,0.982808,33512,2944,30568,0.0878491,366.816,33.8606,35,83.3333,35.592
TR-GAT-NT,trgat,456,37,600,10,1,10,val,1,0.26062,0.25,0.15,2966,2910,0.981119,2785,2688,0.965171,25.2063,29.1,12.59,0.937625,21721,2897,18824,0.133373,225.888,25.1735,24,83.3333,35.592
TR-GAT-NT,trgat,456,37,600,10,1,10,val,1,0.307439,0.25,0.15,2966,2851,0.961227,2785,2579,0.926032,23.9321,27.3,10.6,0.895126,17753,2843,14910,0.160142,178.92,22.5504,22,83.3333,35.592
TR-GAT-NT,trgat,456,37,600,10,1,10,val,1,0.338616,0.25,0.15,2966,2783,0.938301,2785,2471,0.887253,22.8943,25.7,9,0.860979,15326,2779,12547,0.181326,150.564,21.137,20,83.3333,35.592
TR-GAT-NT,trgat,456,37,600,10,1,10,val,1,0.364403,0.25,0.15,2966,2706,0.91234,2785,2343,0.841293,21.8294,24.2,7.6,0.826126,13505,2707,10798,0.200444,129.576,19.9426,19,83.3333,35.592
TR-GAT-NT,trgat,456,37,600,10,1,10,val,1,0.385338,0.25,0.15,2966,2645,0.891773,2785,2228,0.8,20.8572,23.1,6.6,0.794341,11963,2647,9316,0.221266,111.792,19.2206,18,83.3333,35.592
TR-GAT-NT,trgat,456,37,600,10,1,10,val,1,0.405054,0.25,0.15,2966,2577,0.868847,2785,2114,0.759066,19.9757,22.2,5.4,0.765695,10617,2576,8041,0.24263,96.492,18.4582,17,83.3333,35.592
TR-GAT-NT,trgat,456,37,600,10,1,10,val,1,0.423652,0.25,0.15,2966,2491,0.839852,2785,1977,0.709874,19.0259,21.3,4.4,0.735787,9410,2494,6916,0.265037,82.992,17.6778,16,83.3333,35.592
TR-GAT-NT,trgat,456,37,600,10,1,10,val,1,0.441719,0.25,0.15,2966,2404,0.810519,2785,1820,0.653501,17.8906,20.5,3.2,0.699313,8177,2405,5772,0.294118,69.264,17.043,15,83.3333,35.592
TR-GAT-NT,trgat,456,37,600,10,1,10,val,1,0.459312,0.25,0.15,2966,2298,0.774781,2785,1634,0.586715,16.7885,19.7,2.5,0.664336,7051,2303,4748,0.32662,56.976,16.3738,15,83.3333,35.592
TR-GAT-NT,trgat,456,37,600,10,1,10,val,1,0.476355,0.25,0.15,2966,2206,0.743763,2785,1462,0.524955,15.6111,18.2,1.8,0.62686,6069,2208,3861,0.363816,46.332,15.8392,14,83.3333,35.592
TR-GAT-NT,trgat,456,37,600,10,1,10,val,1,0.493282,0.25,0.15,2966,2071,0.698247,2785,1273,0.457092,14.4124,15.1,1.3,0.590382,5190,2072,3118,0.399229,37.416,15.1434,13,83.3333,35.592
TR-GAT-NT,trgat,456,37,600,10,1,10,val,1,0.494457,0.25,0.15,2966,2063,0.69555,2785,1262,0.453142,14.3604,15.1,1.3,0.588908,5136,2064,3072,0.401869,36.864,15.1035,13,83.3333,35.592
TR-GAT-NT,trgat,456,37,600,10,1,10,val,1,0.512928,0.25,0.15,2966,1911,0.644302,2785,1099,0.394614,13.461,12.1,1.2,0.563977,4253,1916,2337,0.450506,28.044,14.4857,13,83.3333,35.592
TR-GAT-NT,trgat,456,37,600,10,1,10,val,1,0.532604,0.25,0.15,2966,1750,0.59002,2785,939,0.337163,12.6419,10.9,0.9,0.542838,3501,1757,1744,0.501857,20.928,13.7896,12,83.3333,35.592
TR-GAT-NT,trgat,456,37,600,10,1,10,val,1,0.552786,0.25,0.15,2966,1570,0.529332,2785,788,0.282944,11.8417,10,0.6,0.524503,2815,1578,1237,0.560568,14.844,13.194,11,83.3333,35.592
TR-GAT-NT,trgat,456,37,600,10,1,10,val,1,0.574964,0.25,0.15,2966,1347,0.454147,2785,640,0.229803,11.1688,9.3,0.6,0.51162,2192,1351,841,0.616332,10.092,12.7824,10,83.3333,35.592
TR-GAT-NT,trgat,456,37,600,10,1,10,val,1,0.598729,0.25,0.15,2966,1104,0.372218,2785,475,0.170557,10.5506,8.6,0.4,0.500956,1658,1106,552,0.667069,6.624,12.0453,10,83.3333,35.592
TR-GAT-NT,trgat,456,37,600,10,1,10,val,1,0.624056,0.25,0.15,2966,847,0.28557,2785,339,0.121724,9.85832,7.7,0.3,0.48655,1159,852,307,0.735116,3.684,11.1889,9,83.3333,35.592
TR-GAT-NT,trgat,456,37,600,10,1,10,val,1,0.651298,0.25,0.15,2966,569,0.191841,2785,209,0.0750449,9.06678,6.6,0.4,0.468985,734,572,162,0.779292,1.944,10.6481,9,83.3333,35.592
TR-GAT-NT,trgat,456,37,600,10,1,10,val,1,0.684798,0.25,0.15,2966,298,0.100472,2785,94,0.0337522,8.01879,5.35,0.4,0.460021,362,299,63,0.825967,0.756,11.7619,10,83.3333,35.592
TR-GAT-NT,trgat,456,37,600,10,1,10,val,1,0.734542,0.25,0.15,2966,77,0.0259609,2785,27,0.00969479,7.64286,3.7,0.1,0.549893,88,77,11,0.875,0.132,9.72727,8,83.3333,35.592
Tfm-P,learned,42,27,600,10,1,10,test,1,0.1508,1,0,3530,3521,0.99745,3389,3375,0.995869,27.3595,29.4,21.3,0.988171,94622,3806,90816,0.0402232,1089.79,8.38051,3,83.3333,42.36
Tfm-P,learned,42,27,600,10,1,10,test,1,0.248058,1,0,3530,3497,0.990652,3389,3341,0.985837,26.8212,29.3,18.86,0.970024,61477,4310,57167,0.0701075,686.004,7.93059,3,83.3333,42.36
Tfm-P,learned,42,27,600,10,1,10,test,1,0.30814,1,0,3530,3468,0.982436,3389,3293,0.971673,26.2032,29.2,16.9,0.948707,49874,4803,45071,0.0963027,540.852,7.45253,3,83.3333,42.36
Tfm-P,learned,42,27,600,10,1,10,test,1,0.344346,1,0,3530,3434,0.972805,3389,3233,0.953969,25.5665,29.1,14.83,0.927334,44143,5051,39092,0.114424,469.104,6.95283,3,83.3333,42.36
Tfm-P,learned,42,27,600,10,1,10,test,1,0.370036,1,0,3530,3395,0.961756,3389,3154,0.930658,24.9029,28.4,13.1,0.905219,40453,5305,35148,0.13114,421.776,6.46,3,83.3333,42.36
Tfm-P,learned,42,27,600,10,1,10,test,1,0.390571,1,0,3530,3341,0.946459,3389,3063,0.903806,24.2088,27.4,11.2,0.882172,37348,5445,31903,0.145791,382.836,5.98734,3,83.3333,42.36
Tfm-P,learned,42,27,600,10,1,10,test,1,0.408547,1,0,3530,3297,0.933994,3389,2988,0.881676,23.4785,26.2,10.4,0.857807,34526,5581,28945,0.161646,347.34,5.55091,3,83.3333,42.36
Tfm-P,learned,42,27,600,10,1,10,test,1,0.424479,1,0,3530,3248,0.920113,3389,2896,0.854529,22.7487,25.2,9.4,0.833543,32051,5661,26390,0.176625,316.68,5.10311,3,83.3333,42.36
Tfm-P,learned,42,27,600,10,1,10,test,1,0.43987,1,0,3530,3186,0.90255,3389,2793,0.824137,21.959,24.3,8.05,0.807606,29357,5694,23663,0.193957,283.956,4.68774,2,83.3333,42.36
Tfm-P,learned,42,27,600,10,1,10,test,1,0.454516,1,0,3530,3127,0.885836,3389,2681,0.791089,21.0866,23.4,6.6,0.77855,26899,5705,21194,0.21209,254.328,4.24715,2,83.3333,42.36
Tfm-P,learned,42,27,600,10,1,10,test,1,0.469487,1,0,3530,3056,0.865722,3389,2529,0.746238,19.9783,22.4,5.2,0.741411,23991,5622,18369,0.234338,220.428,3.88323,2,83.3333,42.36
Tfm-P,learned,42,27,600,10,1,10,test,1,0.484732,1,0,3530,2975,0.842776,3389,2343,0.691354,18.763,21.4,4,0.701099,21139,5458,15681,0.258196,188.172,3.51693,2,83.3333,42.36
Tfm-P,learned,42,27,600,10,1,10,test,1,0.485474,1,0,3530,2968,0.840793,3389,2333,0.688404,18.7156,21.3,3.9,0.699625,21004,5446,15558,0.259284,186.696,3.4991,2,83.3333,42.36
Tfm-P,learned,42,27,600,10,1,10,test,1,0.500591,1,0,3530,2851,0.807649,3389,2096,0.618472,17.3668,20,3,0.655394,18154,5222,12932,0.28765,155.184,3.1903,2,83.3333,42.36
Tfm-P,learned,42,27,600,10,1,10,test,1,0.518661,1,0,3530,2726,0.772238,3389,1815,0.535556,15.6982,15.7,2.2,0.600173,15250,4975,10275,0.32623,123.3,2.84487,2,83.3333,42.36
Tfm-P,learned,42,27,600,10,1,10,test,1,0.539848,1,0,3530,2540,0.719547,3389,1481,0.437002,13.9557,11.8,1.5,0.544076,12370,4650,7720,0.375909,92.64,2.5557,1,83.3333,42.36
Tfm-P,learned,42,27,600,10,1,10,test,1,0.565418,1,0,3530,2368,0.670822,3389,1224,0.361168,12.6419,10.35,1.2,0.503427,9942,4499,5443,0.452525,65.316,2.27724,1,83.3333,42.36
Tfm-P,learned,42,27,600,10,1,10,test,1,0.592901,1,0,3530,2163,0.612748,3389,1003,0.295958,11.5447,8.9,0.8,0.468653,8009,4239,3770,0.52928,45.24,2.04668,1,83.3333,42.36
Tfm-P,learned,42,27,600,10,1,10,test,1,0.621496,1,0,3530,1942,0.550142,3389,813,0.239894,10.4514,7.6,0.6,0.435003,6325,3853,2472,0.60917,29.664,1.81432,1,83.3333,42.36
Tfm-P,learned,42,27,600,10,1,10,test,1,0.650693,1,0,3530,1646,0.466289,3389,596,0.175863,9.12947,5.9,0.4,0.395261,4530,3141,1389,0.693377,16.668,1.67459,1,83.3333,42.36
Tfm-P,learned,42,27,600,10,1,10,test,1,0.685877,1,0,3530,1161,0.328895,3389,333,0.0982591,7.62438,4.7,0.4,0.353643,2673,2097,576,0.784512,6.912,1.58854,1,83.3333,42.36
Tfm-P,learned,42,27,600,10,1,10,test,1,0.743539,1,0,3530,461,0.130595,3389,60,0.0177043,4.7243,2.6,0.2,0.27038,824,733,91,0.889563,1.092,1.34066,1,83.3333,42.36
Tfm-P,learned,42,27,600,10,1,10,val,1,0.1508,1,0,2966,2960,0.997977,2785,2778,0.997487,26.6733,29.4,17.59,0.987081,82912,3240,79672,0.0390776,956.064,7.96988,2,83.3333,35.592
Tfm-P,learned,42,27,600,10,1,10,val,1,0.248058,1,0,2966,2936,0.989885,2785,2738,0.983124,26.0077,29.3,14.65,0.964455,52823,3629,49194,0.0687011,590.328,7.5809,3,83.3333,35.592
Tfm-P,learned,42,27,600,10,1,10,val,1,0.30814,1,0,2966,2910,0.981119,2785,2683,0.963375,25.3242,29.2,12.3,0.940896,42520,3952,38568,0.0929445,462.816,7.06853,3,83.3333,35.592
Tfm-P,learned,42,27,600,10,1,10,val,1,0.344346,1,0,2966,2885,0.97269,2785,2632,0.945063,24.6925,28.8,11.1,0.9191,37332,4276,33056,0.11454,396.672,6.58162,3,83.3333,35.592
Tfm-P,learned,42,27,600,10,1,10,val,1,0.370036,1,0,2966,2851,0.961227,2785,2568,0.922083,23.9777,27.7,10,0.895373,33704,4466,29238,0.132507,350.856,6.12473,3,83.3333,35.592
Tfm-P,learned,42,27,600,10,1,10,val,1,0.390571,1,0,2966,2808,0.94673,2785,2495,0.895871,23.3132,26.5,9,0.873901,30898,4624,26274,0.149654,315.288,5.66697,3,83.3333,35.592
Tfm-P,learned,42,27,600,10,1,10,val,1,0.408547,1,0,2966,2757,0.929535,2785,2408,0.864632,22.5553,25.6,7.6,0.849204,28245,4671,23574,0.165374,282.888,5.24565,3,83.3333,35.592
Tfm-P,learned,42,27,600,10,1,10,val,1,0.424479,1,0,2966,2713,0.9147,2785,2322,0.833752,21.6882,24.5,6.7,0.820268,25867,4702,21165,0.181776,253.98,4.85074,2,83.3333,35.592
Tfm-P,learned,42,27,600,10,1,10,val,1,0.43987,1,0,2966,2668,0.899528,2785,2229,0.800359,20.8879,23.7,5.7,0.793562,23514,4771,18743,0.2029,224.916,4.49869,2,83.3333,35.592
Tfm-P,learned,42,27,600,10,1,10,val,1,0.454516,1,0,2966,2611,0.88031,2785,2129,0.764452,19.9968,22.9,4.8,0.764716,21162,4704,16458,0.222285,197.496,4.15968,2,83.3333,35.592
Tfm-P,learned,42,27,600,10,1,10,val,1,0.469487,1,0,2966,2528,0.852326,2785,2001,0.718492,19.0329,22,4,0.73421,18965,4581,14384,0.24155,172.608,3.7833,2,83.3333,35.592
Tfm-P,learned,42,27,600,10,1,10,val,1,0.484732,1,0,2966,2467,0.83176,2785,1865,0.669659,17.9274,20.8,3.4,0.697865,16650,4460,12190,0.267868,146.28,3.45833,2,83.3333,35.592
Tfm-P,learned,42,27,600,10,1,10,val,1,0.485474,1,0,2966,2464,0.830748,2785,1858,0.667145,17.8752,20.75,3.3,0.695984,16539,4463,12076,0.269847,144.912,3.44501,2,83.3333,35.592
Tfm-P,learned,42,27,600,10,1,10,val,1,0.500591,1,0,2966,2381,0.802765,2785,1682,0.60395,16.5921,18.6,2.7,0.653438,14388,4284,10104,0.297748,121.248,3.14707,2,83.3333,35.592
Tfm-P,learned,42,27,600,10,1,10,val,1,0.518661,1,0,2966,2267,0.764329,2785,1440,0.517056,14.9883,13.8,2,0.601812,12030,4038,7992,0.335661,95.904,2.86649,1,83.3333,35.592
Tfm-P,learned,42,27,600,10,1,10,val,1,0.539848,1,0,2966,2131,0.718476,2785,1190,0.427289,13.4032,11.2,1.6,0.551714,9957,3869,6088,0.388571,73.056,2.59264,1,83.3333,35.592
Tfm-P,learned,42,27,600,10,1,10,val,1,0.565418,1,0,2966,1989,0.6706,2785,964,0.34614,12.0746,9.5,1.1,0.510435,8175,3720,4455,0.455046,53.46,2.36139,1,83.3333,35.592
Tfm-P,learned,42,27,600,10,1,10,val,1,0.592901,1,0,2966,1852,0.62441,2785,831,0.298384,11.2467,8.45,0.7,0.484637,6833,3602,3231,0.527148,38.772,2.10028,1,83.3333,35.592
Tfm-P,learned,42,27,600,10,1,10,val,1,0.621496,1,0,2966,1669,0.562711,2785,679,0.243806,10.1616,6.7,0.5,0.452026,5420,3347,2073,0.617528,24.876,1.93729,1,83.3333,35.592
Tfm-P,learned,42,27,600,10,1,10,val,1,0.650693,1,0,2966,1405,0.473702,2785,490,0.175943,8.97687,5.6,0.4,0.417963,3975,2754,1221,0.69283,14.652,1.78542,1,83.3333,35.592
Tfm-P,learned,42,27,600,10,1,10,val,1,0.685877,1,0,2966,1034,0.348618,2785,286,0.102693,7.34536,4.4,0.3,0.374497,2443,1931,512,0.790422,6.144,1.76562,1,83.3333,35.592
Tfm-P,learned,42,27,600,10,1,10,val,1,0.743539,1,0,2966,458,0.154417,2785,52,0.0186715,4.51528,2.4,0.1,0.300352,811,722,89,0.890259,1.068,1.48315,1,83.3333,35.592
Tfm-P,learned,42,27,600,10,1,10,test,1,0.1508,1,0.15,3530,3527,0.99915,3389,3381,0.997639,27.4217,29.4,21.4,0.990179,48450,3503,44947,0.0723013,539.364,31.4145,31,83.3333,42.36
Tfm-P,learned,42,27,600,10,1,10,test,1,0.248058,1,0.15,3530,3501,0.991785,3389,3346,0.987312,26.9233,29.4,19.2,0.973414,37636,3545,34091,0.0941917,409.092,18.0959,15,83.3333,42.36
Tfm-P,learned,42,27,600,10,1,10,test,1,0.30814,1,0.15,3530,3480,0.985836,3389,3306,0.975509,26.3209,29.3,17.29,0.952494,31226,3627,27599,0.116153,331.188,15.9711,13,83.3333,42.36
Tfm-P,learned,42,27,600,10,1,10,test,1,0.344346,1,0.15,3530,3446,0.976204,3389,3247,0.9581,25.7198,29.2,15.2,0.932308,27465,3667,23798,0.133515,285.576,15.0519,12,83.3333,42.36
Tfm-P,learned,42,27,600,10,1,10,test,1,0.370036,1,0.15,3530,3402,0.963739,3389,3162,0.933019,25.0469,29,13.21,0.909957,24917,3665,21252,0.147088,255.024,14.37,12,83.3333,42.36
Tfm-P,learned,42,27,600,10,1,10,test,1,0.390571,1,0.15,3530,3358,0.951275,3389,3081,0.909118,24.3704,27.9,11.3,0.887318,22703,3624,19079,0.159626,228.948,13.8708,11,83.3333,42.36
Tfm-P,learned,42,27,600,10,1,10,test,1,0.408547,1,0.15,3530,3313,0.938527,3389,3005,0.886692,23.6754,26.6,10.5,0.864162,20866,3621,17245,0.173536,206.94,13.3761,11,83.3333,42.36
Tfm-P,learned,42,27,600,10,1,10,test,1,0.424479,1,0.15,3530,3264,0.924646,3389,2913,0.859546,22.936,25.5,9.5,0.839575,19148,3591,15557,0.187539,186.684,12.9973,10,83.3333,42.36
Tfm-P,learned,42,27,600,10,1,10,test,1,0.43987,1,0.15,3530,3203,0.907365,3389,2813,0.830038,22.1553,24.5,8.2,0.813914,17493,3541,13952,0.202424,167.424,12.5075,10,83.3333,42.36
Tfm-P,learned,42,27,600,10,1,10,test,1,0.454516,1,0.15,3530,3144,0.890652,3389,2702,0.797285,21.2973,23.5,6.73,0.78535,15986,3488,12498,0.218191,149.976,11.9602,9,83.3333,42.36
Tfm-P,learned,42,27,600,10,1,10,test,1,0.469487,1,0.15,3530,3072,0.870255,3389,2550,0.752434,20.1968,22.6,5.2,0.748496,14322,3401,10921,0.237467,131.052,11.4248,8,83.3333,42.36
Tfm-P,learned,42,27,600,10,1,10,test,1,0.484732,1,0.15,3530,2995,0.848442,3389,2366,0.698141,18.9774,21.5,4,0.707946,12685,3308,9377,0.26078,112.524,10.8661,8,83.3333,42.36
Tfm-P,learned,42,27,600,10,1,10,test,1,0.485474,1,0.15,3530,2989,0.846742,3389,2357,0.695485,18.9366,21.5,4,0.706676,12617,3300,9317,0.261552,111.804,10.8213,8,83.3333,42.36
Tfm-P,learned,42,27,600,10,1,10,test,1,0.500591,1,0.15,3530,2871,0.813314,3389,2119,0.625258,17.6129,20.3,3,0.663247,11031,3149,7882,0.285468,94.584,10.1808,7,83.3333,42.36
Tfm-P,learned,42,27,600,10,1,10,test,1,0.518661,1,0.15,3530,2740,0.776204,3389,1835,0.541458,15.9307,15.9,2.2,0.607664,9325,2970,6355,0.318499,76.26,9.44831,6,83.3333,42.36
Tfm-P,learned,42,27,600,10,1,10,test,1,0.539848,1,0.15,3530,2549,0.722096,3389,1499,0.442313,14.1631,12,1.5,0.550836,7632,2750,4882,0.360325,58.584,8.58705,6,83.3333,42.36
Tfm-P,learned,42,27,600,10,1,10,test,1,0.565418,1,0.15,3530,2379,0.673938,3389,1240,0.36589,12.8161,10.4,1.2,0.508967,6115,2584,3531,0.422567,42.372,7.65279,5,83.3333,42.36
Tfm-P,learned,42,27,600,10,1,10,test,1,0.592901,1,0.15,3530,2170,0.614731,3389,1012,0.298613,11.6576,9,0.8,0.472212,4908,2384,2524,0.485738,30.288,6.86173,4,83.3333,42.36
Tfm-P,learned,42,27,600,10,1,10,test,1,0.621496,1,0.15,3530,1948,0.551841,3389,821,0.242254,10.5677,7.7,0.6,0.438658,3867,2127,1740,0.550039,20.88,5.96034,4,83.3333,42.36
Tfm-P,learned,42,27,600,10,1,10,test,1,0.650693,1,0.15,3530,1650,0.467422,3389,601,0.177338,9.20764,6,0.4,0.397678,2825,1780,1045,0.630088,12.54,5.22392,3,83.3333,42.36
Tfm-P,learned,42,27,600,10,1,10,test,1,0.685877,1,0.15,3530,1161,0.328895,3389,333,0.0982591,7.62438,4.7,0.4,0.353643,1686,1235,451,0.732503,5.412,4.74058,3,83.3333,42.36
Tfm-P,learned,42,27,600,10,1,10,test,1,0.743539,1,0.15,3530,461,0.130595,3389,60,0.0177043,4.7243,2.6,0.2,0.27038,560,479,81,0.855357,0.972,3.7284,3,83.3333,42.36
Tfm-P,learned,42,27,600,10,1,10,val,1,0.1508,1,0.15,2966,2962,0.998651,2785,2780,0.998205,26.7237,29.4,17.61,0.988739,42089,2946,39143,0.0699945,469.716,31.6452,32,83.3333,35.592
Tfm-P,learned,42,27,600,10,1,10,val,1,0.248058,1,0.15,2966,2937,0.990223,2785,2741,0.984201,26.1105,29.3,14.9,0.967897,32397,2977,29420,0.0918912,353.04,17.4714,14,83.3333,35.592
Tfm-P,learned,42,27,600,10,1,10,val,1,0.30814,1,0.15,2966,2914,0.982468,2785,2688,0.965171,25.4457,29.2,12.53,0.944899,26786,3045,23741,0.113679,284.892,15.2493,12,83.3333,35.592
Tfm-P,learned,42,27,600,10,1,10,val,1,0.344346,1,0.15,2966,2892,0.975051,2785,2642,0.948654,24.8402,29.1,11.2,0.923904,23424,3076,20348,0.131318,244.176,14.3234,11,83.3333,35.592
Tfm-P,learned,42,27,600,10,1,10,val,1,0.370036,1,0.15,2966,2858,0.963587,2785,2576,0.924955,24.1013,28.1,10,0.899364,20912,3064,17848,0.146519,214.176,13.7456,11,83.3333,35.592
Tfm-P,learned,42,27,600,10,1,10,val,1,0.390571,1,0.15,2966,2818,0.950101,2785,2506,0.89982,23.4587,26.9,9,0.878527,18943,3055,15888,0.161273,190.656,13.2041,10,83.3333,35.592
Tfm-P,learned,42,27,600,10,1,10,val,1,0.408547,1,0.15,2966,2769,0.933581,2785,2420,0.868941,22.7012,25.8,7.6,0.853743,17200,3017,14183,0.175407,170.196,12.7061,10,83.3333,35.592
Tfm-P,learned,42,27,600,10,1,10,val,1,0.424479,1,0.15,2966,2721,0.917397,2785,2332,0.837343,21.869,24.7,6.7,0.826123,15670,2972,12698,0.189662,152.376,12.2698,9,83.3333,35.592
Tfm-P,learned,42,27,600,10,1,10,val,1,0.43987,1,0.15,2966,2675,0.901888,2785,2240,0.804309,21.0728,23.8,5.7,0.799601,14198,2942,11256,0.207212,135.072,11.8475,9,83.3333,35.592
Tfm-P,learned,42,27,600,10,1,10,val,1,0.454516,1,0.15,2966,2620,0.883345,2785,2141,0.768761,20.2023,23,4.8,0.771381,12824,2894,9930,0.225671,119.16,11.4778,8,83.3333,35.592
Tfm-P,learned,42,27,600,10,1,10,val,1,0.469487,1,0.15,2966,2539,0.856035,2785,2015,0.723519,19.2171,22.1,4,0.740059,11465,2813,8652,0.245355,103.824,11.0782,8,83.3333,35.592
Tfm-P,learned,42,27,600,10,1,10,val,1,0.484732,1,0.15,2966,2474,0.83412,2785,1877,0.673968,18.1026,20.9,3.4,0.703549,10179,2750,7429,0.270164,89.148,10.4917,7,83.3333,35.592
Tfm-P,learned,42,27,600,10,1,10,val,1,0.485474,1,0.15,2966,2471,0.833109,2785,1870,0.671454,18.0499,20.8,3.3,0.701653,10128,2746,7382,0.27113,88.584,10.4565,7,83.3333,35.592
Tfm-P,learned,42,27,600,10,1,10,val,1,0.500591,1,0.15,2966,2386,0.80445,2785,1693,0.607899,16.768,18.95,2.7,0.659221,8933,2658,6275,0.297548,75.3,9.88319,7,83.3333,35.592
Tfm-P,learned,42,27,600,10,1,10,val,1,0.518661,1,0.15,2966,2272,0.766015,2785,1448,0.519928,15.1429,13.95,2,0.606845,7575,2509,5066,0.331221,60.792,9.11232,6,83.3333,35.592
Tfm-P,learned,42,27,600,10,1,10,val,1,0.539848,1,0.15,2966,2138,0.720836,2785,1199,0.430521,13.5783,11.3,1.6,0.557316,6286,2326,3960,0.370029,47.52,8.09823,5,83.3333,35.592
Tfm-P,learned,42,27,600,10,1,10,val,1,0.565418,1,0.15,2966,1994,0.672286,2785,971,0.348654,12.2175,9.6,1.1,0.515017,5062,2159,2903,0.426511,34.836,7.36273,5,83.3333,35.592
Tfm-P,learned,42,27,600,10,1,10,val,1,0.592901,1,0.15,2966,1857,0.626096,2785,838,0.300898,11.3657,8.7,0.7,0.488407,4121,2032,2089,0.493084,25.068,6.88559,4,83.3333,35.592
Tfm-P,learned,42,27,600,10,1,10,val,1,0.621496,1,0.15,2966,1673,0.564059,2785,685,0.245961,10.2491,6.7,0.6,0.454747,3218,1840,1378,0.571784,16.536,6.34978,4,83.3333,35.592
Tfm-P,learned,42,27,600,10,1,10,val,1,0.650693,1,0.15,2966,1410,0.475388,2785,497,0.178456,9.08348,5.7,0.4,0.421209,2390,1538,852,0.643515,10.224,5.75469,4,83.3333,35.592
Tfm-P,learned,42,27,600,10,1,10,val,1,0.685877,1,0.15,2966,1037,0.349629,2785,289,0.10377,7.42083,4.4,0.3,0.37673,1518,1122,396,0.73913,4.752,5.18939,4,83.3333,35.592
Tfm-P,learned,42,27,600,10,1,10,val,1,0.743539,1,0.15,2966,458,0.154417,2785,52,0.0186715,4.51747,2.4,0.1,0.300427,545,479,66,0.878899,0.792,4.66667,3,83.3333,35.592
Tfm-P,learned,42,27,600,10,1,10,test,1,0.1508,0.5,0,3530,3517,0.996317,3389,3371,0.994689,27.3213,29.4,21,0.986837,61075,3595,57480,0.0588621,689.76,13.0206,7,83.3333,42.36
Tfm-P,learned,42,27,600,10,1,10,test,1,0.248058,0.5,0,3530,3491,0.988952,3389,3327,0.981706,26.6143,29.3,18.4,0.962918,40488,3823,36665,0.094423,439.98,11.9603,7,83.3333,42.36
Tfm-P,learned,42,27,600,10,1,10,test,1,0.30814,0.5,0,3530,3442,0.975071,3389,3244,0.957215,25.7694,29.1,15.8,0.934305,32937,4081,28856,0.123903,346.272,11.0366,7,83.3333,42.36
Tfm-P,learned,42,27,600,10,1,10,test,1,0.344346,0.5,0,3530,3390,0.96034,3389,3151,0.929773,24.9138,28.4,13.4,0.905738,29006,4228,24778,0.145763,297.336,10.2496,6,83.3333,42.36
Tfm-P,learned,42,27,600,10,1,10,test,1,0.370036,0.5,0,3530,3334,0.944476,3389,3048,0.89938,24.1021,27.2,11.2,0.878712,26432,4331,22101,0.163854,265.212,9.50129,6,83.3333,42.36
Tfm-P,learned,42,27,600,10,1,10,test,1,0.390571,0.5,0,3530,3279,0.928895,3389,2953,0.871348,23.2701,25.9,10.08,0.850927,24268,4404,19864,0.181474,238.368,8.83855,6,83.3333,42.36
Tfm-P,learned,42,27,600,10,1,10,test,1,0.408547,0.5,0,3530,3205,0.907932,3389,2835,0.83653,22.3832,24.7,8.94,0.82177,22398,4432,17966,0.197875,215.592,8.14394,5,83.3333,42.36
Tfm-P,learned,42,27,600,10,1,10,test,1,0.424479,0.5,0,3530,3151,0.892635,3389,2733,0.806433,21.5204,23.8,7.3,0.793166,20583,4424,16159,0.214935,193.908,7.50839,5,83.3333,42.36
Tfm-P,learned,42,27,600,10,1,10,test,1,0.43987,0.5,0,3530,3071,0.869972,3389,2590,0.764237,20.5755,23,5.7,0.761945,18617,4365,14252,0.234463,171.024,6.93334,4,83.3333,42.36
Tfm-P,learned,42,27,600,10,1,10,test,1,0.454516,0.5,0,3530,2997,0.849008,3389,2422,0.714665,19.4777,22,4.4,0.725493,16718,4289,12429,0.25655,149.148,6.38064,4,83.3333,42.36
Tfm-P,learned,42,27,600,10,1,10,test,1,0.469487,0.5,0,3530,2907,0.823513,3389,2236,0.659782,18.3005,21,3.4,0.686454,14584,4118,10466,0.282364,125.592,5.89776,4,83.3333,42.36
Tfm-P,learned,42,27,600,10,1,10,test,1,0.484732,0.5,0,3530,2783,0.788385,3389,2004,0.591325,16.9876,19.7,2.5,0.643973,12507,3915,8592,0.313025,103.104,5.4162,3,83.3333,42.36
Tfm-P,learned,42,27,600,10,1,10,test,1,0.485474,0.5,0,3530,2776,0.786402,3389,1995,0.588669,16.9285,19.5,2.4,0.641989,12421,3900,8521,0.313984,102.252,5.38751,3,83.3333,42.36
Tfm-P,learned,42,27,600,10,1,10,test,1,0.500591,0.5,0,3530,2648,0.750142,3389,1756,0.518147,15.5322,16.1,1.8,0.596154,10441,3613,6828,0.34604,81.936,5.0126,3,83.3333,42.36
Tfm-P,learned,42,27,600,10,1,10,test,1,0.518661,0.5,0,3530,2480,0.70255,3389,1478,0.436117,13.9782,12.3,1.4,0.547247,8515,3392,5123,0.398356,61.476,4.58208,3,83.3333,42.36
Tfm-P,learned,42,27,600,10,1,10,test,1,0.539848,0.5,0,3530,2278,0.645326,3389,1165,0.343759,12.462,10.3,0.9,0.500062,6766,3104,3662,0.458764,43.944,4.11851,2,83.3333,42.36
Tfm-P,learned,42,27,600,10,1,10,test,1,0.565418,0.5,0,3530,2050,0.580737,3389,938,0.276778,11.2427,8.6,0.6,0.465366,5134,2833,2301,0.551811,27.612,3.87136,2,83.3333,42.36
Tfm-P,learned,42,27,600,10,1,10,test,1,0.592901,0.5,0,3530,1775,0.502833,3389,755,0.22278,10.4678,7.8,0.5,0.445149,3975,2534,1441,0.637484,17.292,3.41499,2,83.3333,42.36
Tfm-P,learned,42,27,600,10,1,10,test,1,0.621496,0.5,0,3530,1454,0.411898,3389,551,0.162585,9.52572,7,0.3,0.42338,2876,2089,787,0.726356,9.444,3.14867,2,83.3333,42.36
Tfm-P,learned,42,27,600,10,1,10,test,1,0.650693,0.5,0,3530,1081,0.306232,3389,352,0.103865,8.54995,5.6,0.4,0.406986,1960,1579,381,0.805612,4.572,2.96063,2,83.3333,42.36
Tfm-P,learned,42,27,600,10,1,10,test,1,0.685877,0.5,0,3530,669,0.189518,3389,141,0.0416052,6.56263,4,0.3,0.355923,1056,915,141,0.866477,1.692,2.56028,2,83.3333,42.36
Tfm-P,learned,42,27,600,10,1,10,test,1,0.743539,0.5,0,3530,202,0.0572238,3389,17,0.00501623,4.09901,2.2,0.2,0.302241,277,264,13,0.953069,0.156,1.69231,1,83.3333,42.36
Tfm-P,learned,42,27,600,10,1,10,val,1,0.1508,0.5,0,2966,2955,0.996291,2785,2771,0.994973,26.5848,29.4,16.98,0.984222,52988,3029,49959,0.0571639,599.508,12.5157,7,83.3333,35.592
Tfm-P,learned,42,27,600,10,1,10,val,1,0.248058,0.5,0,2966,2923,0.985502,2785,2717,0.975583,25.7635,29.2,13.9,0.956341,34845,3222,31623,0.0924666,379.476,11.3928,7,83.3333,35.592
Tfm-P,learned,42,27,600,10,1,10,val,1,0.30814,0.5,0,2966,2890,0.974376,2785,2641,0.948294,24.8567,29,11.2,0.925067,27934,3407,24527,0.121966,294.324,10.4976,6,83.3333,35.592
Tfm-P,learned,42,27,600,10,1,10,val,1,0.344346,0.5,0,2966,2850,0.96089,2785,2571,0.92316,23.9933,27.6,10,0.896083,24326,3538,20788,0.145441,249.456,9.72782,6,83.3333,35.592
Tfm-P,learned,42,27,600,10,1,10,val,1,0.370036,0.5,0,2966,2805,0.945718,2785,2487,0.892998,23.1694,26.4,9,0.868663,21853,3632,18221,0.166201,218.652,9.03842,6,83.3333,35.592
Tfm-P,learned,42,27,600,10,1,10,val,1,0.390571,0.5,0,2966,2735,0.922117,2785,2370,0.850987,22.3347,25.3,7.44,0.841816,19919,3703,16216,0.185903,194.592,8.37697,5,83.3333,35.592
Tfm-P,learned,42,27,600,10,1,10,val,1,0.408547,0.5,0,2966,2677,0.902562,2785,2264,0.812926,21.4233,24.3,6.2,0.812048,18031,3700,14331,0.205202,171.972,7.81376,5,83.3333,35.592
Tfm-P,learned,42,27,600,10,1,10,val,1,0.424479,0.5,0,2966,2627,0.885705,2785,2162,0.776302,20.5262,23.4,5.2,0.782531,16316,3649,12667,0.223646,152.004,7.27355,5,83.3333,35.592
Tfm-P,learned,42,27,600,10,1,10,val,1,0.43987,0.5,0,2966,2555,0.86143,2785,2039,0.732136,19.5825,22.5,4.4,0.751856,14724,3643,11081,0.247419,132.972,6.75156,4,83.3333,35.592
Tfm-P,learned,42,27,600,10,1,10,val,1,0.454516,0.5,0,2966,2483,0.837154,2785,1929,0.692639,18.6317,21.6,3.5,0.721614,13179,3555,9624,0.269747,115.488,6.23919,4,83.3333,35.592
Tfm-P,learned,42,27,600,10,1,10,val,1,0.469487,0.5,0,2966,2401,0.809508,2785,1776,0.637702,17.4882,20.5,2.7,0.684618,11453,3412,8041,0.297913,96.492,5.83,4,83.3333,35.592
Tfm-P,learned,42,27,600,10,1,10,val,1,0.484732,0.5,0,2966,2311,0.779164,2785,1592,0.571634,16.1993,18.6,2.1,0.643261,9953,3235,6718,0.325028,80.616,5.31795,3,83.3333,35.592
Tfm-P,learned,42,27,600,10,1,10,val,1,0.485474,0.5,0,2966,2306,0.777478,2785,1582,0.568043,16.1418,18.6,2.1,0.641292,9869,3231,6638,0.327389,79.656,5.30777,3,83.3333,35.592
Tfm-P,learned,42,27,600,10,1,10,val,1,0.500591,0.5,0,2966,2194,0.739717,2785,1378,0.494794,14.7588,13.9,1.7,0.596561,8247,3009,5238,0.36486,62.856,5.00439,3,83.3333,35.592
Tfm-P,learned,42,27,600,10,1,10,val,1,0.518661,0.5,0,2966,2068,0.697235,2785,1147,0.411849,13.2576,11.2,1.2,0.549797,6601,2731,3870,0.413725,46.44,4.73721,3,83.3333,35.592
Tfm-P,learned,42,27,600,10,1,10,val,1,0.539848,0.5,0,2966,1916,0.645988,2785,940,0.337522,11.9765,9.7,0.85,0.51146,5307,2542,2765,0.47899,33.18,4.44521,3,83.3333,35.592
Tfm-P,learned,42,27,600,10,1,10,val,1,0.565418,0.5,0,2966,1729,0.58294,2785,771,0.27684,11.0505,8.4,0.5,0.486079,4243,2344,1899,0.552439,22.788,4.09742,2,83.3333,35.592
Tfm-P,learned,42,27,600,10,1,10,val,1,0.592901,0.5,0,2966,1511,0.50944,2785,620,0.222621,10.1565,7.5,0.4,0.464214,3383,2171,1212,0.641738,14.544,3.79455,2,83.3333,35.592
Tfm-P,learned,42,27,600,10,1,10,val,1,0.621496,0.5,0,2966,1244,0.41942,2785,473,0.169838,9.37058,6.55,0.3,0.451501,2548,1823,725,0.715463,8.7,3.3269,2,83.3333,35.592
Tfm-P,learned,42,27,600,10,1,10,val,1,0.650693,0.5,0,2966,976,0.329063,2785,304,0.109156,8.08422,5.3,0.3,0.420835,1783,1407,376,0.789119,4.512,3.04787,2,83.3333,35.592
Tfm-P,learned,42,27,600,10,1,10,val,1,0.685877,0.5,0,2966,646,0.217802,2785,128,0.0459605,6.43839,4.3,0.2,0.385146,1046,917,129,0.876673,1.548,3.06977,2,83.3333,35.592
Tfm-P,learned,42,27,600,10,1,10,val,1,0.743539,0.5,0,2966,216,0.0728254,2785,14,0.00502693,3.7463,2.25,0,0.348077,294,273,21,0.928571,0.252,3,2,83.3333,35.592
Tfm-P,learned,42,27,600,10,1,10,test,1,0.1508,0.5,0.15,3530,3522,0.997734,3389,3376,0.996164,27.3734,29.4,21.31,0.988522,41564,3498,38066,0.0841594,456.792,34.0689,34,83.3333,42.36
Tfm-P,learned,42,27,600,10,1,10,test,1,0.248058,0.5,0.15,3530,3495,0.990085,3389,3332,0.983181,26.7134,29.3,18.54,0.96621,29490,3482,26008,0.118074,312.096,22.8913,22,83.3333,42.36
Tfm-P,learned,42,27,600,10,1,10,test,1,0.30814,0.5,0.15,3530,3451,0.97762,3389,3254,0.960165,25.8789,29.2,16,0.937856,24101,3460,20641,0.143563,247.692,20.1773,19,83.3333,42.36
Tfm-P,learned,42,27,600,10,1,10,test,1,0.344346,0.5,0.15,3530,3399,0.96289,3389,3161,0.932724,25.0397,28.6,13.5,0.90983,20987,3430,17557,0.163435,210.684,18.9683,18,83.3333,42.36
Tfm-P,learned,42,27,600,10,1,10,test,1,0.370036,0.5,0.15,3530,3349,0.948725,3389,3066,0.904692,24.2393,27.5,11.3,0.883055,18893,3403,15490,0.18012,185.88,18.0736,17,83.3333,42.36
Tfm-P,learned,42,27,600,10,1,10,test,1,0.390571,0.5,0.15,3530,3294,0.933144,3389,2970,0.876365,23.4339,26.2,10.13,0.85616,17166,3355,13811,0.195444,165.732,17.3637,16,83.3333,42.36
Tfm-P,learned,42,27,600,10,1,10,test,1,0.408547,0.5,0.15,3530,3224,0.913314,3389,2856,0.842726,22.5642,24.95,9,0.827513,15614,3299,12315,0.211285,147.78,16.7297,16,83.3333,42.36
Tfm-P,learned,42,27,600,10,1,10,test,1,0.424479,0.5,0.15,3530,3171,0.8983,3389,2754,0.812629,21.6957,24,7.5,0.7987,14286,3247,11039,0.227285,132.468,16.1211,15,83.3333,42.36
Tfm-P,learned,42,27,600,10,1,10,test,1,0.43987,0.5,0.15,3530,3094,0.876487,3389,2613,0.771024,20.747,23.1,5.83,0.76725,12929,3180,9749,0.245959,116.988,15.4448,14,83.3333,42.36
Tfm-P,learned,42,27,600,10,1,10,test,1,0.454516,0.5,0.15,3530,3018,0.854958,3389,2445,0.721452,19.6639,22.1,4.5,0.73134,11592,3110,8482,0.268288,101.784,14.8252,13,83.3333,42.36
Tfm-P,learned,42,27,600,10,1,10,test,1,0.469487,0.5,0.15,3530,2927,0.829178,3389,2259,0.666568,18.4554,21.2,3.4,0.691229,10220,3005,7215,0.294031,86.58,14.1536,12,83.3333,42.36
Tfm-P,learned,42,27,600,10,1,10,test,1,0.484732,0.5,0.15,3530,2800,0.793201,3389,2023,0.596931,17.1476,19.8,2.5,0.648951,8825,2864,5961,0.324533,71.532,13.4823,12,83.3333,42.36
Tfm-P,learned,42,27,600,10,1,10,test,1,0.485474,0.5,0.15,3530,2793,0.791218,3389,2013,0.593981,17.0806,19.7,2.4,0.646702,8770,2856,5914,0.325656,70.968,13.4308,12,83.3333,42.36
Tfm-P,learned,42,27,600,10,1,10,test,1,0.500591,0.5,0.15,3530,2662,0.754108,3389,1775,0.523753,15.7179,16.35,1.9,0.602045,7544,2724,4820,0.361082,57.84,12.751,11,83.3333,42.36
Tfm-P,learned,42,27,600,10,1,10,test,1,0.518661,0.5,0.15,3530,2493,0.706232,3389,1496,0.441428,14.1668,12.5,1.4,0.553238,6199,2541,3658,0.409905,43.896,12.0068,10,83.3333,42.36
Tfm-P,learned,42,27,600,10,1,10,test,1,0.539848,0.5,0.15,3530,2290,0.648725,3389,1180,0.348185,12.619,10.4,0.9,0.504956,4949,2335,2614,0.471812,31.368,11.184,9,83.3333,42.36
Tfm-P,learned,42,27,600,10,1,10,test,1,0.565418,0.5,0.15,3530,2058,0.583003,3389,947,0.279433,11.3534,8.75,0.6,0.468757,3777,2094,1683,0.554408,20.196,10.4795,8,83.3333,42.36
Tfm-P,learned,42,27,600,10,1,10,test,1,0.592901,0.5,0.15,3530,1781,0.504533,3389,761,0.22455,10.5557,7.9,0.5,0.447802,2841,1811,1030,0.637452,12.36,9.89612,8,83.3333,42.36
Tfm-P,learned,42,27,600,10,1,10,test,1,0.621496,0.5,0.15,3530,1456,0.412465,3389,554,0.16347,9.57727,7,0.3,0.424993,2069,1476,593,0.713388,7.116,9.21585,7,83.3333,42.36
Tfm-P,learned,42,27,600,10,1,10,test,1,0.650693,0.5,0.15,3530,1081,0.306232,3389,352,0.103865,8.54995,5.6,0.4,0.406986,1390,1090,300,0.784173,3.6,8.64333,7,83.3333,42.36
Tfm-P,learned,42,27,600,10,1,10,test,1,0.685877,0.5,0.15,3530,669,0.189518,3389,141,0.0416052,6.56263,4,0.3,0.355923,785,674,111,0.858599,1.332,7.91892,6,83.3333,42.36
Tfm-P,learned,42,27,600,10,1,10,test,1,0.743539,0.5,0.15,3530,202,0.0572238,3389,17,0.00501623,4.09901,2.2,0.2,0.302241,214,203,11,0.948598,0.132,6.45455,6,83.3333,42.36
Tfm-P,learned,42,27,600,10,1,10,val,1,0.1508,0.5,0.15,2966,2960,0.997977,2785,2776,0.996768,26.6352,29.4,17.19,0.985784,35914,2944,32970,0.0819736,395.64,34.5012,35,83.3333,35.592
Tfm-P,learned,42,27,600,10,1,10,val,1,0.248058,0.5,0.15,2966,2927,0.986851,2785,2724,0.978097,25.8809,29.3,14,0.960182,25302,2922,22380,0.115485,268.56,22.2097,21,83.3333,35.592
Tfm-P,learned,42,27,600,10,1,10,val,1,0.30814,0.5,0.15,2966,2896,0.976399,2785,2648,0.950808,24.9619,29.1,11.3,0.928466,20471,2902,17569,0.141762,210.828,19.493,18,83.3333,35.592
Tfm-P,learned,42,27,600,10,1,10,val,1,0.344346,0.5,0.15,2966,2858,0.963587,2785,2582,0.92711,24.116,27.9,10.1,0.899997,17740,2883,14857,0.162514,178.284,18.1808,17,83.3333,35.592
Tfm-P,learned,42,27,600,10,1,10,val,1,0.370036,0.5,0.15,2966,2812,0.948078,2785,2495,0.895871,23.2844,26.6,9,0.872343,15769,2849,12920,0.180671,155.04,17.3434,16,83.3333,35.592
Tfm-P,learned,42,27,600,10,1,10,val,1,0.390571,0.5,0.15,2966,2742,0.924477,2785,2377,0.853501,22.4374,25.5,7.5,0.845075,14163,2794,11369,0.197275,136.428,16.6388,15,83.3333,35.592
Tfm-P,learned,42,27,600,10,1,10,val,1,0.408547,0.5,0.15,2966,2682,0.904248,2785,2270,0.815081,21.5436,24.4,6.3,0.815958,12731,2737,9994,0.214987,119.928,16.0634,15,83.3333,35.592
Tfm-P,learned,42,27,600,10,1,10,val,1,0.424479,0.5,0.15,2966,2632,0.88739,2785,2169,0.778815,20.6599,23.4,5.3,0.78691,11493,2695,8798,0.234491,105.576,15.5082,14,83.3333,35.592
Tfm-P,learned,42,27,600,10,1,10,val,1,0.43987,0.5,0.15,2966,2562,0.86379,2785,2049,0.735727,19.7387,22.6,4.4,0.756916,10328,2637,7691,0.255325,92.292,14.9589,13,83.3333,35.592
Tfm-P,learned,42,27,600,10,1,10,val,1,0.454516,0.5,0.15,2966,2492,0.840189,2785,1940,0.696589,18.7621,21.7,3.6,0.725699,9235,2568,6667,0.278073,80.004,14.4506,13,83.3333,35.592
Tfm-P,learned,42,27,600,10,1,10,val,1,0.469487,0.5,0.15,2966,2409,0.812205,2785,1788,0.642011,17.6044,20.6,2.8,0.688251,8089,2477,5612,0.306218,67.344,13.8222,12,83.3333,35.592
Tfm-P,learned,42,27,600,10,1,10,val,1,0.484732,0.5,0.15,2966,2318,0.781524,2785,1603,0.575583,16.3333,18.9,2.17,0.647522,7061,2371,4690,0.335788,56.28,13.2077,11,83.3333,35.592
Tfm-P,learned,42,27,600,10,1,10,val,1,0.485474,0.5,0.15,2966,2314,0.780175,2785,1594,0.572352,16.2806,18.7,2.13,0.645678,7005,2368,4637,0.338044,55.644,13.2105,11,83.3333,35.592
Tfm-P,learned,42,27,600,10,1,10,val,1,0.500591,0.5,0.15,2966,2203,0.742751,2785,1390,0.499102,14.902,14.2,1.7,0.601031,5959,2253,3706,0.378084,44.472,12.7404,11,83.3333,35.592
Tfm-P,learned,42,27,600,10,1,10,val,1,0.518661,0.5,0.15,2966,2076,0.699933,2785,1158,0.415799,13.4007,11.3,1.2,0.554258,4902,2122,2780,0.432885,33.36,12.0705,10,83.3333,35.592
Tfm-P,learned,42,27,600,10,1,10,val,1,0.539848,0.5,0.15,2966,1922,0.648011,2785,948,0.340395,12.0754,9.7,0.9,0.514485,3975,1958,2017,0.492579,24.204,11.3,9,83.3333,35.592
Tfm-P,learned,42,27,600,10,1,10,val,1,0.565418,0.5,0.15,2966,1734,0.584626,2785,777,0.278995,11.1495,8.4,0.5,0.48912,3147,1771,1376,0.562758,16.512,10.7137,8,83.3333,35.592
Tfm-P,learned,42,27,600,10,1,10,val,1,0.592901,0.5,0.15,2966,1517,0.511463,2785,628,0.225494,10.2942,7.6,0.4,0.468415,2426,1548,878,0.638087,10.536,10.0046,8,83.3333,35.592
Tfm-P,learned,42,27,600,10,1,10,val,1,0.621496,0.5,0.15,2966,1252,0.422117,2785,482,0.17307,9.52404,6.7,0.3,0.455874,1788,1269,519,0.709732,6.228,9.0501,7,83.3333,35.592
Tfm-P,learned,42,27,600,10,1,10,val,1,0.650693,0.5,0.15,2966,978,0.329737,2785,306,0.109874,8.12802,5.3,0.3,0.422019,1273,987,286,0.775334,3.432,8.42308,6,83.3333,35.592
Tfm-P,learned,42,27,600,10,1,10,val,1,0.685877,0.5,0.15,2966,646,0.217802,2785,128,0.0459605,6.43994,4.3,0.2,0.385199,751,646,105,0.860186,1.26,8.41905,6,83.3333,35.592
Tfm-P,learned,42,27,600,10,1,10,val,1,0.743539,0.5,0.15,2966,216,0.0728254,2785,14,0.00502693,3.7463,2.25,0,0.348077,232,216,16,0.931034,0.192,7.1875,4.5,83.3333,35.592
Tfm-P,learned,42,27,600,10,1,10,test,1,0.1508,0.25,0,3530,3515,0.995751,3389,3369,0.994099,27.2196,29.4,20.9,0.98339,46197,3534,42663,0.0764985,511.956,17.2031,13,83.3333,42.36
Tfm-P,learned,42,27,600,10,1,10,test,1,0.248058,0.25,0,3530,3458,0.979603,3389,3288,0.970198,26.1039,29.1,17.37,0.946174,30844,3596,27248,0.116587,326.976,15.2856,12,83.3333,42.36
Tfm-P,learned,42,27,600,10,1,10,test,1,0.30814,0.25,0,3530,3378,0.956941,3389,3150,0.929478,24.7549,27.6,14.1,0.900862,24407,3664,20743,0.150121,248.916,14.0766,11,83.3333,42.36
Tfm-P,learned,42,27,600,10,1,10,test,1,0.344346,0.25,0,3530,3301,0.935127,3389,3011,0.888463,23.4916,26.1,10.7,0.858667,21120,3674,17446,0.173958,209.352,13.0294,10,83.3333,42.36
Tfm-P,learned,42,27,600,10,1,10,test,1,0.370036,0.25,0,3530,3219,0.911898,3389,2885,0.851284,22.4513,24.7,9.6,0.824674,19030,3709,15321,0.194903,183.852,12.03,9,83.3333,42.36
Tfm-P,learned,42,27,600,10,1,10,test,1,0.390571,0.25,0,3530,3136,0.888385,3389,2747,0.810564,21.4267,23.6,8.1,0.790718,17194,3703,13491,0.215366,161.892,11.2107,8,83.3333,42.36
Tfm-P,learned,42,27,600,10,1,10,test,1,0.408547,0.25,0,3530,3052,0.864589,3389,2591,0.764532,20.3427,22.6,6.6,0.755036,15579,3643,11936,0.23384,143.232,10.3105,7,83.3333,42.36
Tfm-P,learned,42,27,600,10,1,10,test,1,0.424479,0.25,0,3530,2972,0.841926,3389,2421,0.71437,19.258,21.7,4.91,0.719076,13910,3567,10343,0.256434,124.116,9.67659,7,83.3333,42.36
Tfm-P,learned,42,27,600,10,1,10,test,1,0.43987,0.25,0,3530,2868,0.812465,3389,2241,0.661257,18.1615,20.7,3.6,0.683405,12317,3460,8857,0.280913,106.284,8.9799,6,83.3333,42.36
Tfm-P,learned,42,27,600,10,1,10,test,1,0.454516,0.25,0,3530,2751,0.77932,3389,2038,0.601357,16.9671,19.4,2.6,0.644973,10717,3329,7388,0.310628,88.656,8.43219,6,83.3333,42.36
Tfm-P,learned,42,27,600,10,1,10,test,1,0.469487,0.25,0,3530,2624,0.743343,3389,1785,0.526704,15.6971,17.5,2,0.603628,9086,3102,5984,0.341404,71.808,7.95421,5,83.3333,42.36
Tfm-P,learned,42,27,600,10,1,10,test,1,0.484732,0.25,0,3530,2476,0.701416,3389,1546,0.456182,14.4567,14.4,1.5,0.564915,7644,2913,4731,0.381083,56.772,7.40435,5,83.3333,42.36
Tfm-P,learned,42,27,600,10,1,10,test,1,0.485474,0.25,0,3530,2468,0.69915,3389,1536,0.453231,14.4128,14.3,1.5,0.563627,7578,2906,4672,0.383478,56.064,7.38998,5,83.3333,42.36
Tfm-P,learned,42,27,600,10,1,10,test,1,0.500591,0.25,0,3530,2333,0.660907,3389,1333,0.393331,13.2986,12,1.1,0.528407,6387,2734,3653,0.428057,43.836,6.85902,5,83.3333,42.36
Tfm-P,learned,42,27,600,10,1,10,test,1,0.518661,0.25,0,3530,2132,0.603966,3389,1082,0.319268,12.1163,10.3,0.7,0.49431,5052,2451,2601,0.485154,31.212,6.46021,4,83.3333,42.36
Tfm-P,learned,42,27,600,10,1,10,test,1,0.539848,0.25,0,3530,1874,0.530878,3389,875,0.258188,11.205,9.1,0.53,0.472236,3881,2154,1727,0.555012,20.724,6.05675,4,83.3333,42.36
Tfm-P,learned,42,27,600,10,1,10,test,1,0.565418,0.25,0,3530,1567,0.443909,3389,687,0.202715,10.581,8.3,0.4,0.465161,2890,1851,1039,0.640484,12.468,5.67469,4,83.3333,42.36
Tfm-P,learned,42,27,600,10,1,10,test,1,0.592901,0.25,0,3530,1251,0.354391,3389,532,0.156978,10.1041,7.9,0.5,0.464757,2142,1522,620,0.710551,7.44,4.84516,3,83.3333,42.36
Tfm-P,learned,42,27,600,10,1,10,test,1,0.621496,0.25,0,3530,960,0.271955,3389,357,0.105341,9.14302,7.05,0.69,0.452123,1477,1185,292,0.802302,3.504,4.69178,3,83.3333,42.36
Tfm-P,learned,42,27,600,10,1,10,test,1,0.650693,0.25,0,3530,641,0.181586,3389,198,0.0584243,7.83604,5.6,0.4,0.445589,941,800,141,0.850159,1.692,4.1773,3,83.3333,42.36
Tfm-P,learned,42,27,600,10,1,10,test,1,0.685877,0.25,0,3530,371,0.105099,3389,68,0.0200649,5.91779,3.9,0.2,0.416977,488,440,48,0.901639,0.576,2.75,2,83.3333,42.36
Tfm-P,learned,42,27,600,10,1,10,test,1,0.743539,0.25,0,3530,86,0.0243626,3389,2,0.000590145,3.29535,2.35,0.15,0.399948,102,100,2,0.980392,0.024,1.5,1.5,83.3333,42.36
Tfm-P,learned,42,27,600,10,1,10,val,1,0.1508,0.25,0,2966,2948,0.993931,2785,2763,0.992101,26.4598,29.3,16.5,0.980187,40041,2975,37066,0.0742988,444.792,16.6157,12,83.3333,35.592
Tfm-P,learned,42,27,600,10,1,10,val,1,0.248058,0.25,0,2966,2903,0.978759,2785,2687,0.964811,25.243,29,12.72,0.93912,26355,3025,23330,0.114779,279.96,14.6647,11,83.3333,35.592
Tfm-P,learned,42,27,600,10,1,10,val,1,0.30814,0.25,0,2966,2838,0.956844,2785,2561,0.919569,23.7751,27,10.1,0.889645,20704,3077,17627,0.148619,211.524,13.3427,10,83.3333,35.592
Tfm-P,learned,42,27,600,10,1,10,val,1,0.344346,0.25,0,2966,2746,0.925826,2785,2417,0.867864,22.5989,25.4,8.4,0.851362,17663,3060,14603,0.173244,175.236,12.2908,9,83.3333,35.592
Tfm-P,learned,42,27,600,10,1,10,val,1,0.370036,0.25,0,2966,2670,0.900202,2785,2293,0.823339,21.5264,24.3,7,0.81619,15535,3067,12468,0.197425,149.616,11.4764,8,83.3333,35.592
Tfm-P,learned,42,27,600,10,1,10,val,1,0.390571,0.25,0,2966,2597,0.87559,2785,2170,0.779174,20.4892,23.2,5.8,0.782672,13878,3056,10822,0.220205,129.864,10.6968,7,83.3333,35.592
Tfm-P,learned,42,27,600,10,1,10,val,1,0.408547,0.25,0,2966,2522,0.850303,2785,2039,0.732136,19.4688,22.2,4.61,0.7499,12381,3028,9353,0.244568,112.236,10.002,7,83.3333,35.592
Tfm-P,learned,42,27,600,10,1,10,val,1,0.424479,0.25,0,2966,2453,0.82704,2785,1912,0.686535,18.385,21.3,3.6,0.714892,10943,2953,7990,0.269853,95.88,9.47522,6,83.3333,35.592
Tfm-P,learned,42,27,600,10,1,10,val,1,0.43987,0.25,0,2966,2365,0.79737,2785,1767,0.63447,17.2525,20.1,2.7,0.678501,9596,2846,6750,0.296582,81,8.92193,6,83.3333,35.592
Tfm-P,learned,42,27,600,10,1,10,val,1,0.454516,0.25,0,2966,2280,0.768712,2785,1606,0.576661,16.1258,18.7,2.1,0.642576,8355,2748,5607,0.328905,67.284,8.45711,6,83.3333,35.592
Tfm-P,learned,42,27,600,10,1,10,val,1,0.469487,0.25,0,2966,2160,0.728254,2785,1385,0.497307,14.8396,15.5,1.6,0.602795,7155,2596,4559,0.362823,54.708,7.95394,5,83.3333,35.592
Tfm-P,learned,42,27,600,10,1,10,val,1,0.484732,0.25,0,2966,2048,0.690492,2785,1212,0.435189,13.697,12.7,1.3,0.567925,6016,2411,3605,0.400765,43.26,7.47795,5,83.3333,35.592
Tfm-P,learned,42,27,600,10,1,10,val,1,0.485474,0.25,0,2966,2038,0.687121,2785,1204,0.432316,13.6633,12.6,1.3,0.567047,5967,2401,3566,0.40238,42.792,7.44896,5,83.3333,35.592
Tfm-P,learned,42,27,600,10,1,10,val,1,0.500591,0.25,0,2966,1914,0.645314,2785,1036,0.371993,12.6639,11,0.9,0.53738,4982,2213,2769,0.444199,33.228,7.0195,5,83.3333,35.592
Tfm-P,learned,42,27,600,10,1,10,val,1,0.518661,0.25,0,2966,1765,0.595078,2785,875,0.314183,11.7444,9.7,0.7,0.513061,3986,2007,1979,0.503512,23.748,6.77413,5,83.3333,35.592
Tfm-P,learned,42,27,600,10,1,10,val,1,0.539848,0.25,0,2966,1590,0.536076,2785,728,0.2614,10.9525,8.75,0.4,0.494595,3231,1831,1400,0.566698,16.8,6.33714,4,83.3333,35.592
Tfm-P,learned,42,27,600,10,1,10,val,1,0.565418,0.25,0,2966,1327,0.447404,2785,577,0.207181,10.5419,8.1,0.4,0.498088,2448,1538,910,0.628268,10.92,5.95934,4,83.3333,35.592
Tfm-P,learned,42,27,600,10,1,10,val,1,0.592901,0.25,0,2966,1098,0.370196,2785,454,0.163016,9.88843,7.85,0.4,0.494247,1906,1342,564,0.704092,6.768,5.22872,3,83.3333,35.592
Tfm-P,learned,42,27,600,10,1,10,val,1,0.621496,0.25,0,2966,844,0.284558,2785,303,0.108797,8.93744,6.9,0.5,0.489259,1347,1044,303,0.775056,3.636,4.66007,3,83.3333,35.592
Tfm-P,learned,42,27,600,10,1,10,val,1,0.650693,0.25,0,2966,616,0.207687,2785,161,0.0578097,7.51347,5.75,0.4,0.468738,875,752,123,0.859429,1.476,4.78049,3,83.3333,35.592
Tfm-P,learned,42,27,600,10,1,10,val,1,0.685877,0.25,0,2966,372,0.125421,2785,58,0.0208259,5.68468,3.95,0.2,0.446817,483,440,43,0.910973,0.516,4.53488,3,83.3333,35.592
Tfm-P,learned,42,27,600,10,1,10,val,1,0.743539,0.25,0,2966,110,0.037087,2785,6,0.0021544,3.26273,1.7,0,0.451844,131,122,9,0.931298,0.108,4.44444,3,83.3333,35.592
Tfm-P,learned,42,27,600,10,1,10,test,1,0.1508,0.25,0.15,3530,3517,0.996317,3389,3371,0.994689,27.2629,29.4,21,0.984828,37714,3493,34221,0.0926181,410.652,34.3005,34,83.3333,42.36
Tfm-P,learned,42,27,600,10,1,10,test,1,0.248058,0.25,0.15,3530,3465,0.981586,3389,3296,0.972558,26.2171,29.1,17.94,0.94989,25874,3443,22431,0.133068,269.172,25.0307,24,83.3333,42.36
Tfm-P,learned,42,27,600,10,1,10,test,1,0.30814,0.25,0.15,3530,3388,0.959773,3389,3160,0.932428,24.8366,27.7,14.2,0.903456,20453,3373,17080,0.164915,204.96,22.2453,21,83.3333,42.36
Tfm-P,learned,42,27,600,10,1,10,test,1,0.344346,0.25,0.15,3530,3309,0.937394,3389,3022,0.891708,23.591,26.2,10.98,0.861872,17554,3298,14256,0.187877,171.072,20.709,20,83.3333,42.36
Tfm-P,learned,42,27,600,10,1,10,test,1,0.370036,0.25,0.15,3530,3234,0.916147,3389,2903,0.856595,22.6036,24.9,9.7,0.829506,15583,3228,12355,0.207149,148.26,19.6176,19,83.3333,42.36
Tfm-P,learned,42,27,600,10,1,10,test,1,0.390571,0.25,0.15,3530,3155,0.893768,3389,2768,0.81676,21.5877,23.7,8.2,0.795751,13987,3157,10830,0.22571,129.96,18.6739,18,83.3333,42.36
Tfm-P,learned,42,27,600,10,1,10,test,1,0.408547,0.25,0.15,3530,3071,0.869972,3389,2610,0.770139,20.4884,22.7,6.7,0.759542,12528,3071,9457,0.245131,113.484,17.8931,17,83.3333,42.36
Tfm-P,learned,42,27,600,10,1,10,test,1,0.424479,0.25,0.15,3530,2990,0.847025,3389,2441,0.720271,19.4249,21.8,5,0.724291,11186,2990,8196,0.267298,98.352,17.1845,16,83.3333,42.36
Tfm-P,learned,42,27,600,10,1,10,test,1,0.43987,0.25,0.15,3530,2890,0.818697,3389,2266,0.668634,18.3371,20.8,3.7,0.688791,9904,2896,7008,0.292407,84.096,16.403,15,83.3333,42.36
Tfm-P,learned,42,27,600,10,1,10,test,1,0.454516,0.25,0.15,3530,2769,0.784419,3389,2058,0.607259,17.1109,19.6,2.7,0.649369,8646,2773,5873,0.320726,70.476,15.7175,14,83.3333,42.36
Tfm-P,learned,42,27,600,10,1,10,test,1,0.469487,0.25,0.15,3530,2638,0.747309,3389,1799,0.530835,15.8074,17.7,2.07,0.606962,7460,2643,4817,0.35429,57.804,15.0436,13,83.3333,42.36
Tfm-P,learned,42,27,600,10,1,10,test,1,0.484732,0.25,0.15,3530,2492,0.705949,3389,1564,0.461493,14.5985,14.65,1.51,0.569221,6333,2493,3840,0.393652,46.08,14.3391,13,83.3333,42.36
Tfm-P,learned,42,27,600,10,1,10,test,1,0.485474,0.25,0.15,3530,2483,0.703399,3389,1553,0.458247,14.5493,14.5,1.52,0.567781,6281,2484,3797,0.395478,45.564,14.3247,13,83.3333,42.36
Tfm-P,learned,42,27,600,10,1,10,test,1,0.500591,0.25,0.15,3530,2347,0.664873,3389,1350,0.398348,13.4549,12.3,1.2,0.533203,5324,2352,2972,0.441773,35.664,13.5589,12,83.3333,42.36
Tfm-P,learned,42,27,600,10,1,10,test,1,0.518661,0.25,0.15,3530,2141,0.606516,3389,1092,0.322219,12.2194,10.3,0.7,0.497424,4289,2148,2141,0.500816,25.692,13.1364,11,83.3333,42.36
Tfm-P,learned,42,27,600,10,1,10,test,1,0.539848,0.25,0.15,3530,1883,0.533428,3389,884,0.260844,11.3095,9.3,0.6,0.47531,3299,1887,1412,0.571992,16.944,12.6402,11,83.3333,42.36
Tfm-P,learned,42,27,600,10,1,10,test,1,0.565418,0.25,0.15,3530,1577,0.446742,3389,697,0.205665,10.7096,8.4,0.4,0.468786,2421,1573,848,0.649732,10.176,12.3007,10,83.3333,42.36
Tfm-P,learned,42,27,600,10,1,10,test,1,0.592901,0.25,0.15,3530,1260,0.356941,3389,542,0.159929,10.2746,8.05,0.5,0.469605,1758,1258,500,0.715586,6,11.572,10,83.3333,42.36
Tfm-P,learned,42,27,600,10,1,10,test,1,0.621496,0.25,0.15,3530,963,0.272805,3389,361,0.106521,9.23292,7.1,0.7,0.454722,1216,963,253,0.791941,3.036,10.8182,9,83.3333,42.36
Tfm-P,learned,42,27,600,10,1,10,test,1,0.650693,0.25,0.15,3530,643,0.182153,3389,200,0.0590145,7.90389,5.6,0.42,0.447313,765,642,123,0.839216,1.476,10.3984,9,83.3333,42.36
Tfm-P,learned,42,27,600,10,1,10,test,1,0.685877,0.25,0.15,3530,371,0.105099,3389,68,0.0200649,5.91779,3.9,0.2,0.416977,413,372,41,0.900726,0.492,8.97561,8,83.3333,42.36
Tfm-P,learned,42,27,600,10,1,10,test,1,0.743539,0.25,0.15,3530,86,0.0243626,3389,2,0.000590145,3.29535,2.35,0.15,0.399948,88,86,2,0.977273,0.024,5,5,83.3333,42.36
Tfm-P,learned,42,27,600,10,1,10,val,1,0.1508,0.25,0.15,2966,2954,0.995954,2785,2769,0.994255,26.5127,29.4,16.6,0.98181,32555,2938,29617,0.0902473,355.404,34.8744,35,83.3333,35.592
Tfm-P,learned,42,27,600,10,1,10,val,1,0.248058,0.25,0.15,2966,2906,0.979771,2785,2693,0.966966,25.3504,29.1,12.95,0.942653,22064,2897,19167,0.1313,230.004,24.5103,23,83.3333,35.592
Tfm-P,learned,42,27,600,10,1,10,val,1,0.30814,0.25,0.15,2966,2842,0.958193,2785,2569,0.922442,23.9038,27.2,10.2,0.893877,17392,2839,14553,0.163236,174.636,21.5222,21,83.3333,35.592
Tfm-P,learned,42,27,600,10,1,10,val,1,0.344346,0.25,0.15,2966,2753,0.928186,2785,2426,0.871095,22.7271,25.6,8.52,0.855482,14704,2749,11955,0.186956,143.46,20.0547,19,83.3333,35.592
Tfm-P,learned,42,27,600,10,1,10,val,1,0.370036,0.25,0.15,2966,2678,0.9029,2785,2302,0.826571,21.6384,24.35,7,0.819716,12825,2677,10148,0.208733,121.776,19.0128,18,83.3333,35.592
Tfm-P,learned,42,27,600,10,1,10,val,1,0.390571,0.25,0.15,2966,2608,0.879299,2785,2184,0.784201,20.6186,23.3,5.9,0.786671,11324,2607,8717,0.230219,104.604,18.2074,17,83.3333,35.592
Tfm-P,learned,42,27,600,10,1,10,val,1,0.408547,0.25,0.15,2966,2532,0.853675,2785,2051,0.736445,19.5797,22.3,4.7,0.753296,10043,2535,7508,0.252415,90.096,17.4331,16,83.3333,35.592
Tfm-P,learned,42,27,600,10,1,10,val,1,0.424479,0.25,0.15,2966,2459,0.829063,2785,1919,0.689048,18.5036,21.4,3.6,0.718686,8871,2463,6408,0.277646,76.896,16.9249,16,83.3333,35.592
Tfm-P,learned,42,27,600,10,1,10,val,1,0.43987,0.25,0.15,2966,2371,0.799393,2785,1775,0.637343,17.3736,20.2,2.8,0.682362,7799,2376,5423,0.304654,65.076,16.217,15,83.3333,35.592
Tfm-P,learned,42,27,600,10,1,10,val,1,0.454516,0.25,0.15,2966,2287,0.771072,2785,1616,0.580251,16.2525,18.8,2.16,0.646576,6803,2293,4510,0.337057,54.12,15.6324,14,83.3333,35.592
Tfm-P,learned,42,27,600,10,1,10,val,1,0.469487,0.25,0.15,2966,2169,0.731288,2785,1397,0.501616,14.9713,15.8,1.7,0.60685,5842,2175,3667,0.372304,44.004,15.1884,13,83.3333,35.592
Tfm-P,learned,42,27,600,10,1,10,val,1,0.484732,0.25,0.15,2966,2056,0.693189,2785,1222,0.438779,13.8147,12.8,1.3,0.571511,4980,2061,2919,0.413855,35.028,14.5081,13,83.3333,35.592
Tfm-P,learned,42,27,600,10,1,10,val,1,0.485474,0.25,0.15,2966,2046,0.689818,2785,1214,0.435907,13.7818,12.7,1.3,0.570654,4939,2052,2887,0.415469,34.644,14.4752,12,83.3333,35.592
Tfm-P,learned,42,27,600,10,1,10,val,1,0.500591,0.25,0.15,2966,1921,0.647674,2785,1044,0.374865,12.7527,11.1,0.9,0.539986,4183,1926,2257,0.460435,27.084,13.8263,12,83.3333,35.592
Tfm-P,learned,42,27,600,10,1,10,val,1,0.518661,0.25,0.15,2966,1771,0.5971,2785,884,0.317415,11.8647,9.9,0.7,0.516744,3431,1777,1654,0.517925,19.848,13.1802,11,83.3333,35.592
Tfm-P,learned,42,27,600,10,1,10,val,1,0.539848,0.25,0.15,2966,1597,0.538436,2785,736,0.264273,11.0683,8.8,0.4,0.497976,2760,1603,1157,0.580797,13.884,12.8401,11,83.3333,35.592
Tfm-P,learned,42,27,600,10,1,10,val,1,0.565418,0.25,0.15,2966,1334,0.449764,2785,585,0.210054,10.6746,8.15,0.4,0.501846,2082,1338,744,0.642651,8.928,12.332,10,83.3333,35.592
Tfm-P,learned,42,27,600,10,1,10,val,1,0.592901,0.25,0.15,2966,1106,0.372893,2785,463,0.166248,10.0588,8,0.4,0.498892,1562,1108,454,0.709347,5.448,11.2996,9,83.3333,35.592
Tfm-P,learned,42,27,600,10,1,10,val,1,0.621496,0.25,0.15,2966,848,0.285907,2785,308,0.110592,9.06356,6.9,0.5,0.492667,1096,849,247,0.774635,2.964,10.2915,9,83.3333,35.592
Tfm-P,learned,42,27,600,10,1,10,val,1,0.650693,0.25,0.15,2966,619,0.208699,2785,164,0.0588869,7.61971,5.9,0.4,0.471313,724,619,105,0.854972,1.26,10.1143,8,83.3333,35.592
Tfm-P,learned,42,27,600,10,1,10,val,1,0.685877,0.25,0.15,2966,372,0.125421,2785,58,0.0208259,5.68468,3.95,0.2,0.446817,409,372,37,0.909535,0.444,10.1081,9,83.3333,35.592
Tfm-P,learned,42,27,600,10,1,10,val,1,0.743539,0.25,0.15,2966,110,0.037087,2785,6,0.0021544,3.26273,1.7,0,0.451844,117,110,7,0.940171,0.084,11.1429,9,83.3333,35.592
Tfm-P,learned,123,27,600,10,1,10,test,1,0.169214,1,0,3530,3518,0.996601,3389,3373,0.995279,27.3451,29.4,21,0.987917,92335,3763,88572,0.0407538,1062.86,8.67807,3,83.3333,42.36
Tfm-P,learned,123,27,600,10,1,10,test,1,0.272155,1,0,3530,3499,0.991218,3389,3338,0.984951,26.7677,29.3,18.5,0.96813,58502,4285,54217,0.0732454,650.604,8.12963,3,83.3333,42.36
Tfm-P,learned,123,27,600,10,1,10,test,1,0.326414,1,0,3530,3468,0.982436,3389,3280,0.967837,26.1686,29.2,16.7,0.947844,48076,4671,43405,0.0971587,520.86,7.62831,3,83.3333,42.36
Tfm-P,learned,123,27,600,10,1,10,test,1,0.361751,1,0,3530,3428,0.971105,3389,3208,0.946592,25.5186,29.1,14.3,0.926054,42416,5061,37355,0.119318,448.26,7.11139,3,83.3333,42.36
Tfm-P,learned,123,27,600,10,1,10,test,1,0.385885,1,0,3530,3386,0.959207,3389,3135,0.925052,24.8763,28.3,12.8,0.904548,38606,5235,33371,0.135601,400.452,6.60906,3,83.3333,42.36
Tfm-P,learned,123,27,600,10,1,10,test,1,0.404671,1,0,3530,3338,0.945609,3389,3054,0.901151,24.1596,27.1,11.3,0.880707,35639,5402,30237,0.151576,362.844,6.13788,3,83.3333,42.36
Tfm-P,learned,123,27,600,10,1,10,test,1,0.420552,1,0,3530,3282,0.929745,3389,2968,0.875775,23.4571,26,10.31,0.857661,33084,5524,27560,0.166969,330.72,5.68672,3,83.3333,42.36
Tfm-P,learned,123,27,600,10,1,10,test,1,0.435773,1,0,3530,3228,0.914448,3389,2866,0.845677,22.6354,25,8.87,0.830277,30635,5588,25047,0.182406,300.564,5.20753,3,83.3333,42.36
Tfm-P,learned,123,27,600,10,1,10,test,1,0.449707,1,0,3530,3169,0.897734,3389,2762,0.81499,21.828,24.2,7.3,0.803229,28430,5626,22804,0.19789,273.648,4.72566,3,83.3333,42.36
Tfm-P,learned,123,27,600,10,1,10,test,1,0.463057,1,0,3530,3120,0.883853,3389,2645,0.780466,20.9434,23.4,6.1,0.773796,26206,5674,20532,0.216515,246.384,4.27542,2,83.3333,42.36
Tfm-P,learned,123,27,600,10,1,10,test,1,0.476526,1,0,3530,3049,0.863739,3389,2517,0.742697,19.9711,22.5,5.1,0.741688,23725,5628,18097,0.237218,217.164,3.86517,2,83.3333,42.36
Tfm-P,learned,123,27,600,10,1,10,test,1,0.488387,1,0,3530,2975,0.842776,3389,2369,0.699026,18.9758,21.7,4.1,0.708899,21520,5531,15989,0.257017,191.868,3.51542,2,83.3333,42.36
Tfm-P,learned,123,27,600,10,1,10,test,1,0.490388,1,0,3530,2964,0.83966,3389,2337,0.689584,18.7747,21.6,3.9,0.702091,21178,5525,15653,0.260884,187.836,3.45589,2,83.3333,42.36
Tfm-P,learned,123,27,600,10,1,10,test,1,0.505447,1,0,3530,2861,0.810482,3389,2117,0.624668,17.3364,20.3,3,0.65457,18192,5262,12930,0.289248,155.16,3.10224,2,83.3333,42.36
Tfm-P,learned,123,27,600,10,1,10,test,1,0.521897,1,0,3530,2714,0.768839,3389,1803,0.532015,15.6921,15.6,2.2,0.60033,15439,4983,10456,0.322754,125.472,2.7457,1,83.3333,42.36
Tfm-P,learned,123,27,600,10,1,10,test,1,0.541155,1,0,3530,2559,0.724929,3389,1510,0.445559,13.9816,12,1.7,0.544182,12773,4758,8015,0.372505,96.18,2.43206,1,83.3333,42.36
Tfm-P,learned,123,27,600,10,1,10,test,1,0.564732,1,0,3530,2390,0.677054,3389,1234,0.364119,12.564,10.2,1.3,0.499229,10382,4604,5778,0.44346,69.336,2.16476,1,83.3333,42.36
Tfm-P,learned,123,27,600,10,1,10,test,1,0.589852,1,0,3530,2243,0.635411,3389,1031,0.30422,11.41,8.9,0.9,0.46121,8519,4436,4083,0.520718,48.996,1.95567,1,83.3333,42.36
Tfm-P,learned,123,27,600,10,1,10,test,1,0.617194,1,0,3530,2028,0.574504,3389,848,0.250221,10.3673,7.6,0.7,0.428572,6810,4163,2647,0.611307,31.764,1.74499,1,83.3333,42.36
Tfm-P,learned,123,27,600,10,1,10,test,1,0.64498,1,0,3530,1731,0.490368,3389,628,0.185305,9.02374,6.4,0.5,0.385244,4971,3434,1537,0.690807,18.444,1.56734,1,83.3333,42.36
Tfm-P,learned,123,27,600,10,1,10,test,1,0.676013,1,0,3530,1279,0.362323,3389,323,0.0953084,7.26888,5,0.4,0.33243,2936,2280,656,0.776567,7.872,1.41463,1,83.3333,42.36
Tfm-P,learned,123,27,600,10,1,10,test,1,0.7235,1,0,3530,475,0.134561,3389,51,0.0150487,4.47558,2.6,0,0.259593,822,734,88,0.892944,1.056,1.29545,1,83.3333,42.36
Tfm-P,learned,123,27,600,10,1,10,val,1,0.169214,1,0,2966,2959,0.99764,2785,2776,0.996768,26.6607,29.4,17.46,0.986588,82120,3205,78915,0.0390283,946.98,8.30881,3,83.3333,35.592
Tfm-P,learned,123,27,600,10,1,10,val,1,0.272155,1,0,2966,2943,0.992245,2785,2746,0.985996,25.9754,29.3,14.52,0.963002,50998,3613,47385,0.0708459,568.62,7.75701,3,83.3333,35.592
Tfm-P,learned,123,27,600,10,1,10,val,1,0.326414,1,0,2966,2912,0.981794,2785,2679,0.961939,25.3114,29.2,12.1,0.940425,41645,3924,37721,0.094225,452.652,7.20034,3,83.3333,35.592
Tfm-P,learned,123,27,600,10,1,10,val,1,0.361751,1,0,2966,2885,0.97269,2785,2620,0.940754,24.6539,28.8,10.8,0.918216,35751,4223,31528,0.118123,378.336,6.79685,3,83.3333,35.592
Tfm-P,learned,123,27,600,10,1,10,val,1,0.385885,1,0,2966,2850,0.96089,2785,2560,0.91921,23.9769,27.5,9.7,0.895582,32266,4453,27813,0.138009,333.756,6.33067,3,83.3333,35.592
Tfm-P,learned,123,27,600,10,1,10,val,1,0.404671,1,0,2966,2812,0.948078,2785,2488,0.893357,23.2578,26.3,8.9,0.87144,29447,4590,24857,0.155873,298.284,5.91367,3,83.3333,35.592
Tfm-P,learned,123,27,600,10,1,10,val,1,0.420552,1,0,2966,2772,0.934592,2785,2415,0.867145,22.5137,25.3,7.6,0.846491,27058,4652,22406,0.171927,268.872,5.50393,3,83.3333,35.592
Tfm-P,learned,123,27,600,10,1,10,val,1,0.435773,1,0,2966,2720,0.91706,2785,2325,0.834829,21.7052,24.4,6.8,0.820063,24745,4632,20113,0.187189,241.356,5.07184,3,83.3333,35.592
Tfm-P,learned,123,27,600,10,1,10,val,1,0.449707,1,0,2966,2673,0.901214,2785,2240,0.804309,20.9164,23.7,5.72,0.794074,22637,4666,17971,0.206123,215.652,4.68594,2,83.3333,35.592
Tfm-P,learned,123,27,600,10,1,10,val,1,0.463057,1,0,2966,2613,0.880984,2785,2122,0.761939,19.9772,23,4.7,0.763032,20825,4652,16173,0.223385,194.076,4.25604,2,83.3333,35.592
Tfm-P,learned,123,27,600,10,1,10,val,1,0.476526,1,0,2966,2543,0.857384,2785,1995,0.716338,18.9477,22.1,4,0.729145,18788,4614,14174,0.245582,170.088,3.88676,2,83.3333,35.592
Tfm-P,learned,123,27,600,10,1,10,val,1,0.488387,1,0,2966,2489,0.839177,2785,1879,0.674686,18.0315,21.2,3.5,0.699097,17217,4576,12641,0.265784,151.692,3.52868,2,83.3333,35.592
Tfm-P,learned,123,27,600,10,1,10,val,1,0.490388,1,0,2966,2477,0.835131,2785,1855,0.666068,17.8302,21,3.4,0.692568,16903,4566,12337,0.27013,148.044,3.48488,2,83.3333,35.592
Tfm-P,learned,123,27,600,10,1,10,val,1,0.505447,1,0,2966,2403,0.810182,2785,1697,0.609336,16.4916,18.5,2.7,0.648853,14797,4381,10416,0.296074,124.992,3.10369,2,83.3333,35.592
Tfm-P,learned,123,27,600,10,1,10,val,1,0.521897,1,0,2966,2289,0.771746,2785,1461,0.524596,15.01,14,2.1,0.602315,12604,4181,8423,0.33172,101.076,2.77371,1,83.3333,35.592
Tfm-P,learned,123,27,600,10,1,10,val,1,0.541155,1,0,2966,2163,0.729265,2785,1219,0.437702,13.4698,11.4,1.7,0.553214,10403,3975,6428,0.382101,77.136,2.49938,1,83.3333,35.592
Tfm-P,learned,123,27,600,10,1,10,val,1,0.564732,1,0,2966,2022,0.681726,2785,990,0.355476,12.1003,9.7,1.2,0.510417,8653,3885,4768,0.448977,57.216,2.21602,1,83.3333,35.592
Tfm-P,learned,123,27,600,10,1,10,val,1,0.589852,1,0,2966,1887,0.63621,2785,826,0.296589,11.0487,8.2,0.86,0.477458,7202,3738,3464,0.519022,41.568,1.99769,1,83.3333,35.592
Tfm-P,learned,123,27,600,10,1,10,val,1,0.617194,1,0,2966,1698,0.572488,2785,676,0.242729,9.99335,6.7,0.7,0.445228,5619,3380,2239,0.601531,26.868,1.8151,1,83.3333,35.592
Tfm-P,learned,123,27,600,10,1,10,val,1,0.64498,1,0,2966,1486,0.501011,2785,509,0.182765,8.68607,5.8,0.4,0.403243,4192,2878,1314,0.686546,15.768,1.60426,1,83.3333,35.592
Tfm-P,learned,123,27,600,10,1,10,val,1,0.676013,1,0,2966,1119,0.377276,2785,286,0.102693,7.00912,4.9,0.3,0.353054,2619,2069,550,0.789996,6.6,1.47091,1,83.3333,35.592
Tfm-P,learned,123,27,600,10,1,10,val,1,0.7235,1,0,2966,478,0.16116,2785,55,0.0197487,4.69749,2.9,0,0.311372,863,775,88,0.89803,1.056,1.34091,1,83.3333,35.592
Tfm-P,learned,123,27,600,10,1,10,test,1,0.169214,1,0.15,3530,3524,0.9983,3389,3379,0.997049,27.4084,29.4,21.33,0.989955,51591,3504,48087,0.0679188,577.044,25.0262,23,83.3333,42.36
Tfm-P,learned,123,27,600,10,1,10,test,1,0.272155,1,0.15,3530,3502,0.992068,3389,3345,0.987017,26.8808,29.4,18.91,0.971912,36526,3574,32952,0.0978481,395.424,17.8438,15,83.3333,42.36
Tfm-P,learned,123,27,600,10,1,10,test,1,0.326414,1,0.15,3530,3474,0.984136,3389,3286,0.969608,26.28,29.3,16.9,0.951509,30404,3603,26801,0.118504,321.612,16.3333,13,83.3333,42.36
Tfm-P,learned,123,27,600,10,1,10,test,1,0.361751,1,0.15,3530,3442,0.975071,3389,3222,0.950723,25.6442,29.2,14.4,0.930054,26404,3610,22794,0.136722,273.528,15.6272,13,83.3333,42.36
Tfm-P,learned,123,27,600,10,1,10,test,1,0.385885,1,0.15,3530,3402,0.963739,3389,3151,0.929773,25.019,28.8,12.9,0.909069,23747,3611,20136,0.152061,241.632,15.0638,12,83.3333,42.36
Tfm-P,learned,123,27,600,10,1,10,test,1,0.404671,1,0.15,3530,3350,0.949008,3389,3070,0.905872,24.3567,27.6,11.4,0.887146,21719,3582,18137,0.164925,217.644,14.5251,12,83.3333,42.36
Tfm-P,learned,123,27,600,10,1,10,test,1,0.420552,1,0.15,3530,3298,0.934278,3389,2985,0.880791,23.6745,26.4,10.4,0.864706,19955,3550,16405,0.1779,196.86,14.0759,12,83.3333,42.36
Tfm-P,learned,123,27,600,10,1,10,test,1,0.435773,1,0.15,3530,3244,0.91898,3389,2884,0.850988,22.852,25.3,9,0.837285,18341,3516,14825,0.191702,177.9,13.5751,11,83.3333,42.36
Tfm-P,learned,123,27,600,10,1,10,test,1,0.449707,1,0.15,3530,3182,0.901416,3389,2778,0.819711,22.04,24.3,7.5,0.810159,16900,3447,13453,0.203964,161.436,12.9802,10,83.3333,42.36
Tfm-P,learned,123,27,600,10,1,10,test,1,0.463057,1,0.15,3530,3132,0.887252,3389,2662,0.785482,21.185,23.6,6.4,0.781745,15506,3398,12108,0.219141,145.296,12.4344,10,83.3333,42.36
Tfm-P,learned,123,27,600,10,1,10,test,1,0.476526,1,0.15,3530,3062,0.867422,3389,2534,0.747713,20.2009,22.7,5.11,0.749216,14018,3324,10694,0.237124,128.328,11.8679,9,83.3333,42.36
Tfm-P,learned,123,27,600,10,1,10,test,1,0.488387,1,0.15,3530,2991,0.847309,3389,2392,0.705813,19.2478,21.9,4.2,0.717775,12814,3267,9547,0.254956,114.564,11.2786,8,83.3333,42.36
Tfm-P,learned,123,27,600,10,1,10,test,1,0.490388,1,0.15,3530,2981,0.844476,3389,2361,0.696666,19.0476,21.7,3.9,0.710975,12612,3252,9360,0.25785,112.32,11.1681,8,83.3333,42.36
Tfm-P,learned,123,27,600,10,1,10,test,1,0.505447,1,0.15,3530,2881,0.816147,3389,2143,0.63234,17.5999,20.4,3.1,0.663035,11052,3144,7908,0.284473,94.896,10.333,7,83.3333,42.36
Tfm-P,learned,123,27,600,10,1,10,test,1,0.521897,1,0.15,3530,2729,0.773088,3389,1825,0.538507,15.9553,16,2.2,0.608853,9427,2960,6467,0.313992,77.604,9.49064,6,83.3333,42.36
Tfm-P,learned,123,27,600,10,1,10,test,1,0.541155,1,0.15,3530,2571,0.728329,3389,1531,0.451756,14.2311,12.2,1.7,0.552288,7899,2772,5127,0.35093,61.524,8.53716,6,83.3333,42.36
Tfm-P,learned,123,27,600,10,1,10,test,1,0.564732,1,0.15,3530,2402,0.680453,3389,1254,0.370021,12.7668,10.4,1.3,0.505726,6417,2590,3827,0.403615,45.924,7.50353,5,83.3333,42.36
Tfm-P,learned,123,27,600,10,1,10,test,1,0.589852,1,0.15,3530,2251,0.637677,3389,1044,0.308055,11.5547,8.9,0.9,0.465834,5238,2436,2802,0.465063,33.624,6.71663,4,83.3333,42.36
Tfm-P,learned,123,27,600,10,1,10,test,1,0.617194,1,0.15,3530,2035,0.576487,3389,856,0.252582,10.4659,7.7,0.7,0.431644,4117,2217,1900,0.538499,22.8,5.82105,4,83.3333,42.36
Tfm-P,learned,123,27,600,10,1,10,test,1,0.64498,1,0.15,3530,1736,0.491785,3389,633,0.186781,9.09603,6.45,0.5,0.387448,3029,1877,1152,0.619676,13.824,5.11545,3,83.3333,42.36
Tfm-P,learned,123,27,600,10,1,10,test,1,0.676013,1,0.15,3530,1279,0.362323,3389,323,0.0953084,7.28686,5,0.4,0.33304,1895,1367,528,0.721372,6.336,4.37689,3,83.3333,42.36
Tfm-P,learned,123,27,600,10,1,10,test,1,0.7235,1,0.15,3530,475,0.134561,3389,51,0.0150487,4.47558,2.6,0,0.259593,572,488,84,0.853147,1.008,3.55952,3,83.3333,42.36
Tfm-P,learned,123,27,600,10,1,10,val,1,0.169214,1,0.15,2966,2961,0.998314,2785,2778,0.997487,26.7141,29.4,17.5,0.988348,45231,2950,42281,0.0652208,507.372,25.0602,23,83.3333,35.592
Tfm-P,learned,123,27,600,10,1,10,val,1,0.272155,1,0.15,2966,2945,0.99292,2785,2748,0.986715,26.0566,29.3,14.54,0.9657,31694,3004,28690,0.0947813,344.28,17.3733,14,83.3333,35.592
Tfm-P,learned,123,27,600,10,1,10,val,1,0.326414,1,0.15,2966,2915,0.982805,2785,2683,0.963375,25.4093,29.2,12.1,0.943663,26136,3035,23101,0.116123,277.212,15.744,13,83.3333,35.592
Tfm-P,learned,123,27,600,10,1,10,val,1,0.361751,1,0.15,2966,2891,0.974713,2785,2627,0.943268,24.7593,29.1,10.8,0.921588,22478,3043,19435,0.135377,233.22,14.9412,12,83.3333,35.592
Tfm-P,learned,123,27,600,10,1,10,val,1,0.385885,1,0.15,2966,2860,0.964262,2785,2571,0.92316,24.1231,28,9.89,0.900218,20023,3050,16973,0.152325,203.676,14.4347,12,83.3333,35.592
Tfm-P,learned,123,27,600,10,1,10,val,1,0.404671,1,0.15,2966,2823,0.951787,2785,2500,0.897666,23.4103,26.6,8.9,0.876272,18187,3027,15160,0.166438,181.92,13.9109,11,83.3333,35.592
Tfm-P,learned,123,27,600,10,1,10,val,1,0.420552,1,0.15,2966,2777,0.936278,2785,2422,0.869659,22.6853,25.5,7.7,0.852167,16586,2972,13614,0.179187,163.368,13.4747,11,83.3333,35.592
Tfm-P,learned,123,27,600,10,1,10,val,1,0.435773,1,0.15,2966,2731,0.920769,2785,2337,0.839138,21.8752,24.5,6.9,0.825502,15116,2940,12176,0.194496,146.112,12.9986,10,83.3333,35.592
Tfm-P,learned,123,27,600,10,1,10,val,1,0.449707,1,0.15,2966,2690,0.906945,2785,2259,0.811131,21.1155,23.9,5.9,0.800298,13760,2901,10859,0.210828,130.308,12.5562,10,83.3333,35.592
Tfm-P,learned,123,27,600,10,1,10,val,1,0.463057,1,0.15,2966,2627,0.885705,2785,2138,0.767684,20.1609,23,4.8,0.768815,12546,2839,9707,0.226287,116.484,12.0436,9,83.3333,35.592
Tfm-P,learned,123,27,600,10,1,10,val,1,0.476526,1,0.15,2966,2554,0.861092,2785,2012,0.722442,19.133,22.2,4,0.735047,11327,2766,8561,0.244195,102.732,11.5071,9,83.3333,35.592
Tfm-P,learned,123,27,600,10,1,10,val,1,0.488387,1,0.15,2966,2501,0.843223,2785,1897,0.681149,18.2272,21.3,3.5,0.705301,10334,2708,7626,0.262048,91.512,10.9806,8,83.3333,35.592
Tfm-P,learned,123,27,600,10,1,10,val,1,0.490388,1,0.15,2966,2489,0.839177,2785,1873,0.672531,18.0335,21.2,3.4,0.699026,10164,2697,7467,0.265348,89.604,10.8989,8,83.3333,35.592
Tfm-P,learned,123,27,600,10,1,10,val,1,0.505447,1,0.15,2966,2412,0.813216,2785,1712,0.614722,16.6913,19.1,2.7,0.655298,8975,2613,6362,0.291142,76.344,10.1551,7,83.3333,35.592
Tfm-P,learned,123,27,600,10,1,10,val,1,0.521897,1,0.15,2966,2298,0.774781,2785,1474,0.529264,15.2055,14.3,2.1,0.608583,7718,2471,5247,0.320161,62.964,9.3238,6,83.3333,35.592
Tfm-P,learned,123,27,600,10,1,10,val,1,0.541155,1,0.15,2966,2170,0.731625,2785,1232,0.44237,13.6505,11.5,1.7,0.559038,6445,2346,4099,0.364003,49.188,8.42645,5,83.3333,35.592
Tfm-P,learned,123,27,600,10,1,10,val,1,0.564732,1,0.15,2966,2027,0.683412,2785,1000,0.359066,12.2606,9.8,1.2,0.515601,5283,2197,3086,0.415862,37.032,7.46241,5,83.3333,35.592
Tfm-P,learned,123,27,600,10,1,10,val,1,0.589852,1,0.15,2966,1892,0.637896,2785,833,0.299102,11.1599,8.3,0.9,0.480977,4351,2046,2305,0.470237,27.66,6.71367,4,83.3333,35.592
Tfm-P,learned,123,27,600,10,1,10,val,1,0.617194,1,0.15,2966,1700,0.573163,2785,678,0.243447,10.0389,6.75,0.7,0.446668,3398,1854,1544,0.545615,18.528,6.14637,4,83.3333,35.592
Tfm-P,learned,123,27,600,10,1,10,val,1,0.64498,1,0.15,2966,1487,0.501349,2785,511,0.183483,8.71997,5.8,0.4,0.404328,2573,1611,962,0.626117,11.544,5.53742,4,83.3333,35.592
Tfm-P,learned,123,27,600,10,1,10,val,1,0.676013,1,0.15,2966,1121,0.37795,2785,288,0.103411,7.04978,4.9,0.3,0.354239,1642,1206,436,0.73447,5.232,4.70413,3,83.3333,35.592
Tfm-P,learned,123,27,600,10,1,10,val,1,0.7235,1,0.15,2966,478,0.16116,2785,55,0.0197487,4.69958,2.9,0,0.311444,566,499,67,0.881625,0.804,4.62687,3,83.3333,35.592
Tfm-P,learned,123,27,600,10,1,10,test,1,0.169214,0.5,0,3530,3515,0.995751,3389,3369,0.994099,27.2954,29.4,20.7,0.986279,59206,3576,55630,0.0603993,667.56,13.5224,8,83.3333,42.36
Tfm-P,learned,123,27,600,10,1,10,test,1,0.272155,0.5,0,3530,3483,0.986686,3389,3320,0.97964,26.555,29.3,18.2,0.961113,38762,3817,34945,0.0984727,419.34,12.1509,7,83.3333,42.36
Tfm-P,learned,123,27,600,10,1,10,test,1,0.326414,0.5,0,3530,3444,0.975637,3389,3233,0.953969,25.7256,29.1,15.23,0.933088,31769,4028,27741,0.12679,332.892,11.2908,7,83.3333,42.36
Tfm-P,learned,123,27,600,10,1,10,test,1,0.361751,0.5,0,3530,3387,0.95949,3389,3134,0.924757,24.9055,28.3,12.9,0.905753,28066,4221,23845,0.150395,286.14,10.4116,7,83.3333,42.36
Tfm-P,learned,123,27,600,10,1,10,test,1,0.385885,0.5,0,3530,3327,0.942493,3389,3035,0.895544,24.0524,27,11.1,0.877191,25718,4323,21395,0.168092,256.74,9.56149,6,83.3333,42.36
Tfm-P,learned,123,27,600,10,1,10,test,1,0.404671,0.5,0,3530,3271,0.926629,3389,2937,0.866627,23.2069,25.8,9.9,0.849059,23707,4362,19345,0.183996,232.14,8.84104,6,83.3333,42.36
Tfm-P,learned,123,27,600,10,1,10,test,1,0.420552,0.5,0,3530,3201,0.906799,3389,2825,0.833579,22.3687,24.7,8.5,0.821527,22029,4388,17641,0.199192,211.692,8.13123,5,83.3333,42.36
Tfm-P,learned,123,27,600,10,1,10,test,1,0.435773,0.5,0,3530,3136,0.888385,3389,2690,0.793744,21.4429,23.8,6.8,0.79091,20193,4405,15788,0.218145,189.456,7.49031,5,83.3333,42.36
Tfm-P,learned,123,27,600,10,1,10,test,1,0.449707,0.5,0,3530,3073,0.870538,3389,2570,0.758336,20.5136,22.9,5.5,0.760017,18487,4390,14097,0.237464,169.164,6.84961,4,83.3333,42.36
Tfm-P,learned,123,27,600,10,1,10,test,1,0.463057,0.5,0,3530,2987,0.846176,3389,2425,0.71555,19.4888,22.1,4.36,0.726038,16652,4295,12357,0.257927,148.284,6.2728,4,83.3333,42.36
Tfm-P,learned,123,27,600,10,1,10,test,1,0.476526,0.5,0,3530,2902,0.822096,3389,2248,0.663323,18.3241,21.2,3.4,0.687645,14779,4181,10598,0.282901,127.176,5.73476,4,83.3333,42.36
Tfm-P,learned,123,27,600,10,1,10,test,1,0.488387,0.5,0,3530,2806,0.794901,3389,2062,0.608439,17.1596,20.1,2.65,0.649755,12976,4032,8944,0.310727,107.328,5.34269,3,83.3333,42.36
Tfm-P,learned,123,27,600,10,1,10,test,1,0.490388,0.5,0,3530,2791,0.790652,3389,2030,0.598997,16.9536,19.8,2.6,0.643011,12699,4004,8695,0.3153,104.34,5.26728,3,83.3333,42.36
Tfm-P,learned,123,27,600,10,1,10,test,1,0.505447,0.5,0,3530,2642,0.748442,3389,1733,0.51136,15.3455,15.4,2,0.590546,10591,3717,6874,0.350958,82.488,4.82776,3,83.3333,42.36
Tfm-P,learned,123,27,600,10,1,10,test,1,0.521897,0.5,0,3530,2474,0.70085,3389,1448,0.427265,13.8212,12,1.4,0.541515,8650,3399,5251,0.392948,63.012,4.36336,3,83.3333,42.36
Tfm-P,learned,123,27,600,10,1,10,test,1,0.541155,0.5,0,3530,2322,0.65779,3389,1199,0.353792,12.3519,10.3,0.91,0.494764,6815,3157,3658,0.463243,43.896,4.0175,2,83.3333,42.36
Tfm-P,learned,123,27,600,10,1,10,test,1,0.564732,0.5,0,3530,2107,0.596884,3389,936,0.276188,10.9977,8.6,0.6,0.453514,5342,2926,2416,0.547735,28.992,3.63162,2,83.3333,42.36
Tfm-P,learned,123,27,600,10,1,10,test,1,0.589852,0.5,0,3530,1871,0.530028,3389,757,0.22337,10.028,7.5,0.5,0.425359,4246,2703,1543,0.636599,18.516,3.22424,2,83.3333,42.36
Tfm-P,learned,123,27,600,10,1,10,test,1,0.617194,0.5,0,3530,1526,0.432295,3389,558,0.16465,9.19115,6.85,0.35,0.407024,3109,2263,846,0.727887,10.152,2.88652,2,83.3333,42.36
Tfm-P,learned,123,27,600,10,1,10,test,1,0.64498,0.5,0,3530,1159,0.328329,3389,330,0.0973739,7.86601,5.8,0.38,0.372902,2062,1673,389,0.811348,4.668,2.57841,2,83.3333,42.36
Tfm-P,learned,123,27,600,10,1,10,test,1,0.676013,0.5,0,3530,704,0.199433,3389,139,0.041015,6.12884,4.2,0.2,0.338192,1111,981,130,0.882988,1.56,2.07692,1.5,83.3333,42.36
Tfm-P,learned,123,27,600,10,1,10,test,1,0.7235,0.5,0,3530,192,0.0543909,3389,13,0.00383594,3.8875,2.4,0.11,0.325607,262,249,13,0.950382,0.156,1.76923,1,83.3333,42.36
Tfm-P,learned,123,27,600,10,1,10,val,1,0.169214,0.5,0,2966,2958,0.997303,2785,2772,0.995332,26.591,29.4,16.9,0.984182,52143,3013,49130,0.0577834,589.56,13.0743,7,83.3333,35.592
Tfm-P,learned,123,27,600,10,1,10,val,1,0.272155,0.5,0,2966,2924,0.98584,2785,2716,0.975224,25.7449,29.2,13.7,0.95563,33355,3217,30138,0.0964473,361.656,11.7087,7,83.3333,35.592
Tfm-P,learned,123,27,600,10,1,10,val,1,0.326414,0.5,0,2966,2895,0.976062,2785,2644,0.949372,24.8336,28.9,11,0.924322,27366,3392,23974,0.123949,287.688,10.6747,7,83.3333,35.592
Tfm-P,learned,123,27,600,10,1,10,val,1,0.361751,0.5,0,2966,2853,0.961902,2785,2561,0.919569,23.9671,27.6,9.7,0.895177,23662,3549,20113,0.149987,241.356,9.90275,6,83.3333,35.592
Tfm-P,learned,123,27,600,10,1,10,val,1,0.385885,0.5,0,2966,2800,0.944032,2785,2471,0.887253,23.1131,26.2,8.8,0.866947,21248,3626,17622,0.170651,211.464,9.22143,6,83.3333,35.592
Tfm-P,learned,123,27,600,10,1,10,val,1,0.404671,0.5,0,2966,2747,0.926163,2785,2370,0.850987,22.2297,24.9,7.36,0.837364,19496,3640,15856,0.186705,190.272,8.51211,5,83.3333,35.592
Tfm-P,learned,123,27,600,10,1,10,val,1,0.420552,0.5,0,2966,2684,0.904922,2785,2273,0.816158,21.4312,24.15,6.4,0.811642,17821,3697,14124,0.207452,169.488,7.95978,5,83.3333,35.592
Tfm-P,learned,123,27,600,10,1,10,val,1,0.435773,0.5,0,2966,2639,0.889751,2785,2173,0.780251,20.5237,23.3,5.38,0.781684,16193,3690,12503,0.227876,150.036,7.36319,5,83.3333,35.592
Tfm-P,learned,123,27,600,10,1,10,val,1,0.449707,0.5,0,2966,2568,0.865813,2785,2055,0.737882,19.5867,22.4,4.3,0.750924,14623,3646,10977,0.249333,131.724,6.86672,4,83.3333,35.592
Tfm-P,learned,123,27,600,10,1,10,val,1,0.463057,0.5,0,2966,2481,0.83648,2785,1907,0.68474,18.5626,21.7,3.5,0.71801,13161,3532,9629,0.268369,115.548,6.318,4,83.3333,35.592
Tfm-P,learned,123,27,600,10,1,10,val,1,0.476526,0.5,0,2966,2400,0.809171,2785,1771,0.635907,17.5042,20.8,2.8,0.683996,11683,3441,8242,0.294531,98.904,5.81121,3,83.3333,35.592
Tfm-P,learned,123,27,600,10,1,10,val,1,0.488387,0.5,0,2966,2321,0.782535,2785,1615,0.579892,16.2813,18.9,2.3,0.644598,10276,3268,7008,0.318023,84.096,5.43864,3,83.3333,35.592
Tfm-P,learned,123,27,600,10,1,10,val,1,0.490388,0.5,0,2966,2311,0.779164,2785,1585,0.56912,16.0756,18.4,2.2,0.637739,10099,3263,6836,0.323101,82.032,5.35986,3,83.3333,35.592
Tfm-P,learned,123,27,600,10,1,10,val,1,0.505447,0.5,0,2966,2205,0.743425,2785,1387,0.498025,14.6727,14.1,1.7,0.593218,8436,3052,5384,0.361783,64.608,4.98421,3,83.3333,35.592
Tfm-P,learned,123,27,600,10,1,10,val,1,0.521897,0.5,0,2966,2085,0.702967,2785,1168,0.41939,13.3055,11.4,1.3,0.551247,6960,2835,4125,0.407328,49.5,4.56558,3,83.3333,35.592
Tfm-P,learned,123,27,600,10,1,10,val,1,0.541155,0.5,0,2966,1956,0.659474,2785,957,0.343627,11.9143,9.7,0.9,0.507881,5635,2671,2964,0.474002,35.568,4.20378,2,83.3333,35.592
Tfm-P,learned,123,27,600,10,1,10,val,1,0.564732,0.5,0,2966,1775,0.598449,2785,770,0.276481,10.6975,8.1,0.6,0.473274,4443,2439,2004,0.548953,24.048,3.82635,2,83.3333,35.592
Tfm-P,learned,123,27,600,10,1,10,val,1,0.589852,0.5,0,2966,1561,0.526298,2785,620,0.222621,9.8148,6.9,0.5,0.451654,3577,2256,1321,0.630696,15.852,3.45269,2,83.3333,35.592
Tfm-P,learned,123,27,600,10,1,10,val,1,0.617194,0.5,0,2966,1312,0.442347,2785,466,0.167325,8.82355,6.2,0.3,0.428021,2705,1921,784,0.710166,9.408,2.95281,2,83.3333,35.592
Tfm-P,learned,123,27,600,10,1,10,val,1,0.64498,0.5,0,2966,1004,0.338503,2785,275,0.0987433,7.6258,5.6,0.2,0.402173,1810,1462,348,0.807735,4.176,2.57759,2,83.3333,35.592
Tfm-P,learned,123,27,600,10,1,10,val,1,0.676013,0.5,0,2966,644,0.217127,2785,119,0.0427289,6.20745,4.65,0.13,0.376542,1051,940,111,0.894386,1.332,2.46847,1,83.3333,35.592
Tfm-P,learned,123,27,600,10,1,10,val,1,0.7235,0.5,0,2966,215,0.0724882,2785,19,0.00682226,4.07814,2.8,0,0.39604,310,288,22,0.929032,0.264,1.95455,1,83.3333,35.592
Tfm-P,learned,123,27,600,10,1,10,test,1,0.169214,0.5,0.15,3530,3519,0.996884,3389,3373,0.995279,27.3481,29.4,20.9,0.987998,40900,3495,37405,0.0854523,448.86,30.6381,30,83.3333,42.36
Tfm-P,learned,123,27,600,10,1,10,test,1,0.272155,0.5,0.15,3530,3492,0.989235,3389,3331,0.982886,26.6597,29.3,18.3,0.964521,28400,3482,24918,0.122606,299.016,22.63,22,83.3333,42.36
Tfm-P,learned,123,27,600,10,1,10,test,1,0.326414,0.5,0.15,3530,3453,0.978187,3389,3242,0.956624,25.8072,29.1,15.3,0.935687,23519,3459,20060,0.147073,240.72,20.5024,20,83.3333,42.36
Tfm-P,learned,123,27,600,10,1,10,test,1,0.361751,0.5,0.15,3530,3403,0.964023,3389,3150,0.929478,25.0232,28.5,13.1,0.909429,20520,3427,17093,0.167008,205.116,19.2889,18,83.3333,42.36
Tfm-P,learned,123,27,600,10,1,10,test,1,0.385885,0.5,0.15,3530,3344,0.947309,3389,3054,0.901151,24.1997,27.3,11.2,0.881829,18469,3381,15088,0.183064,181.056,18.3801,18,83.3333,42.36
Tfm-P,learned,123,27,600,10,1,10,test,1,0.404671,0.5,0.15,3530,3290,0.932011,3389,2957,0.872529,23.3688,26,9.9,0.854144,16780,3333,13447,0.198629,161.364,17.7489,17,83.3333,42.36
Tfm-P,learned,123,27,600,10,1,10,test,1,0.420552,0.5,0.15,3530,3223,0.913031,3389,2850,0.840956,22.5805,25,8.8,0.828249,15365,3280,12085,0.213472,145.02,17.123,16,83.3333,42.36
Tfm-P,learned,123,27,600,10,1,10,test,1,0.435773,0.5,0.15,3530,3156,0.894051,3389,2712,0.800236,21.6496,23.95,6.95,0.797494,14022,3219,10803,0.229568,129.636,16.3823,15,83.3333,42.36
Tfm-P,learned,123,27,600,10,1,10,test,1,0.449707,0.5,0.15,3530,3091,0.875637,3389,2592,0.764827,20.7052,23.2,5.5,0.766124,12746,3156,9590,0.247607,115.08,15.7469,14,83.3333,42.36
Tfm-P,learned,123,27,600,10,1,10,test,1,0.463057,0.5,0.15,3530,3002,0.850425,3389,2445,0.721452,19.6934,22.25,4.41,0.73263,11495,3083,8412,0.268204,100.944,15.1301,14,83.3333,42.36
Tfm-P,learned,123,27,600,10,1,10,test,1,0.476526,0.5,0.15,3530,2921,0.827479,3389,2272,0.670404,18.5193,21.3,3.5,0.693814,10218,2992,7226,0.292817,86.712,14.4577,13,83.3333,42.36
Tfm-P,learned,123,27,600,10,1,10,test,1,0.488387,0.5,0.15,3530,2827,0.80085,3389,2088,0.616111,17.3832,20.3,2.7,0.656802,9089,2898,6191,0.318847,74.292,13.774,12,83.3333,42.36
Tfm-P,learned,123,27,600,10,1,10,test,1,0.490388,0.5,0.15,3530,2810,0.796034,3389,2054,0.606078,17.1717,20.05,2.6,0.649919,8904,2882,6022,0.323675,72.264,13.6431,12,83.3333,42.36
Tfm-P,learned,123,27,600,10,1,10,test,1,0.505447,0.5,0.15,3530,2664,0.754674,3389,1759,0.519032,15.5867,15.9,2,0.598108,7530,2725,4805,0.361886,57.66,12.8803,11,83.3333,42.36
Tfm-P,learned,123,27,600,10,1,10,test,1,0.521897,0.5,0.15,3530,2493,0.706232,3389,1471,0.434051,14.0606,12.2,1.4,0.549034,6288,2544,3744,0.40458,44.928,11.953,10,83.3333,42.36
Tfm-P,learned,123,27,600,10,1,10,test,1,0.541155,0.5,0.15,3530,2336,0.661756,3389,1216,0.358808,12.5245,10.4,1,0.500132,5060,2374,2686,0.46917,32.232,11.0127,9,83.3333,42.36
Tfm-P,learned,123,27,600,10,1,10,test,1,0.564732,0.5,0.15,3530,2115,0.59915,3389,944,0.278548,11.0932,8.6,0.6,0.45643,3934,2149,1785,0.546263,21.42,9.96022,7,83.3333,42.36
Tfm-P,learned,123,27,600,10,1,10,test,1,0.589852,0.5,0.15,3530,1877,0.531728,3389,764,0.225435,10.1235,7.5,0.5,0.428297,3049,1905,1144,0.624795,13.728,9.4799,7,83.3333,42.36
Tfm-P,learned,123,27,600,10,1,10,test,1,0.617194,0.5,0.15,3530,1529,0.433144,3389,562,0.165831,9.24663,6.9,0.38,0.408704,2199,1554,645,0.706685,7.74,8.63566,7,83.3333,42.36
Tfm-P,learned,123,27,600,10,1,10,test,1,0.64498,0.5,0.15,3530,1159,0.328329,3389,330,0.0973739,7.86946,5.8,0.38,0.373018,1469,1175,294,0.799864,3.528,8.29592,7,83.3333,42.36
Tfm-P,learned,123,27,600,10,1,10,test,1,0.676013,0.5,0.15,3530,704,0.199433,3389,139,0.041015,6.12884,4.2,0.2,0.338192,817,709,108,0.867809,1.296,6.55556,5,83.3333,42.36
Tfm-P,learned,123,27,600,10,1,10,test,1,0.7235,0.5,0.15,3530,192,0.0543909,3389,13,0.00383594,3.8875,2.4,0.11,0.325607,205,192,13,0.936585,0.156,5.15385,4,83.3333,42.36
Tfm-P,learned,123,27,600,10,1,10,val,1,0.169214,0.5,0.15,2966,2959,0.99764,2785,2773,0.995691,26.6515,29.4,17.06,0.986205,35811,2944,32867,0.0822094,394.404,30.7463,31,83.3333,35.592
Tfm-P,learned,123,27,600,10,1,10,val,1,0.272155,0.5,0.15,2966,2927,0.986851,2785,2719,0.976302,25.8217,29.3,13.82,0.958143,24429,2926,21503,0.119776,258.036,22.2022,21,83.3333,35.592
Tfm-P,learned,123,27,600,10,1,10,val,1,0.326414,0.5,0.15,2966,2899,0.977411,2785,2649,0.951167,24.9249,29.1,11.08,0.927292,20175,2913,17262,0.144387,207.144,19.7759,19,83.3333,35.592
Tfm-P,learned,123,27,600,10,1,10,val,1,0.361751,0.5,0.15,2966,2860,0.964262,2785,2569,0.922442,24.0724,27.9,9.7,0.898518,17382,2886,14496,0.166034,173.952,18.5506,18,83.3333,35.592
Tfm-P,learned,123,27,600,10,1,10,val,1,0.385885,0.5,0.15,2966,2808,0.94673,2785,2480,0.890485,23.2293,26.4,8.9,0.87063,15442,2847,12595,0.184367,151.14,17.7324,17,83.3333,35.592
Tfm-P,learned,123,27,600,10,1,10,val,1,0.404671,0.5,0.15,2966,2754,0.928523,2785,2378,0.85386,22.3749,25.1,7.5,0.84206,13984,2788,11196,0.199371,134.352,17.0705,16,83.3333,35.592
Tfm-P,learned,123,27,600,10,1,10,val,1,0.420552,0.5,0.15,2966,2691,0.907283,2785,2280,0.818671,21.5532,24.3,6.4,0.815557,12653,2735,9918,0.216154,119.016,16.5435,15,83.3333,35.592
Tfm-P,learned,123,27,600,10,1,10,val,1,0.435773,0.5,0.15,2966,2647,0.892448,2785,2182,0.783483,20.6572,23.4,5.4,0.785961,11424,2708,8716,0.237045,104.592,15.9572,15,83.3333,35.592
Tfm-P,learned,123,27,600,10,1,10,val,1,0.449707,0.5,0.15,2966,2579,0.869521,2785,2068,0.742549,19.7311,22.5,4.3,0.755446,10254,2633,7621,0.256778,91.452,15.4884,14,83.3333,35.592
Tfm-P,learned,123,27,600,10,1,10,val,1,0.463057,0.5,0.15,2966,2492,0.840189,2785,1922,0.690126,18.7025,21.8,3.5,0.722368,9161,2547,6614,0.278026,79.368,14.9244,13,83.3333,35.592
Tfm-P,learned,123,27,600,10,1,10,val,1,0.476526,0.5,0.15,2966,2413,0.813554,2785,1789,0.64237,17.6703,20.9,2.9,0.68913,8173,2466,5707,0.301725,68.484,14.2457,12,83.3333,35.592
Tfm-P,learned,123,27,600,10,1,10,val,1,0.488387,0.5,0.15,2966,2332,0.786244,2785,1632,0.585996,16.467,19.1,2.3,0.650463,7266,2378,4888,0.327278,58.656,13.6559,12,83.3333,35.592
Tfm-P,learned,123,27,600,10,1,10,val,1,0.490388,0.5,0.15,2966,2322,0.782873,2785,1603,0.575583,16.2713,18.7,2.3,0.64394,7113,2367,4746,0.332771,56.952,13.5879,12,83.3333,35.592
Tfm-P,learned,123,27,600,10,1,10,val,1,0.505447,0.5,0.15,2966,2217,0.747471,2785,1402,0.503411,14.8286,14.2,1.7,0.597996,6053,2255,3798,0.372543,45.576,12.7986,11,83.3333,35.592
Tfm-P,learned,123,27,600,10,1,10,val,1,0.521897,0.5,0.15,2966,2092,0.705327,2785,1179,0.423339,13.4346,11.5,1.3,0.555304,5055,2129,2926,0.421167,35.112,12.0123,10,83.3333,35.592
Tfm-P,learned,123,27,600,10,1,10,val,1,0.541155,0.5,0.15,2966,1964,0.662171,2785,970,0.348294,12.0988,9.8,0.9,0.513721,4110,1993,2117,0.484915,25.404,11.214,9,83.3333,35.592
Tfm-P,learned,123,27,600,10,1,10,val,1,0.564732,0.5,0.15,2966,1779,0.599798,2785,778,0.279354,10.8205,8.2,0.6,0.477191,3273,1804,1469,0.551176,17.628,10.3268,8,83.3333,35.592
Tfm-P,learned,123,27,600,10,1,10,val,1,0.589852,0.5,0.15,2966,1565,0.527647,2785,625,0.224417,9.89815,6.9,0.5,0.454188,2557,1594,963,0.623387,11.556,9.62928,7,83.3333,35.592
Tfm-P,learned,123,27,600,10,1,10,val,1,0.617194,0.5,0.15,2966,1315,0.443358,2785,470,0.168761,8.89414,6.3,0.3,0.430127,1918,1336,582,0.696559,6.984,8.67354,6,83.3333,35.592
Tfm-P,learned,123,27,600,10,1,10,val,1,0.64498,0.5,0.15,2966,1004,0.338503,2785,275,0.0987433,7.62679,5.6,0.2,0.402207,1294,1018,276,0.786708,3.312,7.94928,6,83.3333,35.592
Tfm-P,learned,123,27,600,10,1,10,val,1,0.676013,0.5,0.15,2966,644,0.217127,2785,119,0.0427289,6.20901,4.65,0.13,0.376595,742,645,97,0.869272,1.164,7.25773,5,83.3333,35.592
Tfm-P,learned,123,27,600,10,1,10,val,1,0.7235,0.5,0.15,2966,216,0.0728254,2785,20,0.00718133,4.19444,2.8,0,0.398836,229,216,13,0.943231,0.156,8,5,83.3333,35.592
Tfm-P,learned,123,27,600,10,1,10,test,1,0.169214,0.25,0,3530,3513,0.995184,3389,3367,0.993508,27.2033,29.4,20.4,0.983184,44729,3537,41192,0.0790762,494.304,17.7991,14,83.3333,42.36
Tfm-P,learned,123,27,600,10,1,10,test,1,0.272155,0.25,0,3530,3456,0.979037,3389,3275,0.966362,25.966,29,16.75,0.941577,29384,3585,25799,0.122005,309.588,15.5242,13,83.3333,42.36
Tfm-P,learned,123,27,600,10,1,10,test,1,0.326414,0.25,0,3530,3379,0.957224,3389,3143,0.927412,24.6629,27.4,13.48,0.898133,23829,3653,20176,0.153301,242.112,14.2277,11,83.3333,42.36
Tfm-P,learned,123,27,600,10,1,10,test,1,0.361751,0.25,0,3530,3280,0.929178,3389,2986,0.881086,23.4131,25.9,10.79,0.856861,20573,3669,16904,0.178341,202.848,13.1139,10,83.3333,42.36
Tfm-P,learned,123,27,600,10,1,10,test,1,0.385885,0.25,0,3530,3213,0.910198,3389,2866,0.845677,22.3589,24.5,9.3,0.821486,18600,3710,14890,0.199462,178.68,12.0358,9,83.3333,42.36
Tfm-P,learned,123,27,600,10,1,10,test,1,0.404671,0.25,0,3530,3123,0.884703,3389,2712,0.800236,21.3232,23.5,7.5,0.787645,16945,3693,13252,0.21794,159.024,11.1047,8,83.3333,42.36
Tfm-P,learned,123,27,600,10,1,10,test,1,0.420552,0.25,0,3530,3040,0.86119,3389,2568,0.757746,20.2647,22.5,6,0.752849,15352,3655,11697,0.23808,140.364,10.3241,7,83.3333,42.36
Tfm-P,learned,123,27,600,10,1,10,test,1,0.435773,0.25,0,3530,2956,0.837394,3389,2389,0.704928,19.1181,21.6,4.6,0.715003,13706,3577,10129,0.260981,121.548,9.60658,7,83.3333,42.36
Tfm-P,learned,123,27,600,10,1,10,test,1,0.449707,0.25,0,3530,2845,0.805949,3389,2213,0.652995,18.027,20.7,3.64,0.679511,12134,3444,8690,0.283831,104.28,8.92773,6,83.3333,42.36
Tfm-P,learned,123,27,600,10,1,10,test,1,0.463057,0.25,0,3530,2749,0.778754,3389,2017,0.595161,16.8129,19.4,2.7,0.639389,10658,3309,7349,0.310471,88.188,8.28085,5,83.3333,42.36
Tfm-P,learned,123,27,600,10,1,10,test,1,0.476526,0.25,0,3530,2625,0.743626,3389,1778,0.524639,15.4939,16.9,2.2,0.597023,9069,3126,5943,0.344691,71.316,7.82349,5,83.3333,42.36
Tfm-P,learned,123,27,600,10,1,10,test,1,0.488387,0.25,0,3530,2514,0.712181,3389,1580,0.466214,14.4211,13.9,1.63,0.562866,7842,2961,4881,0.377582,58.572,7.34153,5,83.3333,42.36
Tfm-P,learned,123,27,600,10,1,10,test,1,0.490388,0.25,0,3530,2494,0.706516,3389,1544,0.455592,14.2713,13.5,1.6,0.558315,7656,2940,4716,0.384013,56.592,7.25551,5,83.3333,42.36
Tfm-P,learned,123,27,600,10,1,10,test,1,0.505447,0.25,0,3530,2312,0.654958,3389,1290,0.380643,12.9908,11.3,1.2,0.519299,6324,2718,3606,0.429791,43.272,6.6761,4,83.3333,42.36
Tfm-P,learned,123,27,600,10,1,10,test,1,0.521897,0.25,0,3530,2146,0.607932,3389,1069,0.315432,11.8046,9.9,0.7,0.482589,5070,2493,2577,0.491716,30.924,6.23632,4,83.3333,42.36
Tfm-P,learned,123,27,600,10,1,10,test,1,0.541155,0.25,0,3530,1936,0.548442,3389,862,0.254352,10.7493,8.6,0.5,0.453207,3993,2232,1761,0.558978,21.132,5.72459,4,83.3333,42.36
Tfm-P,learned,123,27,600,10,1,10,test,1,0.564732,0.25,0,3530,1647,0.466572,3389,687,0.202715,10.1316,7.8,0.5,0.443449,3063,1944,1119,0.634672,13.428,5.07954,3,83.3333,42.36
Tfm-P,learned,123,27,600,10,1,10,test,1,0.589852,0.25,0,3530,1330,0.376771,3389,526,0.155208,9.58519,7.4,0.4,0.440297,2283,1647,636,0.721419,7.632,4.60063,3,83.3333,42.36
Tfm-P,learned,123,27,600,10,1,10,test,1,0.617194,0.25,0,3530,1002,0.283853,3389,334,0.0985541,8.41707,6.3,0.3,0.419773,1530,1223,307,0.799346,3.684,4.3127,3,83.3333,42.36
Tfm-P,learned,123,27,600,10,1,10,test,1,0.64498,0.25,0,3530,652,0.184703,3389,176,0.0519327,7.44126,5.5,0.6,0.424823,950,815,135,0.857895,1.62,3.48889,2,83.3333,42.36
Tfm-P,learned,123,27,600,10,1,10,test,1,0.676013,0.25,0,3530,370,0.104816,3389,55,0.016229,5.28243,3.8,0,0.395983,467,437,30,0.93576,0.36,3.16667,2,83.3333,42.36
Tfm-P,learned,123,27,600,10,1,10,test,1,0.7235,0.25,0,3530,77,0.021813,3389,6,0.00177043,4.34805,2.8,0.32,0.562016,92,85,7,0.923913,0.084,1.28571,1,83.3333,42.36
Tfm-P,learned,123,27,600,10,1,10,val,1,0.169214,0.25,0,2966,2954,0.995954,2785,2767,0.993537,26.46,29.4,16.5,0.979787,39214,2968,36246,0.0756873,434.952,17.2991,13,83.3333,35.592
Tfm-P,learned,123,27,600,10,1,10,val,1,0.272155,0.25,0,2966,2899,0.977411,2785,2675,0.960503,25.1259,28.8,12.6,0.935197,25257,3019,22238,0.119531,266.856,14.9531,12,83.3333,35.592
Tfm-P,learned,123,27,600,10,1,10,val,1,0.326414,0.25,0,2966,2839,0.957181,2785,2550,0.915619,23.7219,26.9,9.7,0.887727,20139,3049,17090,0.151398,205.08,13.6185,10,83.3333,35.592
Tfm-P,learned,123,27,600,10,1,10,val,1,0.361751,0.25,0,2966,2754,0.928523,2785,2416,0.867504,22.5371,25.2,8.2,0.84899,17289,3074,14215,0.177801,170.58,12.4456,9,83.3333,35.592
Tfm-P,learned,123,27,600,10,1,10,val,1,0.385885,0.25,0,2966,2681,0.903911,2785,2279,0.818312,21.3579,23.9,6.6,0.81033,15312,3091,12221,0.201868,146.652,11.5813,8,83.3333,35.592
Tfm-P,learned,123,27,600,10,1,10,val,1,0.404671,0.25,0,2966,2606,0.878624,2785,2157,0.774506,20.3282,23,5.6,0.776442,13634,3050,10584,0.223705,127.008,10.8919,8,83.3333,35.592
Tfm-P,learned,123,27,600,10,1,10,val,1,0.420552,0.25,0,2966,2536,0.855024,2785,2033,0.729982,19.3653,22.1,4.45,0.745423,12333,3016,9317,0.244547,111.804,10.1213,7,83.3333,35.592
Tfm-P,learned,123,27,600,10,1,10,val,1,0.435773,0.25,0,2966,2437,0.821645,2785,1893,0.679713,18.3045,21.1,3.5,0.711974,10883,2939,7944,0.270054,95.328,9.53625,6,83.3333,35.592
Tfm-P,learned,123,27,600,10,1,10,val,1,0.449707,0.25,0,2966,2350,0.792313,2785,1746,0.62693,17.1446,20,2.8,0.674337,9569,2835,6734,0.296269,80.808,9.00015,6,83.3333,35.592
Tfm-P,learned,123,27,600,10,1,10,val,1,0.463057,0.25,0,2966,2261,0.762306,2785,1585,0.56912,16.0234,18.4,2.2,0.638813,8359,2715,5644,0.3248,67.728,8.4899,6,83.3333,35.592
Tfm-P,learned,123,27,600,10,1,10,val,1,0.476526,0.25,0,2966,2167,0.730614,2785,1404,0.504129,14.7577,15.3,1.7,0.598556,7186,2591,4595,0.360562,55.14,8.07639,5,83.3333,35.592
Tfm-P,learned,123,27,600,10,1,10,val,1,0.488387,0.25,0,2966,2079,0.700944,2785,1248,0.448115,13.7005,12.8,1.3,0.565517,6239,2454,3785,0.393332,45.42,7.65205,5,83.3333,35.592
Tfm-P,learned,123,27,600,10,1,10,val,1,0.490388,0.25,0,2966,2068,0.697235,2785,1228,0.440934,13.5416,12.35,1.2,0.560287,6079,2437,3642,0.400888,43.704,7.60269,5,83.3333,35.592
Tfm-P,learned,123,27,600,10,1,10,val,1,0.505447,0.25,0,2966,1945,0.655765,2785,1037,0.372352,12.4632,10.9,0.9,0.528967,5093,2242,2851,0.440212,34.212,7.02175,5,83.3333,35.592
Tfm-P,learned,123,27,600,10,1,10,val,1,0.521897,0.25,0,2966,1806,0.608901,2785,892,0.320287,11.5986,9.8,0.8,0.506874,4198,2089,2109,0.497618,25.308,6.58274,4,83.3333,35.592
Tfm-P,learned,123,27,600,10,1,10,val,1,0.541155,0.25,0,2966,1621,0.546527,2785,723,0.259605,10.546,8.1,0.5,0.479324,3415,1884,1531,0.551684,18.372,5.88439,4,83.3333,35.592
Tfm-P,learned,123,27,600,10,1,10,val,1,0.564732,0.25,0,2966,1375,0.463587,2785,578,0.20754,10.0388,7.8,0.4,0.479021,2586,1633,953,0.631477,11.436,5.56034,4,83.3333,35.592
Tfm-P,learned,123,27,600,10,1,10,val,1,0.589852,0.25,0,2966,1132,0.381659,2785,427,0.153321,9.30813,7.1,0.4,0.472485,1946,1391,555,0.7148,6.66,5.14054,3,83.3333,35.592
Tfm-P,learned,123,27,600,10,1,10,val,1,0.617194,0.25,0,2966,854,0.28793,2785,282,0.101257,8.56569,6.65,0.4,0.476123,1384,1066,318,0.770231,3.816,3.96855,2,83.3333,35.592
Tfm-P,learned,123,27,600,10,1,10,val,1,0.64498,0.25,0,2966,614,0.207013,2785,143,0.0513465,7.28795,5.5,0.4,0.461633,880,765,115,0.869318,1.38,3.68696,2,83.3333,35.592
Tfm-P,learned,123,27,600,10,1,10,val,1,0.676013,0.25,0,2966,361,0.121713,2785,58,0.0208259,5.80222,4.4,0.1,0.464325,477,446,31,0.93501,0.372,4.67742,4,83.3333,35.592
Tfm-P,learned,123,27,600,10,1,10,val,1,0.7235,0.25,0,2966,108,0.0364127,2785,9,0.0032316,3.96852,2.85,0,0.589444,131,126,5,0.961832,0.06,4.2,5,83.3333,35.592
Tfm-P,learned,123,27,600,10,1,10,test,1,0.169214,0.25,0.15,3530,3516,0.996034,3389,3370,0.994394,27.2484,29.4,20.55,0.984662,36920,3492,33428,0.0945829,401.136,31.7389,32,83.3333,42.36
Tfm-P,learned,123,27,600,10,1,10,test,1,0.272155,0.25,0.15,3530,3463,0.98102,3389,3284,0.969017,26.035,29.1,16.9,0.943799,24897,3439,21458,0.138129,257.496,24.5716,24,83.3333,42.36
Tfm-P,learned,123,27,600,10,1,10,test,1,0.326414,0.25,0.15,3530,3387,0.95949,3389,3151,0.929773,24.7226,27.5,13.5,0.899997,20125,3373,16752,0.167602,201.024,22.304,22,83.3333,42.36
Tfm-P,learned,123,27,600,10,1,10,test,1,0.361751,0.25,0.15,3530,3296,0.933711,3389,3004,0.886397,23.5247,26,10.9,0.860294,17155,3285,13870,0.191489,166.44,20.9079,20,83.3333,42.36
Tfm-P,learned,123,27,600,10,1,10,test,1,0.385885,0.25,0.15,3530,3231,0.915297,3389,2885,0.851284,22.5011,24.7,9.4,0.825912,15244,3223,12021,0.211427,144.252,19.8885,19,83.3333,42.36
Tfm-P,learned,123,27,600,10,1,10,test,1,0.404671,0.25,0.15,3530,3143,0.890368,3389,2734,0.806728,21.4822,23.6,7.5,0.792612,13694,3144,10550,0.22959,126.6,18.9846,18,83.3333,42.36
Tfm-P,learned,123,27,600,10,1,10,test,1,0.420552,0.25,0.15,3530,3062,0.867422,3389,2593,0.765122,20.4301,22.6,6.1,0.75796,12335,3061,9274,0.248156,111.288,18.1451,17,83.3333,42.36
Tfm-P,learned,123,27,600,10,1,10,test,1,0.435773,0.25,0.15,3530,2975,0.842776,3389,2412,0.711714,19.2796,21.7,4.7,0.720032,10946,2975,7971,0.271789,95.652,17.4597,16,83.3333,42.36
Tfm-P,learned,123,27,600,10,1,10,test,1,0.449707,0.25,0.15,3530,2860,0.810198,3389,2232,0.658601,18.1761,20.8,3.7,0.684193,9706,2861,6845,0.294766,82.14,16.7096,15,83.3333,42.36
Tfm-P,learned,123,27,600,10,1,10,test,1,0.463057,0.25,0.15,3530,2764,0.783003,3389,2034,0.600177,16.9583,19.5,2.8,0.643921,8595,2761,5834,0.321233,70.008,15.875,14,83.3333,42.36
Tfm-P,learned,123,27,600,10,1,10,test,1,0.476526,0.25,0.15,3530,2641,0.748159,3389,1798,0.53054,15.68,17.2,2.2,0.602871,7439,2642,4797,0.355155,57.564,15.0619,13,83.3333,42.36
Tfm-P,learned,123,27,600,10,1,10,test,1,0.488387,0.25,0.15,3530,2530,0.716714,3389,1598,0.471526,14.604,14.2,1.7,0.568568,6476,2531,3945,0.390828,47.34,14.4167,12,83.3333,42.36
Tfm-P,learned,123,27,600,10,1,10,test,1,0.490388,0.25,0.15,3530,2509,0.710765,3389,1561,0.460608,14.4531,13.7,1.6,0.563998,6333,2510,3823,0.396337,45.876,14.3369,12,83.3333,42.36
Tfm-P,learned,123,27,600,10,1,10,test,1,0.505447,0.25,0.15,3530,2328,0.65949,3389,1307,0.385659,13.163,11.4,1.2,0.524543,5247,2339,2908,0.445779,34.896,13.6723,12,83.3333,42.36
Tfm-P,learned,123,27,600,10,1,10,test,1,0.521897,0.25,0.15,3530,2157,0.611048,3389,1084,0.319858,11.9634,10.1,0.7,0.487494,4262,2163,2099,0.507508,25.188,13.1758,11,83.3333,42.36
Tfm-P,learned,123,27,600,10,1,10,test,1,0.541155,0.25,0.15,3530,1943,0.550425,3389,871,0.257008,10.8574,8.7,0.5,0.456509,3415,1946,1469,0.569839,17.628,12.3138,10,83.3333,42.36
Tfm-P,learned,123,27,600,10,1,10,test,1,0.564732,0.25,0.15,3530,1653,0.468272,3389,694,0.20478,10.2402,7.9,0.5,0.446732,2560,1655,905,0.646484,10.86,11.8486,10,83.3333,42.36
Tfm-P,learned,123,27,600,10,1,10,test,1,0.589852,0.25,0.15,3530,1336,0.37847,3389,533,0.157274,9.7006,7.5,0.4,0.44365,1857,1336,521,0.71944,6.252,11.2668,9,83.3333,42.36
Tfm-P,learned,123,27,600,10,1,10,test,1,0.617194,0.25,0.15,3530,1007,0.285269,3389,339,0.10003,8.54081,6.4,0.3,0.423252,1266,1007,259,0.795419,3.108,10.9884,9,83.3333,42.36
Tfm-P,learned,123,27,600,10,1,10,test,1,0.64498,0.25,0.15,3530,654,0.185269,3389,178,0.0525229,7.50887,5.5,0.6,0.426582,771,652,119,0.845655,1.428,10.0168,8,83.3333,42.36
Tfm-P,learned,123,27,600,10,1,10,test,1,0.676013,0.25,0.15,3530,371,0.105099,3389,56,0.016524,5.34744,3.8,0,0.397611,398,370,28,0.929648,0.336,8.46429,6,83.3333,42.36
Tfm-P,learned,123,27,600,10,1,10,test,1,0.7235,0.25,0.15,3530,77,0.021813,3389,6,0.00177043,4.34805,2.8,0.32,0.562016,84,77,7,0.916667,0.084,5.71429,5,83.3333,42.36
Tfm-P,learned,123,27,600,10,1,10,val,1,0.169214,0.25,0.15,2966,2956,0.996628,2785,2769,0.994255,26.5189,29.4,16.55,0.981729,32375,2941,29434,0.0908417,353.208,31.9461,32,83.3333,35.592
Tfm-P,learned,123,27,600,10,1,10,val,1,0.272155,0.25,0.15,2966,2903,0.978759,2785,2679,0.961939,25.1948,28.9,12.6,0.937412,21349,2895,18454,0.135604,221.448,24.2007,23,83.3333,35.592
Tfm-P,learned,123,27,600,10,1,10,val,1,0.326414,0.25,0.15,2966,2845,0.959204,2785,2557,0.918133,23.8304,27,9.78,0.89122,17094,2840,14254,0.16614,171.048,21.6627,21,83.3333,35.592
Tfm-P,learned,123,27,600,10,1,10,val,1,0.361751,0.25,0.15,2966,2760,0.930546,2785,2422,0.869659,22.6391,25.3,8.2,0.852238,14446,2757,11689,0.190849,140.268,20.2241,20,83.3333,35.592
Tfm-P,learned,123,27,600,10,1,10,val,1,0.385885,0.25,0.15,2966,2685,0.90526,2785,2284,0.820108,21.4794,24,6.64,0.814311,12652,2682,9970,0.211982,119.64,19.3372,19,83.3333,35.592
Tfm-P,learned,123,27,600,10,1,10,val,1,0.404671,0.25,0.15,2966,2613,0.880984,2785,2165,0.777379,20.4419,23,5.62,0.780054,11181,2612,8569,0.233611,102.828,18.5674,18,83.3333,35.592
Tfm-P,learned,123,27,600,10,1,10,val,1,0.420552,0.25,0.15,2966,2545,0.858058,2785,2043,0.733573,19.4954,22.1,4.5,0.749511,9997,2543,7454,0.254376,89.448,17.8281,17,83.3333,35.592
Tfm-P,learned,123,27,600,10,1,10,val,1,0.435773,0.25,0.15,2966,2443,0.823668,2785,1899,0.681867,18.4129,21.2,3.5,0.71542,8808,2443,6365,0.277361,76.38,17.1681,16,83.3333,35.592
Tfm-P,learned,123,27,600,10,1,10,val,1,0.449707,0.25,0.15,2966,2357,0.794673,2785,1758,0.631239,17.2682,20.1,2.8,0.678236,7757,2358,5399,0.303983,64.788,16.5797,15,83.3333,35.592
Tfm-P,learned,123,27,600,10,1,10,val,1,0.463057,0.25,0.15,2966,2270,0.765341,2785,1598,0.573788,16.1556,18.7,2.2,0.642898,6814,2273,4541,0.333578,54.492,15.8839,14,83.3333,35.592
Tfm-P,learned,123,27,600,10,1,10,val,1,0.476526,0.25,0.15,2966,2179,0.734659,2785,1419,0.509515,14.9262,15.6,1.7,0.603721,5914,2183,3731,0.369124,44.772,15.2522,13,83.3333,35.592
Tfm-P,learned,123,27,600,10,1,10,val,1,0.488387,0.25,0.15,2966,2090,0.704653,2785,1264,0.45386,13.871,13.05,1.3,0.570776,5182,2090,3092,0.403319,37.104,14.762,13,83.3333,35.592
Tfm-P,learned,123,27,600,10,1,10,val,1,0.490388,0.25,0.15,2966,2079,0.700944,2785,1243,0.44632,13.7008,12.5,1.2,0.565162,5064,2079,2985,0.410545,35.82,14.6325,13,83.3333,35.592
Tfm-P,learned,123,27,600,10,1,10,val,1,0.505447,0.25,0.15,2966,1955,0.659137,2785,1051,0.377379,12.6249,11,0.9,0.533922,4300,1956,2344,0.454884,28.128,13.9275,12,83.3333,35.592
Tfm-P,learned,123,27,600,10,1,10,val,1,0.521897,0.25,0.15,2966,1817,0.61261,2785,906,0.325314,11.7682,9.9,0.8,0.511922,3562,1819,1743,0.510668,20.916,13.1256,11,83.3333,35.592
Tfm-P,learned,123,27,600,10,1,10,val,1,0.541155,0.25,0.15,2966,1628,0.548887,2785,734,0.263555,10.7051,8.35,0.5,0.484195,2869,1633,1236,0.569188,14.832,12.4773,10,83.3333,35.592
Tfm-P,learned,123,27,600,10,1,10,val,1,0.564732,0.25,0.15,2966,1381,0.46561,2785,585,0.210054,10.1613,7.8,0.4,0.482567,2171,1384,787,0.637494,9.444,11.7471,10,83.3333,35.592
Tfm-P,learned,123,27,600,10,1,10,val,1,0.589852,0.25,0.15,2966,1137,0.383345,2785,433,0.155476,9.42524,7.1,0.4,0.47576,1600,1140,460,0.7125,5.52,11.3913,9,83.3333,35.592
Tfm-P,learned,123,27,600,10,1,10,val,1,0.617194,0.25,0.15,2966,859,0.289616,2785,287,0.103052,8.68754,6.7,0.4,0.479172,1114,863,251,0.774686,3.012,10.49,8,83.3333,35.592
Tfm-P,learned,123,27,600,10,1,10,val,1,0.64498,0.25,0.15,2966,616,0.207687,2785,145,0.0520646,7.36023,5.5,0.4,0.463381,713,616,97,0.863955,1.164,9.68041,7,83.3333,35.592
Tfm-P,learned,123,27,600,10,1,10,val,1,0.676013,0.25,0.15,2966,361,0.121713,2785,58,0.0208259,5.80499,4.4,0.1,0.46442,388,361,27,0.930412,0.324,10.2963,7,83.3333,35.592
Tfm-P,learned,123,27,600,10,1,10,val,1,0.7235,0.25,0.15,2966,108,0.0364127,2785,9,0.0032316,3.96852,2.85,0,0.589444,113,108,5,0.955752,0.06,8.2,8,83.3333,35.592
Tfm-P,learned,456,26,600,10,1,10,test,1,0.149198,1,0,3530,3519,0.996884,3389,3374,0.995574,27.3655,29.4,21,0.988457,95987,3775,92212,0.0393282,1106.54,8.44593,3,83.3333,42.36
Tfm-P,learned,456,26,600,10,1,10,test,1,0.253572,1,0,3530,3495,0.990085,3389,3341,0.985837,26.8519,29.3,18.5,0.970998,60537,4331,56206,0.071543,674.472,7.96445,3,83.3333,42.36
Tfm-P,learned,456,26,600,10,1,10,test,1,0.314787,1,0,3530,3477,0.984986,3389,3295,0.972263,26.2733,29.2,16.9,0.951198,49480,4731,44749,0.0956144,536.988,7.43507,3,83.3333,42.36
Tfm-P,learned,456,26,600,10,1,10,test,1,0.353447,1,0,3530,3442,0.975071,3389,3227,0.952198,25.6851,29.1,14.9,0.93144,43572,5147,38425,0.118126,461.1,6.93319,3,83.3333,42.36
Tfm-P,learned,456,26,600,10,1,10,test,1,0.379881,1,0,3530,3399,0.96289,3389,3155,0.930953,25.0838,28.7,13.3,0.911321,39798,5435,34363,0.136565,412.356,6.45721,3,83.3333,42.36
Tfm-P,learned,456,26,600,10,1,10,test,1,0.40088,1,0,3530,3342,0.946742,3389,3061,0.903216,24.4063,27.8,11.3,0.888932,36692,5565,31127,0.151668,373.524,5.97093,3,83.3333,42.36
Tfm-P,learned,456,26,600,10,1,10,test,1,0.418077,1,0,3530,3301,0.935127,3389,2987,0.881381,23.7143,26.6,10.3,0.865812,34146,5631,28515,0.16491,342.18,5.48638,3,83.3333,42.36
Tfm-P,learned,456,26,600,10,1,10,test,1,0.433699,1,0,3530,3253,0.92153,3389,2885,0.851284,22.9291,25.7,8.9,0.839487,31557,5697,25860,0.18053,310.32,5.05464,3,83.3333,42.36
Tfm-P,learned,456,26,600,10,1,10,test,1,0.448442,1,0,3530,3196,0.905382,3389,2776,0.819121,22.1372,24.7,7.4,0.813535,29016,5704,23312,0.196581,279.744,4.61728,2,83.3333,42.36
Tfm-P,learned,456,26,600,10,1,10,test,1,0.462791,1,0,3530,3131,0.886969,3389,2655,0.783417,21.2383,23.8,5.9,0.783845,26262,5634,20628,0.214531,247.536,4.21897,2,83.3333,42.36
Tfm-P,learned,456,26,600,10,1,10,test,1,0.477029,1,0,3530,3054,0.865156,3389,2513,0.741517,20.1978,22.8,4.8,0.749187,23731,5586,18145,0.235388,217.74,3.80816,2,83.3333,42.36
Tfm-P,learned,456,26,600,10,1,10,test,1,0.487564,1,0,3530,2991,0.847309,3389,2377,0.701387,19.3726,22.2,3.8,0.721533,21750,5470,16280,0.251494,195.36,3.52549,2,83.3333,42.36
Tfm-P,learned,456,26,600,10,1,10,test,1,0.491778,1,0,3530,2972,0.841926,3389,2334,0.688699,19.0182,21.9,3.61,0.709652,21013,5415,15598,0.257698,187.176,3.40627,2,83.3333,42.36
Tfm-P,learned,456,26,600,10,1,10,test,1,0.50713,1,0,3530,2867,0.812181,3389,2104,0.620832,17.5213,20.5,2.7,0.660021,18160,5186,12974,0.285573,155.688,3.06305,2,83.3333,42.36
Tfm-P,learned,456,26,600,10,1,10,test,1,0.52533,1,0,3530,2727,0.772521,3389,1788,0.527589,15.7543,16.2,2,0.60155,15100,4844,10256,0.320795,123.072,2.71704,1,83.3333,42.36
Tfm-P,learned,456,26,600,10,1,10,test,1,0.548187,1,0,3530,2531,0.716997,3389,1414,0.417232,13.8223,11.5,1.4,0.539565,12139,4550,7589,0.374825,91.068,2.4131,1,83.3333,42.36
Tfm-P,learned,456,26,600,10,1,10,test,1,0.576447,1,0,3530,2349,0.665439,3389,1149,0.339038,12.2897,9.5,1,0.490808,9898,4448,5450,0.449384,65.4,2.14385,1,83.3333,42.36
Tfm-P,learned,456,26,600,10,1,10,test,1,0.605811,1,0,3530,2175,0.616147,3389,986,0.290941,11.3633,8.5,0.7,0.460828,8210,4393,3817,0.535079,45.804,1.91983,1,83.3333,42.36
Tfm-P,learned,456,26,600,10,1,10,test,1,0.632832,1,0,3530,1976,0.559773,3389,830,0.24491,10.4609,7.4,0.5,0.433824,6512,4039,2473,0.62024,29.676,1.72584,1,83.3333,42.36
Tfm-P,learned,456,26,600,10,1,10,test,1,0.659607,1,0,3530,1654,0.468555,3389,609,0.179699,9.252,6,0.4,0.396269,4619,3266,1353,0.707079,16.236,1.60458,1,83.3333,42.36
Tfm-P,learned,456,26,600,10,1,10,test,1,0.690347,1,0,3530,1176,0.333144,3389,343,0.10121,7.68682,4.65,0.3,0.351769,2741,2158,583,0.787304,6.996,1.46141,1,83.3333,42.36
Tfm-P,learned,456,26,600,10,1,10,test,1,0.739152,1,0,3530,433,0.122663,3389,74,0.0218353,5.49746,3.1,0.1,0.312355,761,682,79,0.896189,0.948,1.37975,1,83.3333,42.36
Tfm-P,learned,456,26,600,10,1,10,val,1,0.149198,1,0,2966,2961,0.998314,2785,2778,0.997487,26.6574,29.4,17.1,0.986503,84513,3222,81291,0.0381243,975.492,8.12533,3,83.3333,35.592
Tfm-P,learned,456,26,600,10,1,10,val,1,0.253572,1,0,2966,2942,0.991908,2785,2743,0.984919,26.0289,29.3,14.21,0.965218,52730,3655,49075,0.0693154,588.9,7.65382,3,83.3333,35.592
Tfm-P,learned,456,26,600,10,1,10,val,1,0.314787,1,0,2966,2915,0.982805,2785,2685,0.964093,25.3919,29.2,12.04,0.943402,42436,3964,38472,0.0934113,461.664,7.15162,3,83.3333,35.592
Tfm-P,learned,456,26,600,10,1,10,val,1,0.353447,1,0,2966,2891,0.974713,2785,2628,0.943627,24.7538,29.1,10.8,0.921109,36879,4280,32599,0.116055,391.188,6.6887,3,83.3333,35.592
Tfm-P,learned,456,26,600,10,1,10,val,1,0.379881,1,0,2966,2861,0.964599,2785,2571,0.92316,24.1612,28.1,9.9,0.90144,33361,4534,28827,0.135907,345.924,6.21664,3,83.3333,35.592
Tfm-P,learned,456,26,600,10,1,10,val,1,0.40088,1,0,2966,2819,0.950438,2785,2497,0.896589,23.4723,26.9,9,0.878667,30330,4649,25681,0.153281,308.172,5.78907,3,83.3333,35.592
Tfm-P,learned,456,26,600,10,1,10,val,1,0.418077,1,0,2966,2783,0.938301,2785,2426,0.871095,22.7718,25.9,7.7,0.855161,28000,4734,23266,0.169071,279.192,5.35945,3,83.3333,35.592
Tfm-P,learned,456,26,600,10,1,10,val,1,0.433699,1,0,2966,2741,0.92414,2785,2345,0.842011,21.9867,25,6.7,0.828952,25692,4732,20960,0.184182,251.52,4.9531,3,83.3333,35.592
Tfm-P,learned,456,26,600,10,1,10,val,1,0.448442,1,0,2966,2677,0.902562,2785,2250,0.807899,21.2118,24.1,5.7,0.804227,23615,4736,18879,0.20055,226.548,4.52074,2,83.3333,35.592
Tfm-P,learned,456,26,600,10,1,10,val,1,0.462791,1,0,2966,2628,0.886042,2785,2153,0.77307,20.3493,23.3,4.7,0.776108,21269,4663,16606,0.219239,199.272,4.14543,2,83.3333,35.592
Tfm-P,learned,456,26,600,10,1,10,val,1,0.477029,1,0,2966,2561,0.863452,2785,2016,0.723878,19.2954,22.4,3.8,0.741493,18957,4516,14441,0.238223,173.292,3.7899,2,83.3333,35.592
Tfm-P,learned,456,26,600,10,1,10,val,1,0.487564,1,0,2966,2505,0.844572,2785,1913,0.686894,18.4576,21.6,3.4,0.713986,17410,4442,12968,0.255141,155.616,3.51265,2,83.3333,35.592
Tfm-P,learned,456,26,600,10,1,10,val,1,0.491778,1,0,2966,2477,0.835131,2785,1852,0.664991,17.9833,21.2,3.16,0.698692,16729,4388,12341,0.262299,148.092,3.42525,2,83.3333,35.592
Tfm-P,learned,456,26,600,10,1,10,val,1,0.50713,1,0,2966,2394,0.807148,2785,1665,0.597846,16.5931,19.35,2.6,0.653303,14595,4259,10336,0.291812,124.032,3.08011,2,83.3333,35.592
Tfm-P,learned,456,26,600,10,1,10,val,1,0.52533,1,0,2966,2285,0.770398,2785,1421,0.510233,14.9094,13.9,1.9,0.598916,12209,4002,8207,0.327791,98.484,2.77056,1,83.3333,35.592
Tfm-P,learned,456,26,600,10,1,10,val,1,0.548187,1,0,2966,2129,0.717802,2785,1147,0.411849,13.1225,10.8,1.3,0.543389,9897,3717,6180,0.375568,74.16,2.48252,1,83.3333,35.592
Tfm-P,learned,456,26,600,10,1,10,val,1,0.576447,1,0,2966,1972,0.664869,2785,917,0.329264,11.902,9.1,1,0.505497,8246,3649,4597,0.442518,55.164,2.18077,1,83.3333,35.592
Tfm-P,learned,456,26,600,10,1,10,val,1,0.605811,1,0,2966,1836,0.619016,2785,781,0.280431,10.987,7.6,0.7,0.475817,6887,3687,3200,0.535356,38.4,1.95469,1,83.3333,35.592
Tfm-P,learned,456,26,600,10,1,10,val,1,0.632832,1,0,2966,1678,0.565745,2785,663,0.238061,10.0131,6.55,0.4,0.444752,5549,3429,2120,0.617949,25.44,1.78019,1,83.3333,35.592
Tfm-P,learned,456,26,600,10,1,10,val,1,0.659607,1,0,2966,1437,0.484491,2785,511,0.183483,9.02714,5.6,0.3,0.418024,4090,2898,1192,0.708557,14.304,1.6745,1,83.3333,35.592
Tfm-P,learned,456,26,600,10,1,10,val,1,0.690347,1,0,2966,1072,0.36143,2785,300,0.10772,7.46819,4.45,0.2,0.372875,2438,1924,514,0.789171,6.168,1.56809,1,83.3333,35.592
Tfm-P,learned,456,26,600,10,1,10,val,1,0.739152,1,0,2966,459,0.154754,2785,76,0.027289,5.18932,2.6,0,0.3331,846,755,91,0.892435,1.092,1.51648,1,83.3333,35.592
Tfm-P,learned,456,26,600,10,1,10,test,1,0.149198,1,0.15,3530,3524,0.9983,3389,3379,0.997049,27.4283,29.4,21.4,0.990505,46546,3500,43046,0.0751944,516.552,34.2419,35,83.3333,42.36
Tfm-P,learned,456,26,600,10,1,10,test,1,0.253572,1,0.15,3530,3499,0.991218,3389,3346,0.987312,26.9362,29.4,18.68,0.973777,37540,3559,33981,0.0948055,407.772,17.8129,15,83.3333,42.36
Tfm-P,learned,456,26,600,10,1,10,test,1,0.314787,1,0.15,3530,3480,0.985836,3389,3298,0.973148,26.3845,29.3,17,0.954902,31334,3632,27702,0.115912,332.424,15.7551,13,83.3333,42.36
Tfm-P,learned,456,26,600,10,1,10,test,1,0.353447,1,0.15,3530,3451,0.97762,3389,3236,0.954854,25.8165,29.2,15,0.935716,27497,3682,23815,0.133906,285.78,14.8787,12,83.3333,42.36
Tfm-P,learned,456,26,600,10,1,10,test,1,0.379881,1,0.15,3530,3415,0.967422,3389,3171,0.935674,25.2136,29.1,13.44,0.915424,24902,3694,21208,0.148341,254.496,14.2572,11,83.3333,42.36
Tfm-P,learned,456,26,600,10,1,10,test,1,0.40088,1,0.15,3530,3363,0.952691,3389,3082,0.909413,24.5755,28.3,11.3,0.894255,22760,3674,19086,0.161424,229.032,13.7717,11,83.3333,42.36
Tfm-P,learned,456,26,600,10,1,10,test,1,0.418077,1,0.15,3530,3317,0.93966,3389,3004,0.886397,23.8973,27.1,10.36,0.871688,21009,3664,17345,0.174401,208.14,13.3069,11,83.3333,42.36
Tfm-P,learned,456,26,600,10,1,10,test,1,0.433699,1,0.15,3530,3269,0.926062,3389,2904,0.85689,23.1485,26,9,0.846602,19313,3618,15695,0.187335,188.34,12.8418,10,83.3333,42.36
Tfm-P,learned,456,26,600,10,1,10,test,1,0.448442,1,0.15,3530,3213,0.910198,3389,2799,0.825907,22.3953,25,7.7,0.821933,17683,3577,14106,0.202285,169.272,12.319,9,83.3333,42.36
Tfm-P,learned,456,26,600,10,1,10,test,1,0.462791,1,0.15,3530,3148,0.891785,3389,2679,0.790499,21.5025,24,6.1,0.792446,16071,3513,12558,0.218592,150.696,11.8214,9,83.3333,42.36
Tfm-P,learned,456,26,600,10,1,10,test,1,0.477029,1,0.15,3530,3072,0.870255,3389,2538,0.748893,20.4785,23,5,0.758308,14525,3463,11062,0.238417,132.744,11.2597,8,83.3333,42.36
Tfm-P,learned,456,26,600,10,1,10,test,1,0.487564,1,0.15,3530,3009,0.852408,3389,2403,0.709059,19.635,22.4,3.9,0.730031,13371,3387,9984,0.253309,119.808,10.7529,7,83.3333,42.36
Tfm-P,learned,456,26,600,10,1,10,test,1,0.491778,1,0.15,3530,2991,0.847309,3389,2363,0.697256,19.2976,22.1,3.7,0.718691,12959,3361,9598,0.259356,115.176,10.5143,7,83.3333,42.36
Tfm-P,learned,456,26,600,10,1,10,test,1,0.50713,1,0.15,3530,2884,0.816997,3389,2130,0.628504,17.8003,20.7,2.7,0.669084,11265,3219,8046,0.285752,96.552,9.82861,7,83.3333,42.36
Tfm-P,learned,456,26,600,10,1,10,test,1,0.52533,1,0.15,3530,2742,0.776771,3389,1812,0.534671,16.0179,16.6,2.1,0.610101,9514,3036,6478,0.319109,77.736,9.04369,6,83.3333,42.36
Tfm-P,learned,456,26,600,10,1,10,test,1,0.548187,1,0.15,3530,2545,0.720963,3389,1435,0.423429,14.0235,11.8,1.4,0.545975,7693,2789,4904,0.362537,58.848,8.0418,5,83.3333,42.36
Tfm-P,learned,456,26,600,10,1,10,test,1,0.576447,1,0.15,3530,2358,0.667989,3389,1164,0.343464,12.4495,9.7,1,0.49594,6163,2578,3585,0.418303,43.02,7.04881,4,83.3333,42.36
Tfm-P,learned,456,26,600,10,1,10,test,1,0.605811,1,0.15,3530,2185,0.61898,3389,1002,0.295662,11.5378,8.6,0.7,0.466399,5028,2410,2618,0.479316,31.416,6.2013,4,83.3333,42.36
Tfm-P,learned,456,26,600,10,1,10,test,1,0.632832,1,0.15,3530,1983,0.561756,3389,837,0.246976,10.5554,7.5,0.5,0.436714,3958,2181,1777,0.551036,21.324,5.44626,3,83.3333,42.36
Tfm-P,learned,456,26,600,10,1,10,test,1,0.659607,1,0.15,3530,1656,0.469122,3389,611,0.180289,9.29167,6,0.4,0.397512,2856,1810,1046,0.633754,12.552,4.80688,3,83.3333,42.36
Tfm-P,learned,456,26,600,10,1,10,test,1,0.690347,1,0.15,3530,1177,0.333428,3389,344,0.101505,7.71062,4.7,0.3,0.352492,1722,1266,456,0.735192,5.472,4.32237,3,83.3333,42.36
Tfm-P,learned,456,26,600,10,1,10,test,1,0.739152,1,0.15,3530,433,0.122663,3389,74,0.0218353,5.49746,3.1,0.1,0.312355,524,456,68,0.870229,0.816,3.77941,3,83.3333,42.36
Tfm-P,learned,456,26,600,10,1,10,val,1,0.149198,1,0.15,2966,2962,0.998651,2785,2780,0.998205,26.7283,29.4,17.21,0.988881,40702,2946,37756,0.0723797,453.072,34.6654,35,83.3333,35.592
Tfm-P,learned,456,26,600,10,1,10,val,1,0.253572,1,0.15,2966,2945,0.99292,2785,2748,0.986715,26.1133,29.3,14.34,0.967987,32763,3005,29758,0.0917193,357.096,17.2336,14,83.3333,35.592
Tfm-P,learned,456,26,600,10,1,10,val,1,0.314787,1,0.15,2966,2917,0.983479,2785,2688,0.965171,25.5004,29.2,12.1,0.947026,27026,3058,23968,0.11315,287.616,15.2102,12,83.3333,35.592
Tfm-P,learned,456,26,600,10,1,10,val,1,0.353447,1,0.15,2966,2897,0.976736,2785,2635,0.94614,24.858,29.1,10.8,0.924465,23466,3097,20369,0.131978,244.428,14.3508,11,83.3333,35.592
Tfm-P,learned,456,26,600,10,1,10,val,1,0.379881,1,0.15,2966,2871,0.96797,2785,2581,0.92675,24.2852,28.5,9.9,0.905341,20990,3117,17873,0.148499,214.476,13.8052,11,83.3333,35.592
Tfm-P,learned,456,26,600,10,1,10,val,1,0.40088,1,0.15,2966,2829,0.95381,2785,2509,0.900898,23.6234,27.2,9,0.883491,18964,3086,15878,0.162729,190.536,13.3305,10,83.3333,35.592
Tfm-P,learned,456,26,600,10,1,10,val,1,0.418077,1,0.15,2966,2794,0.942009,2785,2439,0.875763,22.9453,26.2,7.8,0.860711,17359,3047,14312,0.175529,171.744,12.8993,10,83.3333,35.592
Tfm-P,learned,456,26,600,10,1,10,val,1,0.433699,1,0.15,2966,2752,0.927849,2785,2358,0.846679,22.1895,25.2,6.8,0.835474,15867,3008,12859,0.189576,154.308,12.4628,9,83.3333,35.592
Tfm-P,learned,456,26,600,10,1,10,val,1,0.448442,1,0.15,2966,2688,0.906271,2785,2262,0.812208,21.4222,24.3,5.8,0.811007,14493,2967,11526,0.20472,138.312,12.0226,9,83.3333,35.592
Tfm-P,learned,456,26,600,10,1,10,val,1,0.462791,1,0.15,2966,2640,0.890088,2785,2168,0.778456,20.5713,23.5,4.8,0.783237,13127,2947,10180,0.224499,122.16,11.5797,8,83.3333,35.592
Tfm-P,learned,456,26,600,10,1,10,val,1,0.477029,1,0.15,2966,2571,0.866824,2785,2034,0.730341,19.5267,22.6,3.9,0.748987,11827,2888,8939,0.244187,107.268,10.9704,8,83.3333,35.592
Tfm-P,learned,456,26,600,10,1,10,val,1,0.487564,1,0.15,2966,2515,0.847943,2785,1931,0.693357,18.6935,21.8,3.5,0.72163,10854,2815,8039,0.259351,96.468,10.5333,7,83.3333,35.592
Tfm-P,learned,456,26,600,10,1,10,val,1,0.491778,1,0.15,2966,2486,0.838166,2785,1871,0.671813,18.2415,21.4,3.2,0.707111,10475,2773,7702,0.264726,92.424,10.3593,7,83.3333,35.592
Tfm-P,learned,456,26,600,10,1,10,val,1,0.50713,1,0.15,2966,2404,0.810519,2785,1679,0.602873,16.781,19.7,2.63,0.659292,9090,2663,6427,0.292959,77.124,9.82325,6,83.3333,35.592
Tfm-P,learned,456,26,600,10,1,10,val,1,0.52533,1,0.15,2966,2296,0.774107,2785,1438,0.516338,15.1164,14.1,2,0.605498,7745,2515,5230,0.324726,62.76,8.93805,6,83.3333,35.592
Tfm-P,learned,456,26,600,10,1,10,val,1,0.548187,1,0.15,2966,2137,0.720499,2785,1160,0.416517,13.2951,10.9,1.3,0.548856,6306,2311,3995,0.366476,47.94,7.88511,5,83.3333,35.592
Tfm-P,learned,456,26,600,10,1,10,val,1,0.576447,1,0.15,2966,1977,0.666554,2785,925,0.332136,12.0317,9.2,1,0.509638,5120,2157,2963,0.421289,35.556,6.99224,4,83.3333,35.592
Tfm-P,learned,456,26,600,10,1,10,val,1,0.605811,1,0.15,2966,1843,0.621376,2785,788,0.282944,11.0698,7.6,0.7,0.47825,4120,2006,2114,0.486893,25.368,6.31079,4,83.3333,35.592
Tfm-P,learned,456,26,600,10,1,10,val,1,0.632832,1,0.15,2966,1682,0.567094,2785,667,0.239497,10.0602,6.6,0.4,0.446113,3277,1822,1455,0.555996,17.46,5.78557,4,83.3333,35.592
Tfm-P,learned,456,26,600,10,1,10,val,1,0.659607,1,0.15,2966,1441,0.48584,2785,515,0.184919,9.08598,5.7,0.3,0.419733,2463,1576,887,0.63987,10.644,5.19955,3,83.3333,35.592
Tfm-P,learned,456,26,600,10,1,10,val,1,0.690347,1,0.15,2966,1072,0.36143,2785,300,0.10772,7.46912,4.45,0.2,0.372907,1578,1169,409,0.740811,4.908,4.62347,3,83.3333,35.592
Tfm-P,learned,456,26,600,10,1,10,val,1,0.739152,1,0.15,2966,459,0.154754,2785,76,0.027289,5.1915,2.6,0,0.333175,556,485,71,0.872302,0.852,5.12676,4,83.3333,35.592
Tfm-P,learned,456,26,600,10,1,10,test,1,0.149198,0.5,0,3530,3517,0.996317,3389,3371,0.994689,27.3249,29.4,20.9,0.987078,60961,3581,57380,0.0587425,688.56,13.3523,7,83.3333,42.36
Tfm-P,learned,456,26,600,10,1,10,test,1,0.253572,0.5,0,3530,3488,0.988102,3389,3326,0.98141,26.6603,29.3,18.2,0.964451,39773,3823,35950,0.0961205,431.4,12.0543,7,83.3333,42.36
Tfm-P,learned,456,26,600,10,1,10,test,1,0.314787,0.5,0,3530,3451,0.97762,3389,3253,0.95987,25.9306,29.2,15.9,0.939781,32539,4087,28452,0.125603,341.424,11.076,7,83.3333,42.36
Tfm-P,learned,456,26,600,10,1,10,test,1,0.353447,0.5,0,3530,3398,0.962606,3389,3153,0.930363,25.1121,28.6,13.8,0.912419,28690,4289,24401,0.149495,292.812,10.2102,7,83.3333,42.36
Tfm-P,learned,456,26,600,10,1,10,test,1,0.379881,0.5,0,3530,3337,0.945326,3389,3051,0.900266,24.3348,27.6,11.4,0.886602,26269,4465,21804,0.169972,261.648,9.41116,6,83.3333,42.36
Tfm-P,learned,456,26,600,10,1,10,test,1,0.40088,0.5,0,3530,3276,0.928045,3389,2942,0.868103,23.4605,26.3,9.8,0.85743,24305,4515,19790,0.185764,237.48,8.59348,5,83.3333,42.36
Tfm-P,learned,456,26,600,10,1,10,test,1,0.418077,0.5,0,3530,3225,0.913598,3389,2835,0.83653,22.6383,25.3,8.5,0.830041,22435,4565,17870,0.203477,214.44,7.94494,5,83.3333,42.36
Tfm-P,learned,456,26,600,10,1,10,test,1,0.433699,0.5,0,3530,3161,0.895467,3389,2720,0.802597,21.7938,24.3,7,0.802226,20490,4547,15943,0.221913,191.316,7.35401,5,83.3333,42.36
Tfm-P,learned,456,26,600,10,1,10,test,1,0.448442,0.5,0,3530,3097,0.877337,3389,2590,0.764237,20.8845,23.4,5.4,0.772012,18519,4470,14049,0.241374,168.588,6.79536,4,83.3333,42.36
Tfm-P,learned,456,26,600,10,1,10,test,1,0.462791,0.5,0,3530,2997,0.849008,3389,2423,0.71496,19.8375,22.6,4.2,0.737889,16631,4347,12284,0.261379,147.408,6.21304,4,83.3333,42.36
Tfm-P,learned,456,26,600,10,1,10,test,1,0.477029,0.5,0,3530,2911,0.824646,3389,2247,0.663027,18.6003,21.6,3.1,0.696512,14546,4188,10358,0.287914,124.296,5.74725,4,83.3333,42.36
Tfm-P,learned,456,26,600,10,1,10,test,1,0.487564,0.5,0,3530,2830,0.8017,3389,2092,0.617291,17.6429,20.7,2.49,0.665051,13033,4021,9012,0.308525,108.144,5.38881,3,83.3333,42.36
Tfm-P,learned,456,26,600,10,1,10,test,1,0.491778,0.5,0,3530,2805,0.794618,3389,2026,0.597816,17.2314,20.4,2.2,0.651191,12483,3968,8515,0.317872,102.18,5.25214,3,83.3333,42.36
Tfm-P,learned,456,26,600,10,1,10,test,1,0.50713,0.5,0,3530,2657,0.752691,3389,1746,0.515196,15.6308,16.8,1.6,0.599478,10392,3657,6735,0.351905,80.82,4.84202,3,83.3333,42.36
Tfm-P,learned,456,26,600,10,1,10,test,1,0.52533,0.5,0,3530,2478,0.701983,3389,1416,0.417822,13.8827,12.1,1.1,0.543305,8231,3316,4915,0.402867,58.98,4.4708,3,83.3333,42.36
Tfm-P,learned,456,26,600,10,1,10,test,1,0.548187,0.5,0,3530,2281,0.646176,3389,1139,0.336087,12.3278,9.9,0.6,0.494848,6422,3021,3401,0.470414,40.812,4.08292,3,83.3333,42.36
Tfm-P,learned,456,26,600,10,1,10,test,1,0.576447,0.5,0,3530,2017,0.571388,3389,908,0.267926,11.0988,8.3,0.5,0.460192,5001,2797,2204,0.559288,26.448,3.62886,2,83.3333,42.36
Tfm-P,learned,456,26,600,10,1,10,test,1,0.605811,0.5,0,3530,1734,0.491218,3389,740,0.218353,10.4619,7.7,0.3,0.445727,3857,2558,1299,0.66321,15.588,3.22325,2,83.3333,42.36
Tfm-P,learned,456,26,600,10,1,10,test,1,0.632832,0.5,0,3530,1429,0.404816,3389,540,0.159339,9.40294,6.8,0.3,0.419494,2824,2107,717,0.746105,8.604,2.91632,2,83.3333,42.36
Tfm-P,learned,456,26,600,10,1,10,test,1,0.659607,0.5,0,3530,1052,0.298017,3389,337,0.0994394,8.29259,5.5,0.3,0.393375,1894,1555,339,0.821014,4.068,2.75516,2,83.3333,42.36
Tfm-P,learned,456,26,600,10,1,10,test,1,0.690347,0.5,0,3530,626,0.177337,3389,154,0.0454411,6.92396,4,0.2,0.373549,1032,917,115,0.888566,1.38,2.56522,2,83.3333,42.36
Tfm-P,learned,456,26,600,10,1,10,test,1,0.739152,0.5,0,3530,185,0.0524079,3389,10,0.00295072,3.95189,2,0.24,0.328488,257,236,21,0.918288,0.252,1.33333,1,83.3333,42.36
Tfm-P,learned,456,26,600,10,1,10,val,1,0.149198,0.5,0,2966,2960,0.997977,2785,2776,0.996768,26.6057,29.4,16.89,0.984751,53558,3024,50534,0.0564622,606.408,12.8751,7,83.3333,35.592
Tfm-P,learned,456,26,600,10,1,10,val,1,0.253572,0.5,0,2966,2932,0.988537,2785,2722,0.977379,25.8161,29.3,13.7,0.958098,34537,3244,31293,0.0939283,375.516,11.5938,7,83.3333,35.592
Tfm-P,learned,456,26,600,10,1,10,val,1,0.314787,0.5,0,2966,2898,0.977073,2785,2647,0.950449,24.9678,29.1,10.97,0.92911,27753,3404,24349,0.122653,292.188,10.6645,7,83.3333,35.592
Tfm-P,learned,456,26,600,10,1,10,val,1,0.353447,0.5,0,2966,2861,0.964599,2785,2567,0.921724,24.1235,28,9.7,0.900201,24174,3614,20560,0.149499,246.72,9.86318,6,83.3333,35.592
Tfm-P,learned,456,26,600,10,1,10,val,1,0.379881,0.5,0,2966,2813,0.948415,2785,2486,0.892639,23.3379,26.8,8.52,0.874215,21867,3687,18180,0.16861,218.16,9.06293,6,83.3333,35.592
Tfm-P,learned,456,26,600,10,1,10,val,1,0.40088,0.5,0,2966,2756,0.929198,2785,2383,0.855655,22.5483,25.6,7.5,0.848412,19992,3747,16245,0.187425,194.94,8.35709,5,83.3333,35.592
Tfm-P,learned,456,26,600,10,1,10,val,1,0.418077,0.5,0,2966,2689,0.906608,2785,2271,0.81544,21.7288,24.7,6.2,0.82178,18204,3763,14441,0.206713,173.292,7.80015,5,83.3333,35.592
Tfm-P,learned,456,26,600,10,1,10,val,1,0.433699,0.5,0,2966,2621,0.883682,2785,2164,0.77702,20.914,23.9,5.2,0.795406,16572,3732,12840,0.225199,154.08,7.23988,5,83.3333,35.592
Tfm-P,learned,456,26,600,10,1,10,val,1,0.448442,0.5,0,2966,2562,0.86379,2785,2061,0.740036,20.0062,23,4.31,0.765762,15021,3679,11342,0.244924,136.104,6.67307,4,83.3333,35.592
Tfm-P,learned,456,26,600,10,1,10,val,1,0.462791,0.5,0,2966,2497,0.841875,2785,1925,0.691203,18.8934,22,3.4,0.729469,13312,3594,9718,0.269982,116.616,6.19634,4,83.3333,35.592
Tfm-P,learned,456,26,600,10,1,10,val,1,0.477029,0.5,0,2966,2418,0.815239,2785,1771,0.635907,17.6833,21.1,2.7,0.690432,11626,3428,8198,0.294856,98.376,5.7503,3,83.3333,35.592
Tfm-P,learned,456,26,600,10,1,10,val,1,0.487564,0.5,0,2966,2352,0.792987,2785,1642,0.589587,16.7165,20,2.3,0.659137,10402,3290,7112,0.316285,85.344,5.4536,3,83.3333,35.592
Tfm-P,learned,456,26,600,10,1,10,val,1,0.491778,0.5,0,2966,2327,0.784558,2785,1597,0.573429,16.3839,19.5,2.2,0.648451,9938,3246,6692,0.326625,80.304,5.34773,3,83.3333,35.592
Tfm-P,learned,456,26,600,10,1,10,val,1,0.50713,0.5,0,2966,2214,0.74646,2785,1379,0.495153,14.835,14.65,1.6,0.598841,8309,3001,5308,0.361175,63.696,4.9546,3,83.3333,35.592
Tfm-P,learned,456,26,600,10,1,10,val,1,0.52533,0.5,0,2966,2062,0.695212,2785,1137,0.408259,13.2464,11.2,1,0.550012,6697,2752,3945,0.41093,47.34,4.60304,3,83.3333,35.592
Tfm-P,learned,456,26,600,10,1,10,val,1,0.548187,0.5,0,2966,1898,0.639919,2785,903,0.324237,11.7981,9.3,0.7,0.506522,5293,2475,2818,0.467599,33.816,4.20511,2,83.3333,35.592
Tfm-P,learned,456,26,600,10,1,10,val,1,0.576447,0.5,0,2966,1712,0.577208,2785,742,0.266427,10.7874,7.6,0.4,0.478641,4193,2320,1873,0.553303,22.476,3.78217,2,83.3333,35.592
Tfm-P,learned,456,26,600,10,1,10,val,1,0.605811,0.5,0,2966,1485,0.500674,2785,601,0.215799,9.99946,6.9,0.3,0.458906,3329,2195,1134,0.659357,13.608,3.39771,2,83.3333,35.592
Tfm-P,learned,456,26,600,10,1,10,val,1,0.632832,0.5,0,2966,1242,0.418746,2785,469,0.168402,9.33792,6.35,0.2,0.448494,2578,1883,695,0.730411,8.34,2.86906,2,83.3333,35.592
Tfm-P,learned,456,26,600,10,1,10,val,1,0.659607,0.5,0,2966,960,0.323668,2785,308,0.110592,8.24448,5.9,0.2,0.429962,1759,1435,324,0.815804,3.888,2.73765,2,83.3333,35.592
Tfm-P,learned,456,26,600,10,1,10,val,1,0.690347,0.5,0,2966,588,0.198247,2785,136,0.048833,6.69813,4.05,0.1,0.405588,943,838,105,0.888653,1.26,2.82857,2,83.3333,35.592
Tfm-P,learned,456,26,600,10,1,10,val,1,0.739152,0.5,0,2966,192,0.0647336,2785,17,0.00610413,4.6,2.85,0,0.4112,272,252,20,0.926471,0.24,2.65,2,83.3333,35.592
Tfm-P,learned,456,26,600,10,1,10,test,1,0.149198,0.5,0.15,3530,3523,0.998017,3389,3377,0.996459,27.3775,29.4,21,0.988767,41622,3499,38123,0.0840661,457.476,34.4261,35,83.3333,42.36
Tfm-P,learned,456,26,600,10,1,10,test,1,0.253572,0.5,0.15,3530,3493,0.989518,3389,3334,0.983771,26.7604,29.3,18.2,0.967755,29053,3481,25572,0.119816,306.864,22.8287,22,83.3333,42.36
Tfm-P,learned,456,26,600,10,1,10,test,1,0.314787,0.5,0.15,3530,3461,0.980453,3389,3263,0.962821,26.0068,29.2,15.9,0.942188,23938,3479,20459,0.145334,245.508,20.2288,19,83.3333,42.36
Tfm-P,learned,456,26,600,10,1,10,test,1,0.353447,0.5,0.15,3530,3409,0.965722,3389,3164,0.933609,25.2166,28.9,13.9,0.915751,20922,3444,17478,0.164611,209.736,18.8729,18,83.3333,42.36
Tfm-P,learned,456,26,600,10,1,10,test,1,0.379881,0.5,0.15,3530,3352,0.949575,3389,3066,0.904692,24.4598,27.9,11.5,0.890544,18821,3409,15412,0.181127,184.944,18.0526,17,83.3333,42.36
Tfm-P,learned,456,26,600,10,1,10,test,1,0.40088,0.5,0.15,3530,3291,0.932295,3389,2958,0.872824,23.6284,26.6,9.9,0.862808,17150,3375,13775,0.196793,165.3,17.3685,17,83.3333,42.36
Tfm-P,learned,456,26,600,10,1,10,test,1,0.418077,0.5,0.15,3530,3244,0.91898,3389,2858,0.843317,22.8202,25.6,8.7,0.835807,15718,3331,12387,0.211923,148.644,16.7123,16,83.3333,42.36
Tfm-P,learned,456,26,600,10,1,10,test,1,0.433699,0.5,0.15,3530,3178,0.900283,3389,2743,0.809383,21.9785,24.5,7.2,0.808127,14347,3287,11060,0.229107,132.72,16.0229,15,83.3333,42.36
Tfm-P,learned,456,26,600,10,1,10,test,1,0.448442,0.5,0.15,3530,3113,0.88187,3389,2610,0.770139,21.0767,23.6,5.42,0.77818,12999,3233,9766,0.248711,117.192,15.3846,14,83.3333,42.36
Tfm-P,learned,456,26,600,10,1,10,test,1,0.462791,0.5,0.15,3530,3016,0.854391,3389,2447,0.722042,20.0355,22.7,4.3,0.744176,11640,3128,8512,0.268729,102.144,14.7527,13,83.3333,42.36
Tfm-P,learned,456,26,600,10,1,10,test,1,0.477029,0.5,0.15,3530,2933,0.830878,3389,2273,0.670699,18.8161,21.7,3.12,0.703297,10269,3049,7220,0.296913,86.64,14.0697,12,83.3333,42.36
Tfm-P,learned,456,26,600,10,1,10,test,1,0.487564,0.5,0.15,3530,2852,0.807932,3389,2121,0.625848,17.8737,20.9,2.5,0.672321,9270,2958,6312,0.319094,75.744,13.6141,12,83.3333,42.36
Tfm-P,learned,456,26,600,10,1,10,test,1,0.491778,0.5,0.15,3530,2827,0.80085,3389,2055,0.606374,17.4589,20.5,2.3,0.658342,8875,2933,5942,0.330479,71.304,13.4636,12,83.3333,42.36
Tfm-P,learned,456,26,600,10,1,10,test,1,0.50713,0.5,0.15,3530,2676,0.758074,3389,1767,0.521393,15.8185,17.25,1.7,0.605314,7496,2761,4735,0.36833,56.82,12.736,11,83.3333,42.36
Tfm-P,learned,456,26,600,10,1,10,test,1,0.52533,0.5,0.15,3530,2498,0.707649,3389,1440,0.424904,14.097,12.4,1.1,0.549941,6085,2560,3525,0.420707,42.3,11.8689,10,83.3333,42.36
Tfm-P,learned,456,26,600,10,1,10,test,1,0.548187,0.5,0.15,3530,2292,0.649292,3389,1152,0.339923,12.4595,10.05,0.6,0.498922,4777,2342,2435,0.490266,29.22,10.8653,8,83.3333,42.36
Tfm-P,learned,456,26,600,10,1,10,test,1,0.576447,0.5,0.15,3530,2026,0.573938,3389,918,0.270876,11.2077,8.4,0.5,0.463489,3653,2078,1575,0.568848,18.9,10.1994,8,83.3333,42.36
Tfm-P,learned,456,26,600,10,1,10,test,1,0.605811,0.5,0.15,3530,1738,0.492351,3389,744,0.219534,10.5184,7.8,0.3,0.447417,2732,1771,961,0.648243,11.532,9.35276,7,83.3333,42.36
Tfm-P,learned,456,26,600,10,1,10,test,1,0.632832,0.5,0.15,3530,1432,0.405666,3389,543,0.160224,9.45161,6.8,0.3,0.420921,1978,1448,530,0.732053,6.36,8.70189,7,83.3333,42.36
Tfm-P,learned,456,26,600,10,1,10,test,1,0.659607,0.5,0.15,3530,1053,0.2983,3389,338,0.0997344,8.31766,5.5,0.3,0.394112,1315,1063,252,0.808365,3.024,8.18651,6,83.3333,42.36
Tfm-P,learned,456,26,600,10,1,10,test,1,0.690347,0.5,0.15,3530,626,0.177337,3389,154,0.0454411,6.92396,4,0.2,0.373549,724,632,92,0.872928,1.104,7.29348,6,83.3333,42.36
Tfm-P,learned,456,26,600,10,1,10,test,1,0.739152,0.5,0.15,3530,185,0.0524079,3389,10,0.00295072,3.95189,2,0.24,0.328488,204,185,19,0.906863,0.228,5.15789,4,83.3333,42.36
Tfm-P,learned,456,26,600,10,1,10,val,1,0.149198,0.5,0.15,2966,2962,0.998651,2785,2778,0.997487,26.6544,29.4,16.9,0.986345,36361,2946,33415,0.0810209,400.98,34.9076,36,83.3333,35.592
Tfm-P,learned,456,26,600,10,1,10,val,1,0.253572,0.5,0.15,2966,2935,0.989548,2785,2727,0.979174,25.9082,29.3,13.84,0.961116,25119,2931,22188,0.116685,266.256,22.3316,21,83.3333,35.592
Tfm-P,learned,456,26,600,10,1,10,val,1,0.314787,0.5,0.15,2966,2901,0.978085,2785,2651,0.951885,25.0635,29.1,11.1,0.932264,20534,2919,17615,0.142154,211.38,19.57,18,83.3333,35.592
Tfm-P,learned,456,26,600,10,1,10,val,1,0.353447,0.5,0.15,2966,2871,0.96797,2785,2577,0.925314,24.2214,28.3,9.7,0.903217,17740,2904,14836,0.163698,178.032,18.3396,17,83.3333,35.592
Tfm-P,learned,456,26,600,10,1,10,val,1,0.379881,0.5,0.15,2966,2819,0.950438,2785,2493,0.895153,23.4552,27,8.68,0.878018,15842,2868,12974,0.181038,155.688,17.4771,17,83.3333,35.592
Tfm-P,learned,456,26,600,10,1,10,val,1,0.40088,0.5,0.15,2966,2765,0.932232,2785,2393,0.859246,22.6806,25.8,7.5,0.852613,14271,2828,11443,0.198164,137.316,16.7772,16,83.3333,35.592
Tfm-P,learned,456,26,600,10,1,10,val,1,0.418077,0.5,0.15,2966,2698,0.909643,2785,2281,0.819031,21.8458,24.85,6.27,0.825455,12945,2773,10172,0.214214,122.064,16.1993,15,83.3333,35.592
Tfm-P,learned,456,26,600,10,1,10,val,1,0.433699,0.5,0.15,2966,2633,0.887728,2785,2176,0.781329,21.0689,24.1,5.2,0.800257,11734,2708,9026,0.230782,108.312,15.6588,14,83.3333,35.592
Tfm-P,learned,456,26,600,10,1,10,val,1,0.448442,0.5,0.15,2966,2573,0.867498,2785,2076,0.745422,20.1579,23.1,4.4,0.770545,10580,2656,7924,0.25104,95.088,15.1371,14,83.3333,35.592
Tfm-P,learned,456,26,600,10,1,10,val,1,0.462791,0.5,0.15,2966,2508,0.845583,2785,1943,0.697666,19.0836,22.2,3.5,0.735535,9396,2592,6804,0.275862,81.648,14.5607,13,83.3333,35.592
Tfm-P,learned,456,26,600,10,1,10,val,1,0.477029,0.5,0.15,2966,2428,0.818611,2785,1789,0.64237,17.8758,21.2,2.7,0.69658,8253,2504,5749,0.303405,68.988,14.0118,12,83.3333,35.592
Tfm-P,learned,456,26,600,10,1,10,val,1,0.487564,0.5,0.15,2966,2365,0.79737,2785,1658,0.595332,16.8632,20.1,2.3,0.663606,7418,2432,4986,0.327851,59.832,13.6484,12,83.3333,35.592
Tfm-P,learned,456,26,600,10,1,10,val,1,0.491778,0.5,0.15,2966,2338,0.788267,2785,1611,0.578456,16.5255,19.7,2.2,0.652811,7113,2409,4704,0.338676,56.448,13.4369,11,83.3333,35.592
Tfm-P,learned,456,26,600,10,1,10,val,1,0.50713,0.5,0.15,2966,2226,0.750506,2785,1394,0.500539,14.9862,15.05,1.6,0.603444,6032,2284,3748,0.378647,44.976,12.7818,11,83.3333,35.592
Tfm-P,learned,456,26,600,10,1,10,val,1,0.52533,0.5,0.15,2966,2069,0.697572,2785,1148,0.412208,13.3846,11.4,1,0.554337,4932,2128,2804,0.431468,33.648,12.0503,10,83.3333,35.592
Tfm-P,learned,456,26,600,10,1,10,val,1,0.548187,0.5,0.15,2966,1907,0.642953,2785,916,0.328905,11.972,9.4,0.7,0.511907,3963,1957,2006,0.493818,24.072,10.8794,8,83.3333,35.592
Tfm-P,learned,456,26,600,10,1,10,val,1,0.576447,0.5,0.15,2966,1716,0.578557,2785,748,0.268582,10.877,7.8,0.4,0.481409,3072,1750,1322,0.569661,15.864,10.2201,8,83.3333,35.592
Tfm-P,learned,456,26,600,10,1,10,val,1,0.605811,0.5,0.15,2966,1489,0.502023,2785,606,0.217594,10.0704,6.9,0.3,0.460999,2336,1522,814,0.651541,9.768,9.59582,7,83.3333,35.592
Tfm-P,learned,456,26,600,10,1,10,val,1,0.632832,0.5,0.15,2966,1245,0.419757,2785,472,0.169479,9.38635,6.4,0.2,0.449823,1764,1266,498,0.717687,5.976,8.74498,7,83.3333,35.592
Tfm-P,learned,456,26,600,10,1,10,val,1,0.659607,0.5,0.15,2966,961,0.324005,2785,309,0.110952,8.26639,5.9,0.2,0.430555,1233,973,260,0.789132,3.12,7.71538,6,83.3333,35.592
Tfm-P,learned,456,26,600,10,1,10,val,1,0.690347,0.5,0.15,2966,588,0.198247,2785,136,0.048833,6.69983,4.05,0.1,0.405647,678,592,86,0.873156,1.032,7.0814,5,83.3333,35.592
Tfm-P,learned,456,26,600,10,1,10,val,1,0.739152,0.5,0.15,2966,193,0.0650708,2785,18,0.0064632,4.72746,2.9,0,0.414251,208,193,15,0.927885,0.18,8.13333,6,83.3333,35.592
Tfm-P,learned,456,26,600,10,1,10,test,1,0.149198,0.25,0,3530,3515,0.995751,3389,3368,0.993803,27.2455,29.4,20.6,0.984424,46076,3527,42549,0.0765474,510.588,17.683,14,83.3333,42.36
Tfm-P,learned,456,26,600,10,1,10,test,1,0.253572,0.25,0,3530,3468,0.982436,3389,3294,0.971968,26.21,29.1,17.37,0.94939,30167,3609,26558,0.119634,318.696,15.515,13,83.3333,42.36
Tfm-P,learned,456,26,600,10,1,10,test,1,0.314787,0.25,0,3530,3383,0.958357,3389,3154,0.930658,24.9469,27.9,14.12,0.907384,24211,3670,20541,0.151584,246.492,14.1253,11,83.3333,42.36
Tfm-P,learned,456,26,600,10,1,10,test,1,0.353447,0.25,0,3530,3305,0.936261,3389,3016,0.889938,23.7455,26.4,11.1,0.86736,20990,3741,17249,0.178228,206.988,12.936,10,83.3333,42.36
Tfm-P,learned,456,26,600,10,1,10,test,1,0.379881,0.25,0,3530,3239,0.917564,3389,2891,0.853054,22.6303,25.1,9.3,0.830194,19015,3800,15215,0.199842,182.58,11.7781,8,83.3333,42.36
Tfm-P,learned,456,26,600,10,1,10,test,1,0.40088,0.25,0,3530,3145,0.890935,3389,2723,0.803482,21.5987,23.9,7.5,0.796277,17198,3805,13393,0.221247,160.716,10.8287,7,83.3333,42.36
Tfm-P,learned,456,26,600,10,1,10,test,1,0.418077,0.25,0,3530,3052,0.864589,3389,2573,0.759221,20.5783,23,5.71,0.762982,15468,3761,11707,0.243147,140.484,10.0909,7,83.3333,42.36
Tfm-P,learned,456,26,600,10,1,10,test,1,0.433699,0.25,0,3530,2976,0.843059,3389,2412,0.711714,19.46,22.1,4.3,0.725754,13779,3680,10099,0.267073,121.188,9.44569,6,83.3333,42.36
Tfm-P,learned,456,26,600,10,1,10,test,1,0.448442,0.25,0,3530,2875,0.814448,3389,2236,0.659782,18.2717,21,3.2,0.686716,12065,3504,8561,0.290427,102.732,8.85854,6,83.3333,42.36
Tfm-P,learned,456,26,600,10,1,10,test,1,0.462791,0.25,0,3530,2751,0.77932,3389,2011,0.59339,17.0893,20.1,2.4,0.648759,10518,3357,7161,0.319167,85.932,8.25779,5,83.3333,42.36
Tfm-P,learned,456,26,600,10,1,10,test,1,0.477029,0.25,0,3530,2622,0.742776,3389,1770,0.522278,15.7948,18.2,1.8,0.606771,8940,3147,5793,0.352013,69.516,7.73088,5,83.3333,42.36
Tfm-P,learned,456,26,600,10,1,10,test,1,0.487564,0.25,0,3530,2533,0.717564,3389,1620,0.478017,14.9037,15.7,1.3,0.578145,7921,3005,4916,0.379371,58.992,7.31591,5,83.3333,42.36
Tfm-P,learned,456,26,600,10,1,10,test,1,0.491778,0.25,0,3530,2482,0.703116,3389,1544,0.455592,14.5759,14.8,1.3,0.568321,7450,2950,4500,0.395973,54,7.30333,5,83.3333,42.36
Tfm-P,learned,456,26,600,10,1,10,test,1,0.50713,0.25,0,3530,2297,0.650708,3389,1298,0.383004,13.3532,12.1,1,0.531297,6071,2684,3387,0.442102,40.644,6.92648,4,83.3333,42.36
Tfm-P,learned,456,26,600,10,1,10,test,1,0.52533,0.25,0,3530,2088,0.591501,3389,1067,0.314842,12.1713,10.3,0.7,0.496666,4827,2394,2433,0.49596,29.196,6.46938,4,83.3333,42.36
Tfm-P,learned,456,26,600,10,1,10,test,1,0.548187,0.25,0,3530,1850,0.524079,3389,853,0.251697,11.0869,8.7,0.4,0.468382,3720,2098,1622,0.563978,19.464,5.89026,4,83.3333,42.36
Tfm-P,learned,456,26,600,10,1,10,test,1,0.576447,0.25,0,3530,1516,0.429462,3389,675,0.199174,10.6303,8.2,0.4,0.468783,2801,1798,1003,0.641914,12.036,5.14556,3,83.3333,42.36
Tfm-P,learned,456,26,600,10,1,10,test,1,0.605811,0.25,0,3530,1188,0.336544,3389,497,0.146651,10.0449,7.9,0.4,0.466168,1956,1461,495,0.746933,5.94,4.83838,3,83.3333,42.36
Tfm-P,learned,456,26,600,10,1,10,test,1,0.632832,0.25,0,3530,912,0.258357,3389,341,0.10062,8.9989,6.8,0.5,0.451203,1393,1146,247,0.822685,2.964,4.4413,3,83.3333,42.36
Tfm-P,learned,456,26,600,10,1,10,test,1,0.659607,0.25,0,3530,600,0.169972,3389,178,0.0525229,7.6295,5.3,0.4,0.434007,868,751,117,0.865207,1.404,3.83761,2,83.3333,42.36
Tfm-P,learned,456,26,600,10,1,10,test,1,0.690347,0.25,0,3530,334,0.0946176,3389,59,0.0174093,6.12934,4.35,0.2,0.427901,437,407,30,0.93135,0.36,3.76667,3,83.3333,42.36
Tfm-P,learned,456,26,600,10,1,10,test,1,0.739152,0.25,0,3530,84,0.023796,3389,3,0.000885217,3.66905,2.4,0.23,0.475017,94,91,3,0.968085,0.036,1.33333,1,83.3333,42.36
Tfm-P,learned,456,26,600,10,1,10,val,1,0.149198,0.25,0,2966,2956,0.996628,2785,2772,0.995332,26.5059,29.4,16.7,0.981487,40204,2979,37225,0.0740971,446.7,17.21,13,83.3333,35.592
Tfm-P,learned,456,26,600,10,1,10,val,1,0.253572,0.25,0,2966,2904,0.979096,2785,2681,0.962657,25.3313,29.1,12.6,0.942207,26102,3047,23055,0.116734,276.66,14.9533,12,83.3333,35.592
Tfm-P,learned,456,26,600,10,1,10,val,1,0.314787,0.25,0,2966,2854,0.962239,2785,2573,0.923878,23.9651,27.4,10.1,0.895865,20586,3077,17509,0.149471,210.108,13.5855,10,83.3333,35.592
Tfm-P,learned,456,26,600,10,1,10,val,1,0.353447,0.25,0,2966,2766,0.932569,2785,2435,0.874327,22.7975,25.75,8.2,0.857628,17642,3127,14515,0.177247,174.18,12.4449,9,83.3333,35.592
Tfm-P,learned,456,26,600,10,1,10,val,1,0.379881,0.25,0,2966,2674,0.901551,2785,2288,0.821544,21.7533,24.4,6.9,0.824083,15625,3137,12488,0.200768,149.856,11.4951,8,83.3333,35.592
Tfm-P,learned,456,26,600,10,1,10,val,1,0.40088,0.25,0,2966,2598,0.875927,2785,2162,0.776302,20.7022,23.4,5.47,0.789865,13989,3106,10883,0.222032,130.596,10.6032,7,83.3333,35.592
Tfm-P,learned,456,26,600,10,1,10,val,1,0.418077,0.25,0,2966,2543,0.857384,2785,2061,0.740036,19.6924,22.4,4.4,0.756328,12552,3086,9466,0.245857,113.592,9.8933,7,83.3333,35.592
Tfm-P,learned,456,26,600,10,1,10,val,1,0.433699,0.25,0,2966,2443,0.823668,2785,1901,0.682585,18.6219,21.5,3.5,0.722417,11036,3002,8034,0.272019,96.408,9.38362,6,83.3333,35.592
Tfm-P,learned,456,26,600,10,1,10,val,1,0.448442,0.25,0,2966,2362,0.796359,2785,1749,0.628007,17.4917,20.6,2.51,0.686306,9676,2913,6763,0.301054,81.156,8.87269,6,83.3333,35.592
Tfm-P,learned,456,26,600,10,1,10,val,1,0.462791,0.25,0,2966,2277,0.767701,2785,1582,0.568043,16.2022,19.3,1.9,0.644992,8297,2758,5539,0.332409,66.468,8.44503,5,83.3333,35.592
Tfm-P,learned,456,26,600,10,1,10,val,1,0.477029,0.25,0,2966,2165,0.729939,2785,1392,0.49982,14.9862,16.7,1.4,0.607668,7151,2607,4544,0.364564,54.528,7.90801,5,83.3333,35.592
Tfm-P,learned,456,26,600,10,1,10,val,1,0.487564,0.25,0,2966,2074,0.699258,2785,1256,0.450987,14.0828,13.65,1.2,0.579999,6263,2452,3811,0.391506,45.732,7.66361,5,83.3333,35.592
Tfm-P,learned,456,26,600,10,1,10,val,1,0.491778,0.25,0,2966,2040,0.687795,2785,1209,0.434111,13.8637,13.25,1.1,0.57387,5992,2421,3571,0.404039,42.852,7.52002,5,83.3333,35.592
Tfm-P,learned,456,26,600,10,1,10,val,1,0.50713,0.25,0,2966,1927,0.649697,2785,1035,0.371634,12.668,11.1,0.8,0.537189,4966,2228,2738,0.448651,32.856,7.09569,5,83.3333,35.592
Tfm-P,learned,456,26,600,10,1,10,val,1,0.52533,0.25,0,2966,1777,0.599123,2785,875,0.314183,11.6724,9.6,0.5,0.509769,4058,2041,2017,0.502957,24.204,6.62717,4,83.3333,35.592
Tfm-P,learned,456,26,600,10,1,10,val,1,0.548187,0.25,0,2966,1557,0.524949,2785,719,0.258169,10.9049,8.5,0.3,0.49556,3134,1763,1371,0.56254,16.452,6.16193,4,83.3333,35.592
Tfm-P,learned,456,26,600,10,1,10,val,1,0.576447,0.25,0,2966,1297,0.437289,2785,570,0.204668,10.5305,8,0.3,0.501413,2403,1514,889,0.630046,10.668,5.4117,4,83.3333,35.592
Tfm-P,learned,456,26,600,10,1,10,val,1,0.605811,0.25,0,2966,1040,0.350641,2785,434,0.155835,9.97394,7.6,0.3,0.503225,1804,1311,493,0.726718,5.916,4.72414,3,83.3333,35.592
Tfm-P,learned,456,26,600,10,1,10,val,1,0.632832,0.25,0,2966,805,0.271409,2785,290,0.104129,9.02807,7.1,0.4,0.495255,1291,1032,259,0.79938,3.108,4.139,3,83.3333,35.592
Tfm-P,learned,456,26,600,10,1,10,val,1,0.659607,0.25,0,2966,583,0.196561,2785,163,0.0585278,7.52196,5.5,0.3,0.479795,858,742,116,0.864802,1.392,3.75,2,83.3333,35.592
Tfm-P,learned,456,26,600,10,1,10,val,1,0.690347,0.25,0,2966,338,0.113958,2785,72,0.0258528,6.15533,4.35,0.2,0.477025,445,411,34,0.923596,0.408,4.32353,3,83.3333,35.592
Tfm-P,learned,456,26,600,10,1,10,val,1,0.739152,0.25,0,2966,111,0.0374241,2785,10,0.00359066,4.13423,2.6,0,0.521798,135,130,5,0.962963,0.06,4.6,5,83.3333,35.592
Tfm-P,learned,456,26,600,10,1,10,test,1,0.149198,0.25,0.15,3530,3516,0.996034,3389,3369,0.994099,27.2745,29.4,20.7,0.985395,37803,3492,34311,0.0923736,411.732,34.4501,34,83.3333,42.36
Tfm-P,learned,456,26,600,10,1,10,test,1,0.253572,0.25,0.15,3530,3472,0.983569,3389,3301,0.974034,26.2761,29.2,17.51,0.951548,25425,3449,21976,0.135654,263.712,25.0569,24,83.3333,42.36
Tfm-P,learned,456,26,600,10,1,10,test,1,0.314787,0.25,0.15,3530,3392,0.960907,3389,3163,0.933314,25.0139,28.05,14.2,0.909485,20404,3377,17027,0.165507,204.324,22.2487,22,83.3333,42.36
Tfm-P,learned,456,26,600,10,1,10,test,1,0.353447,0.25,0.15,3530,3316,0.939377,3389,3027,0.893184,23.8427,26.5,11.1,0.870436,17373,3313,14060,0.190698,168.72,20.8218,20,83.3333,42.36
Tfm-P,learned,456,26,600,10,1,10,test,1,0.379881,0.25,0.15,3530,3251,0.920963,3389,2906,0.85748,22.7633,25.2,9.4,0.834438,15466,3249,12217,0.210074,146.604,19.742,19,83.3333,42.36
Tfm-P,learned,456,26,600,10,1,10,test,1,0.40088,0.25,0.15,3530,3161,0.895467,3389,2741,0.808793,21.7293,24.1,7.6,0.80036,13788,3165,10623,0.229547,127.476,18.8965,18,83.3333,42.36
Tfm-P,learned,456,26,600,10,1,10,test,1,0.418077,0.25,0.15,3530,3069,0.869405,3389,2594,0.765418,20.7408,23.2,5.9,0.768101,12341,3077,9264,0.249331,111.168,18.0691,17,83.3333,42.36
Tfm-P,learned,456,26,600,10,1,10,test,1,0.433699,0.25,0.15,3530,2993,0.847875,3389,2431,0.717321,19.6283,22.2,4.4,0.731064,11010,2999,8011,0.272389,96.132,17.3123,16,83.3333,42.36
Tfm-P,learned,456,26,600,10,1,10,test,1,0.448442,0.25,0.15,3530,2890,0.818697,3389,2254,0.665093,18.4257,21.2,3.2,0.69156,9713,2897,6816,0.29826,81.792,16.5317,15,83.3333,42.36
Tfm-P,learned,456,26,600,10,1,10,test,1,0.462791,0.25,0.15,3530,2768,0.784136,3389,2033,0.599882,17.2735,20.2,2.4,0.654537,8449,2777,5672,0.328678,68.064,15.9307,14,83.3333,42.36
Tfm-P,learned,456,26,600,10,1,10,test,1,0.477029,0.25,0.15,3530,2639,0.747592,3389,1789,0.527884,15.9477,18.3,1.8,0.611458,7252,2649,4603,0.365279,55.236,15.2952,14,83.3333,42.36
Tfm-P,learned,456,26,600,10,1,10,test,1,0.487564,0.25,0.15,3530,2549,0.722096,3389,1639,0.483623,15.0734,16,1.3,0.583401,6466,2563,3903,0.396381,46.836,14.7205,13,83.3333,42.36
Tfm-P,learned,456,26,600,10,1,10,test,1,0.491778,0.25,0.15,3530,2501,0.708499,3389,1566,0.462083,14.7586,15.2,1.3,0.573908,6148,2516,3632,0.409239,43.584,14.4394,12,83.3333,42.36
Tfm-P,learned,456,26,600,10,1,10,test,1,0.50713,0.25,0.15,3530,2314,0.655524,3389,1318,0.388905,13.5248,12.3,1,0.536467,5052,2322,2730,0.45962,32.76,13.859,12,83.3333,42.36
Tfm-P,learned,456,26,600,10,1,10,test,1,0.52533,0.25,0.15,3530,2101,0.595184,3389,1083,0.319563,12.3316,10.4,0.7,0.501526,4072,2107,1965,0.517436,23.58,13.374,11,83.3333,42.36
Tfm-P,learned,456,26,600,10,1,10,test,1,0.548187,0.25,0.15,3530,1861,0.527195,3389,865,0.255238,11.2274,8.8,0.5,0.472547,3167,1865,1302,0.588885,15.624,12.5,10,83.3333,42.36
Tfm-P,learned,456,26,600,10,1,10,test,1,0.576447,0.25,0.15,3530,1524,0.431728,3389,683,0.201534,10.7654,8.3,0.4,0.472747,2322,1525,797,0.656761,9.564,11.7578,9,83.3333,42.36
Tfm-P,learned,456,26,600,10,1,10,test,1,0.605811,0.25,0.15,3530,1193,0.33796,3389,503,0.148421,10.1593,7.9,0.4,0.469488,1600,1193,407,0.745625,4.884,11.2752,9,83.3333,42.36
Tfm-P,learned,456,26,600,10,1,10,test,1,0.632832,0.25,0.15,3530,915,0.259207,3389,344,0.101505,9.06667,6.8,0.5,0.453002,1122,913,209,0.813725,2.508,10.622,9,83.3333,42.36
Tfm-P,learned,456,26,600,10,1,10,test,1,0.659607,0.25,0.15,3530,601,0.170255,3389,179,0.0528179,7.66572,5.3,0.4,0.434948,697,601,96,0.862267,1.152,10.1354,8,83.3333,42.36
Tfm-P,learned,456,26,600,10,1,10,test,1,0.690347,0.25,0.15,3530,334,0.0946176,3389,59,0.0174093,6.12934,4.35,0.2,0.427901,362,334,28,0.922652,0.336,8.35714,7,83.3333,42.36
Tfm-P,learned,456,26,600,10,1,10,test,1,0.739152,0.25,0.15,3530,84,0.023796,3389,3,0.000885217,3.66905,2.4,0.23,0.475017,87,84,3,0.965517,0.036,5.66667,6,83.3333,42.36
Tfm-P,learned,456,26,600,10,1,10,val,1,0.149198,0.25,0.15,2966,2959,0.99764,2785,2775,0.996409,26.5503,29.4,16.78,0.982907,32886,2943,29943,0.089491,359.316,35.0322,36,83.3333,35.592
Tfm-P,learned,456,26,600,10,1,10,val,1,0.253572,0.25,0.15,2966,2908,0.980445,2785,2687,0.964811,25.4153,29.1,12.6,0.944917,21904,2897,19007,0.132259,228.084,24.6246,24,83.3333,35.592
Tfm-P,learned,456,26,600,10,1,10,val,1,0.314787,0.25,0.15,2966,2861,0.964599,2785,2581,0.92675,24.0605,27.5,10.1,0.898889,17423,2858,14565,0.164036,174.78,21.669,21,83.3333,35.592
Tfm-P,learned,456,26,600,10,1,10,val,1,0.353447,0.25,0.15,2966,2774,0.935266,2785,2446,0.878276,22.9295,25.9,8.33,0.86185,14733,2778,11955,0.188556,143.46,20.194,20,83.3333,35.592
Tfm-P,learned,456,26,600,10,1,10,val,1,0.379881,0.25,0.15,2966,2682,0.904248,2785,2299,0.825494,21.8867,24.6,6.9,0.828324,12770,2686,10084,0.210337,121.008,19.319,19,83.3333,35.592
Tfm-P,learned,456,26,600,10,1,10,val,1,0.40088,0.25,0.15,2966,2606,0.878624,2785,2171,0.779533,20.8145,23.5,5.5,0.793395,11345,2611,8734,0.230145,104.808,18.4148,18,83.3333,35.592
Tfm-P,learned,456,26,600,10,1,10,val,1,0.418077,0.25,0.15,2966,2549,0.859407,2785,2069,0.742908,19.8169,22.6,4.48,0.760327,10117,2554,7563,0.252446,90.756,17.7697,17,83.3333,35.592
Tfm-P,learned,456,26,600,10,1,10,val,1,0.433699,0.25,0.15,2966,2452,0.826703,2785,1912,0.686535,18.7174,21.6,3.5,0.725305,8879,2452,6427,0.276157,77.124,17.1654,16,83.3333,35.592
Tfm-P,learned,456,26,600,10,1,10,val,1,0.448442,0.25,0.15,2966,2373,0.800067,2785,1763,0.633034,17.6277,20.7,2.6,0.690492,7789,2378,5411,0.305302,64.932,16.5236,15,83.3333,35.592
Tfm-P,learned,456,26,600,10,1,10,val,1,0.462791,0.25,0.15,2966,2288,0.771409,2785,1597,0.573429,16.3648,19.35,1.9,0.650049,6751,2293,4458,0.339653,53.496,15.8988,15,83.3333,35.592
Tfm-P,learned,456,26,600,10,1,10,val,1,0.477029,0.25,0.15,2966,2178,0.734322,2785,1407,0.505206,15.1316,16.85,1.4,0.612004,5842,2182,3660,0.373502,43.92,15.2609,14,83.3333,35.592
Tfm-P,learned,456,26,600,10,1,10,val,1,0.487564,0.25,0.15,2966,2086,0.703304,2785,1269,0.455655,14.2013,14,1.2,0.583426,5182,2091,3091,0.403512,37.092,14.8204,13,83.3333,35.592
Tfm-P,learned,456,26,600,10,1,10,val,1,0.491778,0.25,0.15,2966,2052,0.691841,2785,1222,0.438779,13.984,13.4,1.11,0.577339,4938,2058,2880,0.416768,34.56,14.7354,13,83.3333,35.592
Tfm-P,learned,456,26,600,10,1,10,val,1,0.50713,0.25,0.15,2966,1936,0.652731,2785,1046,0.375583,12.7943,11.2,0.8,0.540969,4157,1943,2214,0.467404,26.568,14.0397,12,83.3333,35.592
Tfm-P,learned,456,26,600,10,1,10,val,1,0.52533,0.25,0.15,2966,1785,0.601821,2785,885,0.317774,11.8085,9.7,0.5,0.513856,3436,1794,1642,0.522119,19.704,13.2333,11,83.3333,35.592
Tfm-P,learned,456,26,600,10,1,10,val,1,0.548187,0.25,0.15,2966,1563,0.526972,2785,728,0.2614,11.0392,8.7,0.3,0.499627,2664,1570,1094,0.589339,13.128,12.7221,10,83.3333,35.592
Tfm-P,learned,456,26,600,10,1,10,val,1,0.576447,0.25,0.15,2966,1303,0.439312,2785,577,0.207181,10.6524,8.1,0.3,0.504886,2007,1311,696,0.653214,8.352,11.8994,10,83.3333,35.592
Tfm-P,learned,456,26,600,10,1,10,val,1,0.605811,0.25,0.15,2966,1045,0.352326,2785,439,0.15763,10.0674,7.8,0.3,0.505602,1432,1049,383,0.732542,4.596,10.953,8,83.3333,35.592
Tfm-P,learned,456,26,600,10,1,10,val,1,0.632832,0.25,0.15,2966,808,0.272421,2785,293,0.105206,9.10384,7.2,0.4,0.497129,1017,810,207,0.79646,2.484,10.372,8,83.3333,35.592
Tfm-P,learned,456,26,600,10,1,10,val,1,0.659607,0.25,0.15,2966,586,0.197572,2785,166,0.059605,7.63413,5.5,0.3,0.482459,686,586,100,0.854227,1.2,8.93,6,83.3333,35.592
Tfm-P,learned,456,26,600,10,1,10,val,1,0.690347,0.25,0.15,2966,338,0.113958,2785,72,0.0258528,6.15828,4.35,0.2,0.477127,366,338,28,0.923497,0.336,9.53571,6,83.3333,35.592
Tfm-P,learned,456,26,600,10,1,10,val,1,0.739152,0.25,0.15,2966,111,0.0374241,2785,10,0.00359066,4.13423,2.6,0,0.521798,116,111,5,0.956897,0.06,10.4,8,83.3333,35.592
VO,rule,42,,600,10,1,10,test,1,0.5,1,0,3530,1783,0.505099,3389,762,0.224845,10.3688,7.4,0.3,0.409841,9502,4201,5301,0.442117,63.612,1.15299,1,83.3333,42.36
VO,rule,42,,600,10,1,10,val,1,0.5,1,0,2966,1484,0.500337,2785,622,0.223339,10.0974,7.2,0.2,0.4176,7814,3608,4206,0.461735,50.472,1.1505,1,83.3333,35.592
